{
"type": "FeatureCollection",
"name": "oaxaca_municipios",
"crs": { "type": "name", "properties": { "name": "urn:ogc:def:crs:OGC:1.3:CRS84" } },
"features": [
{ "type": "Feature", "properties": { "cvegeo": "20001", "municipio_inegi": "Abejones", "clave": "abejones", "region": "Sierra Juárez", "sin_dato_siap": false }, "geometry": { "type": "Polygon", "coordinates": [ [ [ -96.6209, 17.5621 ], [ -96.6094, 17.5415 ], [ -96.6115, 17.528 ], [ -96.605, 17.5268 ], [ -96.5982, 17.5117 ], [ -96.601, 17.4997 ], [ -96.5856, 17.483 ], [ -96.5881, 17.4753 ], [ -96.5821, 17.4643 ], [ -96.585, 17.4564 ], [ -96.5715, 17.4539 ], [ -96.5769, 17.4489 ], [ -96.5808, 17.4505 ], [ -96.5828, 17.4416 ], [ -96.5727, 17.4357 ], [ -96.5718, 17.4129 ], [ -96.6101, 17.4129 ], [ -96.6449, 17.427 ], [ -96.6342, 17.4372 ], [ -96.6415, 17.4445 ], [ -96.6409, 17.461 ], [ -96.655, 17.4677 ], [ -96.6618, 17.4756 ], [ -96.6493, 17.4876 ], [ -96.6453, 17.4987 ], [ -96.6349, 17.5065 ], [ -96.6565, 17.5064 ], [ -96.6721, 17.4875 ], [ -96.7081, 17.4922 ], [ -96.7155, 17.5023 ], [ -96.6967, 17.5313 ], [ -96.6688, 17.5466 ], [ -96.6586, 17.5565 ], [ -96.6453, 17.563 ], [ -96.6345, 17.5615 ], [ -96.6197, 17.567 ], [ -96.6209, 17.5621 ] ] ] } },
{ "type": "Feature", "properties": { "cvegeo": "20002", "municipio_inegi": "Acatlán de Pérez Figueroa", "clave": "acatlan de perez figueroa", "region": "Papaloapan", "sin_dato_siap": false }, "geometry": { "type": "Polygon", "coordinates": [ [ [ -96.5813, 18.6017 ], [ -96.5609, 18.5877 ], [ -96.5413, 18.5883 ], [ -96.5373, 18.584 ], [ -96.5255, 18.5878 ], [ -96.5175, 18.5816 ], [ -96.5105, 18.5843 ], [ -96.5088, 18.5895 ], [ -96.4997, 18.5895 ], [ -96.4887, 18.5812 ], [ -96.4773, 18.5799 ], [ -96.4733, 18.5733 ], [ -96.4573, 18.5704 ], [ -96.4511, 18.5571 ], [ -96.455, 18.5493 ], [ -96.4471, 18.5367 ], [ -96.4375, 18.5318 ], [ -96.4208, 18.5105 ], [ -96.4235, 18.5018 ], [ -96.4166, 18.4993 ], [ -96.4112, 18.4769 ], [ -96.4182, 18.4761 ], [ -96.418, 18.4705 ], [ -96.4124, 18.4648 ], [ -96.4046, 18.4678 ], [ -96.4013, 18.4598 ], [ -96.4036, 18.4463 ], [ -96.4001, 18.4442 ], [ -96.403, 18.4399 ], [ -96.3933, 18.4371 ], [ -96.3893, 18.4405 ], [ -96.3918, 18.4367 ], [ -96.3883, 18.4348 ], [ -96.3892, 18.4284 ], [ -96.3852, 18.4293 ], [ -96.3838, 18.4241 ], [ -96.3762, 18.4246 ], [ -96.3742, 18.4174 ], [ -96.3678, 18.4174 ], [ -96.3617, 18.4071 ], [ -96.3563, 18.4117 ], [ -96.3526, 18.4102 ], [ -96.3499, 18.4015 ], [ -96.3446, 18.3985 ], [ -96.3484, 18.3946 ], [ -96.3473, 18.3823 ], [ -96.3395, 18.3756 ], [ -96.331, 18.3792 ], [ -96.3351, 18.3726 ], [ -96.3174, 18.3646 ], [ -96.3196, 18.3583 ], [ -96.3721, 18.3466 ], [ -96.3817, 18.3558 ], [ -96.3824, 18.3646 ], [ -96.386, 18.3653 ], [ -96.3929, 18.3825 ], [ -96.3987, 18.3832 ], [ -96.4049, 18.3781 ], [ -96.411, 18.3812 ], [ -96.4165, 18.3946 ], [ -96.4257, 18.4008 ], [ -96.4282, 18.3977 ], [ -96.437, 18.3979 ], [ -96.4423, 18.3915 ], [ -96.4168, 18.3696 ], [ -96.4226, 18.3635 ], [ -96.4664, 18.3979 ], [ -96.4742, 18.3882 ], [ -96.4209, 18.322 ], [ -96.4367, 18.3146 ], [ -96.4399, 18.3174 ], [ -96.4384, 18.3122 ], [ -96.4469, 18.3004 ], [ -96.476, 18.3331 ], [ -96.5116, 18.3577 ], [ -96.4991, 18.3654 ], [ -96.5118, 18.3756 ], [ -96.5379, 18.385 ], [ -96.5439, 18.3779 ], [ -96.5328, 18.3708 ], [ -96.5444, 18.3686 ], [ -96.5511, 18.3621 ], [ -96.5457, 18.359 ], [ -96.546, 18.3506 ], [ -96.5488, 18.3374 ], [ -96.5531, 18.3332 ], [ -96.5532, 18.3216 ], [ -96.559, 18.3209 ], [ -96.5604, 18.3169 ], [ -96.5646, 18.3251 ], [ -96.5775, 18.3178 ], [ -96.5808, 18.3226 ], [ -96.6018, 18.3311 ], [ -96.6078, 18.337 ], [ -96.6045, 18.341 ], [ -96.6107, 18.3434 ], [ -96.6154, 18.3397 ], [ -96.6295, 18.347 ], [ -96.631, 18.3489 ], [ -96.6155, 18.3425 ], [ -96.6311, 18.3533 ], [ -96.6612, 18.3583 ], [ -96.6686, 18.3509 ], [ -96.6732, 18.3569 ], [ -96.6817, 18.3473 ], [ -96.7016, 18.3526 ], [ -96.7024, 18.3619 ], [ -96.6926, 18.3662 ], [ -96.6918, 18.3808 ], [ -96.6816, 18.3756 ], [ -96.6746, 18.3814 ], [ -96.6763, 18.3856 ], [ -96.6795, 18.3829 ], [ -96.6814, 18.3857 ], [ -96.681, 18.4122 ], [ -96.7091, 18.4257 ], [ -96.7096, 18.4303 ], [ -96.705, 18.432 ], [ -96.709, 18.4324 ], [ -96.7087, 18.4359 ], [ -96.7053, 18.4355 ], [ -96.7072, 18.4489 ], [ -96.7026, 18.4544 ], [ -96.705, 18.457 ], [ -96.6929, 18.4575 ], [ -96.6927, 18.4624 ], [ -96.6882, 18.4627 ], [ -96.6908, 18.4674 ], [ -96.6825, 18.4751 ], [ -96.6831, 18.4819 ], [ -96.6863, 18.4836 ], [ -96.6842, 18.4869 ], [ -96.6876, 18.4866 ], [ -96.6857, 18.4896 ], [ -96.6911, 18.4898 ], [ -96.6824, 18.501 ], [ -96.6754, 18.5037 ], [ -96.6733, 18.4954 ], [ -96.6702, 18.4979 ], [ -96.6618, 18.4912 ], [ -96.6536, 18.4996 ], [ -96.6516, 18.5094 ], [ -96.665, 18.5068 ], [ -96.6716, 18.5154 ], [ -96.6569, 18.5343 ], [ -96.6478, 18.5269 ], [ -96.6417, 18.5311 ], [ -96.6428, 18.5417 ], [ -96.6548, 18.5572 ], [ -96.6567, 18.5669 ], [ -96.6405, 18.5775 ], [ -96.6381, 18.5701 ], [ -96.5942, 18.5892 ], [ -96.5813, 18.6017 ] ] ] } },
{ "type": "Feature", "properties": { "cvegeo": "20380", "municipio_inegi": "Santa Cruz Papalutla", "clave": "santa cruz papalutla", "region": "Valles Centrales", "sin_dato_siap": false }, "geometry": { "type": "Polygon", "coordinates": [ [ [ -96.5702, 16.9706 ], [ -96.5677, 16.9304 ], [ -96.5858, 16.9299 ], [ -96.603, 16.9425 ], [ -96.594, 16.9777 ], [ -96.5702, 16.9706 ] ] ] } },
{ "type": "Feature", "properties": { "cvegeo": "20003", "municipio_inegi": "Asunción Cacalotepec", "clave": "asuncion cacalotepec", "region": "Sierra Juárez", "sin_dato_siap": false }, "geometry": { "type": "Polygon", "coordinates": [ [ [ -95.9404, 17.087 ], [ -95.9109, 17.0654 ], [ -95.902, 17.0632 ], [ -95.891, 17.049 ], [ -95.8816, 17.043 ], [ -95.8852, 17.0336 ], [ -95.9007, 17.0258 ], [ -95.8914, 17.0258 ], [ -95.8728, 17.0157 ], [ -95.8699, 17.0106 ], [ -95.8747, 17.0066 ], [ -95.8713, 17.0025 ], [ -95.8785, 16.9934 ], [ -95.8919, 16.9889 ], [ -95.9039, 16.9954 ], [ -95.9064, 16.9914 ], [ -95.9089, 16.9958 ], [ -95.9318, 17.0002 ], [ -95.9355, 16.9957 ], [ -95.9452, 16.995 ], [ -95.957, 17.001 ], [ -95.9722, 17.0226 ], [ -95.9743, 17.0392 ], [ -95.9629, 17.0664 ], [ -95.9608, 17.083 ], [ -95.9404, 17.087 ] ] ] } },
{ "type": "Feature", "properties": { "cvegeo": "20004", "municipio_inegi": "Asunción Cuyotepeji", "clave": "asuncion cuyotepeji", "region": "Mixteca", "sin_dato_siap": false }, "geometry": { "type": "Polygon", "coordinates": [ [ [ -97.6425, 17.9581 ], [ -97.6335, 17.9548 ], [ -97.6059, 17.9549 ], [ -97.59, 17.9452 ], [ -97.5794, 17.9315 ], [ -97.5688, 17.9282 ], [ -97.5668, 17.9219 ], [ -97.5758, 17.9149 ], [ -97.5739, 17.9109 ], [ -97.5947, 17.9017 ], [ -97.6594, 17.9075 ], [ -97.6972, 17.9063 ], [ -97.7121, 17.9096 ], [ -97.745, 17.948 ], [ -97.7453, 17.9562 ], [ -97.7386, 17.9603 ], [ -97.7072, 17.9467 ], [ -97.675, 17.9493 ], [ -97.6425, 17.9581 ] ] ] } },
{ "type": "Feature", "properties": { "cvegeo": "20005", "municipio_inegi": "Asunción Ixtaltepec", "clave": "asuncion ixtaltepec", "region": "Istmo", "sin_dato_siap": false }, "geometry": { "type": "Polygon", "coordinates": [ [ [ -94.9226, 16.8548 ], [ -94.8954, 16.8275 ], [ -94.886, 16.8356 ], [ -94.8714, 16.8155 ], [ -94.8684, 16.8173 ], [ -94.8667, 16.8123 ], [ -94.8628, 16.8138 ], [ -94.8543, 16.8081 ], [ -94.8498, 16.7943 ], [ -94.8436, 16.8024 ], [ -94.8434, 16.8102 ], [ -94.8346, 16.8145 ], [ -94.828, 16.8056 ], [ -94.8177, 16.8042 ], [ -94.8161, 16.7933 ], [ -94.8074, 16.7851 ], [ -94.8112, 16.7728 ], [ -94.8215, 16.7708 ], [ -94.8354, 16.7486 ], [ -94.8225, 16.7258 ], [ -94.827, 16.7053 ], [ -94.8115, 16.6885 ], [ -94.8136, 16.6704 ], [ -94.8299, 16.6707 ], [ -94.849, 16.6312 ], [ -94.8343, 16.619 ], [ -94.8575, 16.6163 ], [ -94.8766, 16.6093 ], [ -94.8764, 16.5764 ], [ -94.8861, 16.5819 ], [ -94.8948, 16.5803 ], [ -94.9186, 16.5914 ], [ -94.9296, 16.5785 ], [ -94.9531, 16.5827 ], [ -94.9536, 16.5708 ], [ -94.9696, 16.5683 ], [ -94.9744, 16.5622 ], [ -94.9761, 16.5545 ], [ -94.9694, 16.546 ], [ -94.9692, 16.5386 ], [ -94.9797, 16.5292 ], [ -94.9766, 16.5237 ], [ -94.981, 16.5211 ], [ -94.9818, 16.5132 ], [ -95.0072, 16.5128 ], [ -95.0223, 16.4999 ], [ -95.062, 16.4879 ], [ -95.0832, 16.4407 ], [ -95.0827, 16.4337 ], [ -95.1198, 16.4339 ], [ -95.1198, 16.4678 ], [ -95.1122, 16.4678 ], [ -95.1283, 16.4847 ], [ -95.1627, 16.4998 ], [ -95.1785, 16.5009 ], [ -95.183, 16.5138 ], [ -95.1775, 16.5277 ], [ -95.1826, 16.5388 ], [ -95.2023, 16.5365 ], [ -95.1915, 16.5528 ], [ -95.166, 16.5512 ], [ -95.1596, 16.5489 ], [ -95.1563, 16.5192 ], [ -95.1199, 16.5175 ], [ -95.0881, 16.5291 ], [ -95.0697, 16.5286 ], [ -95.0277, 16.5717 ], [ -95.0007, 16.6239 ], [ -95.0008, 16.6317 ], [ -95.015, 16.6413 ], [ -95.0178, 16.6489 ], [ -95.0107, 16.6673 ], [ -94.9996, 16.6666 ], [ -95.001, 16.6813 ], [ -95.0095, 16.6814 ], [ -95.0104, 16.6864 ], [ -95.0177, 16.6923 ], [ -95.044, 16.7074 ], [ -95.0157, 16.7235 ], [ -94.9982, 16.7525 ], [ -95.0186, 16.7737 ], [ -94.9226, 16.8548 ] ] ] } },
{ "type": "Feature", "properties": { "cvegeo": "20006", "municipio_inegi": "Asunción Nochixtlán", "clave": "asuncion nochixtlan", "region": "Mixteca", "sin_dato_siap": false }, "geometry": { "type": "MultiPolygon", "coordinates": [ [ [ [ -97.2596, 17.21 ], [ -97.2375, 17.205 ], [ -97.2364, 17.1925 ], [ -97.232, 17.1895 ], [ -97.2343, 17.1861 ], [ -97.2306, 17.1838 ], [ -97.2421, 17.1736 ], [ -97.2676, 17.1881 ], [ -97.2788, 17.1875 ], [ -97.287, 17.2035 ], [ -97.2834, 17.2075 ], [ -97.2874, 17.2192 ], [ -97.2792, 17.2304 ], [ -97.2821, 17.2305 ], [ -97.2534, 17.2309 ], [ -97.2596, 17.21 ] ] ], [ [ [ -97.1786, 17.5873 ], [ -97.1615, 17.5888 ], [ -97.1396, 17.5615 ], [ -97.1313, 17.5791 ], [ -97.0973, 17.5737 ], [ -97.0686, 17.5825 ], [ -97.0881, 17.5247 ], [ -97.1095, 17.5246 ], [ -97.1334, 17.5519 ], [ -97.1367, 17.5463 ], [ -97.1492, 17.5508 ], [ -97.167, 17.5384 ], [ -97.1695, 17.54 ], [ -97.1818, 17.5136 ], [ -97.183, 17.508 ], [ -97.1777, 17.5065 ], [ -97.1704, 17.4787 ], [ -97.1535, 17.4819 ], [ -97.1468, 17.4807 ], [ -97.143, 17.4727 ], [ -97.1302, 17.4721 ], [ -97.112, 17.4535 ], [ -97.1037, 17.4351 ], [ -97.0798, 17.4321 ], [ -97.0686, 17.4269 ], [ -97.0603, 17.4281 ], [ -97.0558, 17.4238 ], [ -97.0491, 17.4337 ], [ -97.0221, 17.4528 ], [ -97.0291, 17.4663 ], [ -97.0338, 17.4674 ], [ -97.0323, 17.481 ], [ -97.0053, 17.4839 ], [ -97.0025, 17.4758 ], [ -96.9987, 17.444 ], [ -97.021, 17.4494 ], [ -97.021, 17.4412 ], [ -97.0438, 17.4201 ], [ -97.0906, 17.4198 ], [ -97.1054, 17.4318 ], [ -97.1443, 17.4014 ], [ -97.1271, 17.3891 ], [ -97.0903, 17.376 ], [ -97.083, 17.3769 ], [ -97.0858, 17.362 ], [ -97.0944, 17.3514 ], [ -97.0921, 17.3457 ], [ -97.1052, 17.3273 ], [ -97.1057, 17.3131 ], [ -97.1317, 17.3255 ], [ -97.156, 17.3305 ], [ -97.1609, 17.3777 ], [ -97.1679, 17.3761 ], [ -97.1695, 17.3833 ], [ -97.1922, 17.3733 ], [ -97.1993, 17.3756 ], [ -97.2119, 17.4194 ], [ -97.2253, 17.4202 ], [ -97.2303, 17.4245 ], [ -97.2286, 17.4277 ], [ -97.2363, 17.4309 ], [ -97.234, 17.4265 ], [ -97.2568, 17.4491 ], [ -97.2602, 17.4989 ], [ -97.2499, 17.5078 ], [ -97.256, 17.511 ], [ -97.2557, 17.5291 ], [ -97.2325, 17.5446 ], [ -97.1998, 17.5788 ], [ -97.1984, 17.5916 ], [ -97.1786, 17.5873 ] ] ] ] } },
{ "type": "Feature", "properties": { "cvegeo": "20007", "municipio_inegi": "Asunción Ocotlán", "clave": "asuncion ocotlan", "region": "Valles Centrales", "sin_dato_siap": false }, "geometry": { "type": "Polygon", "coordinates": [ [ [ -96.7343, 16.7726 ], [ -96.7129, 16.7657 ], [ -96.7124, 16.7558 ], [ -96.7151, 16.753 ], [ -96.7183, 16.7549 ], [ -96.7196, 16.7509 ], [ -96.7405, 16.7626 ], [ -96.7382, 16.771 ], [ -96.7343, 16.7726 ] ] ] } },
{ "type": "Feature", "properties": { "cvegeo": "20008", "municipio_inegi": "Asunción Tlacolulita", "clave": "asuncion tlacolulita", "region": "Istmo", "sin_dato_siap": false }, "geometry": { "type": "Polygon", "coordinates": [ [ [ -95.6953, 16.3363 ], [ -95.7163, 16.2809 ], [ -95.7371, 16.2861 ], [ -95.7446, 16.281 ], [ -95.7557, 16.281 ], [ -95.7682, 16.2698 ], [ -95.784, 16.2672 ], [ -95.7808, 16.2637 ], [ -95.7855, 16.2607 ], [ -95.7711, 16.2533 ], [ -95.7633, 16.2547 ], [ -95.7626, 16.2499 ], [ -95.7699, 16.2454 ], [ -95.7561, 16.2324 ], [ -95.7446, 16.2306 ], [ -95.7431, 16.213 ], [ -95.7382, 16.2062 ], [ -95.7307, 16.2033 ], [ -95.7318, 16.1975 ], [ -95.7374, 16.1991 ], [ -95.735, 16.1878 ], [ -95.7538, 16.1949 ], [ -95.7582, 16.1932 ], [ -95.748, 16.1773 ], [ -95.7526, 16.1638 ], [ -95.7456, 16.1557 ], [ -95.7298, 16.117 ], [ -95.7235, 16.1118 ], [ -95.7351, 16.0784 ], [ -95.7643, 16.082 ], [ -95.8052, 16.1494 ], [ -95.8058, 16.1756 ], [ -95.8018, 16.1823 ], [ -95.7916, 16.1873 ], [ -95.7941, 16.1955 ], [ -95.7871, 16.2088 ], [ -95.7878, 16.2117 ], [ -95.7921, 16.2109 ], [ -95.793, 16.2159 ], [ -95.7971, 16.2094 ], [ -95.8083, 16.2123 ], [ -95.8121, 16.2509 ], [ -95.8046, 16.2725 ], [ -95.7954, 16.2796 ], [ -95.8282, 16.3145 ], [ -95.7627, 16.3424 ], [ -95.6953, 16.3363 ] ] ] } },
{ "type": "Feature", "properties": { "cvegeo": "20009", "municipio_inegi": "Ayotzintepec", "clave": "ayotzintepec", "region": "Papaloapan", "sin_dato_siap": false }, "geometry": { "type": "Polygon", "coordinates": [ [ [ -96.0928, 17.731 ], [ -96.1079, 17.7311 ], [ -96.1163, 17.725 ], [ -96.1152, 17.7153 ], [ -96.1024, 17.7033 ], [ -96.1093, 17.6712 ], [ -96.136, 17.6614 ], [ -96.1654, 17.6645 ], [ -96.248, 17.6496 ], [ -96.2524, 17.6564 ], [ -96.2596, 17.6543 ], [ -96.2867, 17.6573 ], [ -96.292, 17.6611 ], [ -96.2866, 17.6741 ], [ -96.294, 17.6742 ], [ -96.2922, 17.6853 ], [ -96.2866, 17.687 ], [ -96.2856, 17.6936 ], [ -96.2776, 17.6978 ], [ -96.2731, 17.7088 ], [ -96.2676, 17.7111 ], [ -96.2666, 17.7008 ], [ -96.2537, 17.6912 ], [ -96.249, 17.6952 ], [ -96.2297, 17.6851 ], [ -96.2288, 17.6884 ], [ -96.2191, 17.6868 ], [ -96.217, 17.681 ], [ -96.2097, 17.6856 ], [ -96.1889, 17.6839 ], [ -96.1811, 17.6867 ], [ -96.1685, 17.7241 ], [ -96.1792, 17.7388 ], [ -96.1654, 17.753 ], [ -96.1673, 17.7615 ], [ -96.1622, 17.7666 ], [ -96.1707, 17.7754 ], [ -96.1669, 17.7946 ], [ -96.1144, 17.8021 ], [ -96.0952, 17.7812 ], [ -96.0896, 17.7636 ], [ -96.0963, 17.7506 ], [ -96.0882, 17.7424 ], [ -96.0928, 17.731 ] ] ] } },
{ "type": "Feature", "properties": { "cvegeo": "20010", "municipio_inegi": "El Barrio de la Soledad", "clave": "el barrio de la soledad", "region": "Istmo", "sin_dato_siap": false }, "geometry": { "type": "Polygon", "coordinates": [ [ [ -94.898, 16.8979 ], [ -94.8879, 16.8905 ], [ -94.892, 16.8839 ], [ -94.8893, 16.8797 ], [ -94.8956, 16.8819 ], [ -94.9013, 16.8732 ], [ -94.8957, 16.8651 ], [ -94.9017, 16.8595 ], [ -94.9026, 16.8501 ], [ -94.8954, 16.8476 ], [ -94.886, 16.8356 ], [ -94.8954, 16.8275 ], [ -94.9226, 16.8548 ], [ -95.0186, 16.7737 ], [ -94.9982, 16.7525 ], [ -95.0137, 16.726 ], [ -95.0219, 16.719 ], [ -95.0438, 16.7051 ], [ -95.0897, 16.71 ], [ -95.1226, 16.7175 ], [ -95.1452, 16.7093 ], [ -95.1622, 16.7112 ], [ -95.1455, 16.7582 ], [ -95.1509, 16.7629 ], [ -95.1597, 16.7603 ], [ -95.1679, 16.7662 ], [ -95.168, 16.7723 ], [ -95.1749, 16.7737 ], [ -95.1539, 16.7753 ], [ -95.1354, 16.7924 ], [ -95.1321, 16.8084 ], [ -95.1233, 16.8016 ], [ -95.1149, 16.8067 ], [ -95.1132, 16.8117 ], [ -95.0964, 16.8204 ], [ -95.0926, 16.8177 ], [ -95.096, 16.8111 ], [ -95.0795, 16.8158 ], [ -95.0622, 16.8146 ], [ -95.0444, 16.8442 ], [ -95.0287, 16.8503 ], [ -95.0257, 16.8571 ], [ -95.0172, 16.848 ], [ -94.9948, 16.8499 ], [ -94.9853, 16.8611 ], [ -94.9825, 16.8574 ], [ -94.9714, 16.86 ], [ -94.9722, 16.8703 ], [ -94.9576, 16.8675 ], [ -94.9479, 16.877 ], [ -94.9325, 16.8773 ], [ -94.9372, 16.8896 ], [ -94.9229, 16.8866 ], [ -94.9177, 16.8788 ], [ -94.9034, 16.8972 ], [ -94.898, 16.8979 ] ] ] } },
{ "type": "Feature", "properties": { "cvegeo": "20011", "municipio_inegi": "Calihualá", "clave": "calihuala", "region": "Mixteca", "sin_dato_siap": false }, "geometry": { "type": "Polygon", "coordinates": [ [ [ -98.2578, 17.6049 ], [ -98.2403, 17.5898 ], [ -98.2391, 17.5779 ], [ -98.2344, 17.5789 ], [ -98.2428, 17.5685 ], [ -98.2371, 17.5633 ], [ -98.2316, 17.5659 ], [ -98.2209, 17.5522 ], [ -98.2043, 17.5424 ], [ -98.2129, 17.5027 ], [ -98.2338, 17.5038 ], [ -98.2685, 17.5193 ], [ -98.277, 17.5153 ], [ -98.311, 17.5139 ], [ -98.3193, 17.5315 ], [ -98.3001, 17.5268 ], [ -98.292, 17.5333 ], [ -98.2833, 17.5335 ], [ -98.2827, 17.5442 ], [ -98.279, 17.5471 ], [ -98.2846, 17.5704 ], [ -98.2796, 17.5715 ], [ -98.2873, 17.5806 ], [ -98.2764, 17.5991 ], [ -98.2664, 17.5998 ], [ -98.2583, 17.5893 ], [ -98.257, 17.5936 ], [ -98.2617, 17.5986 ], [ -98.2552, 17.5988 ], [ -98.2578, 17.6049 ] ] ] } },
{ "type": "Feature", "properties": { "cvegeo": "20012", "municipio_inegi": "Candelaria Loxicha", "clave": "candelaria loxicha", "region": "Costa", "sin_dato_siap": false }, "geometry": { "type": "Polygon", "coordinates": [ [ [ -96.5104, 16.0016 ], [ -96.5116, 15.998 ], [ -96.5072, 16.0021 ], [ -96.5063, 15.9973 ], [ -96.4965, 15.9957 ], [ -96.4941, 15.9877 ], [ -96.4876, 15.9903 ], [ -96.48, 15.983 ], [ -96.4795, 15.9871 ], [ -96.4733, 15.9867 ], [ -96.4714, 15.9771 ], [ -96.4679, 15.9755 ], [ -96.4707, 15.9725 ], [ -96.4685, 15.9667 ], [ -96.4562, 15.9637 ], [ -96.4672, 15.9609 ], [ -96.4739, 15.9367 ], [ -96.4805, 15.9298 ], [ -96.487, 15.931 ], [ -96.4866, 15.926 ], [ -96.4919, 15.9231 ], [ -96.494, 15.905 ], [ -96.4873, 15.8972 ], [ -96.4902, 15.8811 ], [ -96.4833, 15.8597 ], [ -96.4904, 15.848 ], [ -96.4894, 15.8399 ], [ -96.5043, 15.8199 ], [ -96.5663, 15.7964 ], [ -96.5757, 15.8169 ], [ -96.5736, 15.8213 ], [ -96.5884, 15.8376 ], [ -96.5873, 15.8436 ], [ -96.5839, 15.8444 ], [ -96.5831, 15.8549 ], [ -96.5878, 15.8575 ], [ -96.5802, 15.8851 ], [ -96.5838, 15.9018 ], [ -96.5892, 15.905 ], [ -96.5815, 15.9083 ], [ -96.5732, 15.9206 ], [ -96.5605, 15.9152 ], [ -96.5545, 15.9179 ], [ -96.5558, 15.9235 ], [ -96.5504, 15.9227 ], [ -96.5388, 15.935 ], [ -96.5415, 15.9377 ], [ -96.5374, 15.9451 ], [ -96.5387, 15.9591 ], [ -96.5425, 15.9622 ], [ -96.539, 15.9708 ], [ -96.5488, 15.9776 ], [ -96.5466, 16.0 ], [ -96.5343, 15.9948 ], [ -96.5245, 16.0024 ], [ -96.5104, 16.0016 ] ] ] } },
{ "type": "Feature", "properties": { "cvegeo": "20014", "municipio_inegi": "Ciudad Ixtepec", "clave": "ciudad ixtepec", "region": "Istmo", "sin_dato_siap": false }, "geometry": { "type": "Polygon", "coordinates": [ [ [ -95.0438, 16.7051 ], [ -95.0177, 16.6923 ], [ -95.0104, 16.6864 ], [ -95.0095, 16.6814 ], [ -95.001, 16.6813 ], [ -94.9996, 16.6666 ], [ -95.0107, 16.6673 ], [ -95.0178, 16.6489 ], [ -95.015, 16.6413 ], [ -95.0008, 16.6317 ], [ -95.0007, 16.6239 ], [ -95.0162, 16.597 ], [ -95.0214, 16.5806 ], [ -95.0599, 16.5356 ], [ -95.0697, 16.5286 ], [ -95.0881, 16.5291 ], [ -95.1199, 16.5175 ], [ -95.1563, 16.5192 ], [ -95.1594, 16.568 ], [ -95.1462, 16.5649 ], [ -95.141, 16.5877 ], [ -95.1382, 16.591 ], [ -95.1322, 16.5892 ], [ -95.1333, 16.5943 ], [ -95.1391, 16.5946 ], [ -95.1515, 16.6087 ], [ -95.1544, 16.6576 ], [ -95.1644, 16.6543 ], [ -95.1693, 16.6949 ], [ -95.1622, 16.7112 ], [ -95.1452, 16.7093 ], [ -95.1226, 16.7175 ], [ -95.0897, 16.71 ], [ -95.0438, 16.7051 ] ] ] } },
{ "type": "Feature", "properties": { "cvegeo": "20015", "municipio_inegi": "Coatecas Altas", "clave": "coatecas altas", "region": "Valles Centrales", "sin_dato_siap": false }, "geometry": { "type": "Polygon", "coordinates": [ [ [ -96.6681, 16.5924 ], [ -96.6603, 16.5783 ], [ -96.6433, 16.5635 ], [ -96.6472, 16.5468 ], [ -96.639, 16.554 ], [ -96.6313, 16.5513 ], [ -96.6217, 16.5566 ], [ -96.6221, 16.546 ], [ -96.6112, 16.5355 ], [ -96.6137, 16.5267 ], [ -96.5742, 16.5291 ], [ -96.5612, 16.5206 ], [ -96.5603, 16.5026 ], [ -96.5736, 16.4943 ], [ -96.5661, 16.4917 ], [ -96.5587, 16.4786 ], [ -96.5863, 16.4771 ], [ -96.5914, 16.473 ], [ -96.5895, 16.4695 ], [ -96.6053, 16.4593 ], [ -96.6119, 16.4637 ], [ -96.6112, 16.4692 ], [ -96.6145, 16.4706 ], [ -96.6106, 16.4699 ], [ -96.6105, 16.4709 ], [ -96.6282, 16.4724 ], [ -96.6335, 16.456 ], [ -96.635, 16.4617 ], [ -96.6435, 16.4688 ], [ -96.6611, 16.4726 ], [ -96.6598, 16.4881 ], [ -96.6741, 16.4844 ], [ -96.6754, 16.4813 ], [ -96.71, 16.5009 ], [ -96.7109, 16.5043 ], [ -96.6977, 16.5093 ], [ -96.6963, 16.5182 ], [ -96.6831, 16.5353 ], [ -96.6871, 16.5402 ], [ -96.6974, 16.543 ], [ -96.6785, 16.5605 ], [ -96.6801, 16.5738 ], [ -96.6731, 16.5875 ], [ -96.6828, 16.5889 ], [ -96.6681, 16.5924 ] ] ] } },
{ "type": "Feature", "properties": { "cvegeo": "20016", "municipio_inegi": "Coicoyán de las Flores", "clave": "coicoyan de las flores", "region": "Mixteca", "sin_dato_siap": false }, "geometry": { "type": "Polygon", "coordinates": [ [ [ -98.2524, 17.3076 ], [ -98.2508, 17.2915 ], [ -98.2414, 17.2873 ], [ -98.2209, 17.2838 ], [ -98.213, 17.2924 ], [ -98.1863, 17.2867 ], [ -98.1976, 17.2759 ], [ -98.1953, 17.2619 ], [ -98.2117, 17.2612 ], [ -98.2088, 17.2558 ], [ -98.2106, 17.2436 ], [ -98.2023, 17.2312 ], [ -98.168, 17.2489 ], [ -98.173, 17.2415 ], [ -98.1749, 17.2248 ], [ -98.1655, 17.2184 ], [ -98.157, 17.1979 ], [ -98.1716, 17.1921 ], [ -98.1638, 17.1875 ], [ -98.1595, 17.1576 ], [ -98.1662, 17.1252 ], [ -98.1731, 17.1189 ], [ -98.1773, 17.1211 ], [ -98.1797, 17.1171 ], [ -98.1872, 17.1165 ], [ -98.1907, 17.1196 ], [ -98.1964, 17.1161 ], [ -98.2127, 17.1187 ], [ -98.2153, 17.1245 ], [ -98.2226, 17.1221 ], [ -98.2199, 17.145 ], [ -98.225, 17.1523 ], [ -98.2218, 17.1524 ], [ -98.2186, 17.1603 ], [ -98.2206, 17.1642 ], [ -98.2144, 17.1845 ], [ -98.2177, 17.1869 ], [ -98.2051, 17.191 ], [ -98.2052, 17.1991 ], [ -98.2004, 17.2038 ], [ -98.2031, 17.2163 ], [ -98.2138, 17.2249 ], [ -98.2197, 17.2363 ], [ -98.2443, 17.2515 ], [ -98.2648, 17.2464 ], [ -98.2772, 17.2501 ], [ -98.2885, 17.2382 ], [ -98.3021, 17.2463 ], [ -98.3227, 17.2748 ], [ -98.2975, 17.2727 ], [ -98.2823, 17.2874 ], [ -98.2702, 17.2878 ], [ -98.2616, 17.3023 ], [ -98.2657, 17.3077 ], [ -98.2627, 17.3156 ], [ -98.2524, 17.3076 ] ] ] } },
{ "type": "Feature", "properties": { "cvegeo": "20013", "municipio_inegi": "Ciénega de Zimatlán", "clave": "cienega de zimatlan", "region": "Valles Centrales", "sin_dato_siap": false }, "geometry": { "type": "Polygon", "coordinates": [ [ [ -96.7658, 16.9112 ], [ -96.7576, 16.9023 ], [ -96.7557, 16.907 ], [ -96.7561, 16.9014 ], [ -96.7545, 16.9065 ], [ -96.755, 16.8989 ], [ -96.7511, 16.9051 ], [ -96.7391, 16.9073 ], [ -96.7475, 16.903 ], [ -96.7461, 16.8979 ], [ -96.7518, 16.8941 ], [ -96.7538, 16.8781 ], [ -96.7592, 16.8751 ], [ -96.7784, 16.8831 ], [ -96.7808, 16.895 ], [ -96.788, 16.8972 ], [ -96.7876, 16.906 ], [ -96.7722, 16.904 ], [ -96.771, 16.9089 ], [ -96.7658, 16.9112 ] ] ] } },
{ "type": "Feature", "properties": { "cvegeo": "20021", "municipio_inegi": "Cosolapa", "clave": "cosolapa", "region": "Papaloapan", "sin_dato_siap": false }, "geometry": { "type": "Polygon", "coordinates": [ [ [ -96.6821, 18.6688 ], [ -96.6744, 18.6659 ], [ -96.6682, 18.656 ], [ -96.655, 18.6513 ], [ -96.6458, 18.6404 ], [ -96.6317, 18.6357 ], [ -96.6167, 18.6191 ], [ -96.6068, 18.6176 ], [ -96.5842, 18.6021 ], [ -96.5942, 18.5892 ], [ -96.6381, 18.5701 ], [ -96.6405, 18.5775 ], [ -96.6567, 18.5669 ], [ -96.6548, 18.5572 ], [ -96.6428, 18.5417 ], [ -96.6413, 18.5343 ], [ -96.6478, 18.5269 ], [ -96.6569, 18.5343 ], [ -96.6716, 18.5154 ], [ -96.665, 18.5068 ], [ -96.6516, 18.5094 ], [ -96.6536, 18.4996 ], [ -96.6618, 18.4912 ], [ -96.6702, 18.4979 ], [ -96.6733, 18.4954 ], [ -96.6754, 18.5037 ], [ -96.6824, 18.4997 ], [ -96.6823, 18.5071 ], [ -96.688, 18.5126 ], [ -96.7029, 18.5103 ], [ -96.7062, 18.5263 ], [ -96.7141, 18.5276 ], [ -96.719, 18.5221 ], [ -96.7269, 18.5298 ], [ -96.7243, 18.5303 ], [ -96.7258, 18.5359 ], [ -96.7191, 18.5369 ], [ -96.7118, 18.5481 ], [ -96.7242, 18.559 ], [ -96.7156, 18.5732 ], [ -96.6996, 18.5533 ], [ -96.6909, 18.568 ], [ -96.7021, 18.5812 ], [ -96.6933, 18.5786 ], [ -96.6888, 18.5812 ], [ -96.6938, 18.5912 ], [ -96.679, 18.6078 ], [ -96.6725, 18.6076 ], [ -96.675, 18.6243 ], [ -96.6887, 18.6388 ], [ -96.6811, 18.6479 ], [ -96.684, 18.6568 ], [ -96.6821, 18.6688 ] ] ] } },
{ "type": "Feature", "properties": { "cvegeo": "20017", "municipio_inegi": "La Compañía", "clave": "la compania", "region": "Valles Centrales", "sin_dato_siap": false }, "geometry": { "type": "Polygon", "coordinates": [ [ [ -96.9256, 16.6377 ], [ -96.9093, 16.6252 ], [ -96.9081, 16.6186 ], [ -96.8995, 16.6095 ], [ -96.8967, 16.6172 ], [ -96.8796, 16.6233 ], [ -96.8784, 16.6087 ], [ -96.873, 16.5991 ], [ -96.8453, 16.5861 ], [ -96.8394, 16.5929 ], [ -96.8312, 16.6167 ], [ -96.8375, 16.618 ], [ -96.8351, 16.6277 ], [ -96.8252, 16.6308 ], [ -96.7983, 16.6074 ], [ -96.7982, 16.5982 ], [ -96.7938, 16.5928 ], [ -96.7963, 16.5911 ], [ -96.7851, 16.5832 ], [ -96.7882, 16.5504 ], [ -96.7769, 16.5399 ], [ -96.7916, 16.537 ], [ -96.7915, 16.5343 ], [ -96.7936, 16.5367 ], [ -96.799, 16.5306 ], [ -96.7924, 16.5259 ], [ -96.7956, 16.523 ], [ -96.8054, 16.532 ], [ -96.8167, 16.5275 ], [ -96.8477, 16.537 ], [ -96.8433, 16.5518 ], [ -96.8549, 16.5514 ], [ -96.8678, 16.5578 ], [ -96.8754, 16.5573 ], [ -96.8777, 16.5634 ], [ -96.8953, 16.5577 ], [ -96.8955, 16.5615 ], [ -96.932, 16.5791 ], [ -96.9277, 16.5841 ], [ -96.9282, 16.6316 ], [ -96.9256, 16.6377 ] ] ] } },
{ "type": "Feature", "properties": { "cvegeo": "20018", "municipio_inegi": "Concepción Buenavista", "clave": "concepcion buenavista", "region": "Mixteca", "sin_dato_siap": false }, "geometry": { "type": "Polygon", "coordinates": [ [ [ -97.4032, 18.1075 ], [ -97.3964, 18.104 ], [ -97.3944, 18.1 ], [ -97.3882, 18.1023 ], [ -97.3794, 18.0944 ], [ -97.3763, 18.0947 ], [ -97.3745, 18.1013 ], [ -97.3689, 18.1005 ], [ -97.3696, 18.0886 ], [ -97.3629, 18.0735 ], [ -97.3652, 18.0446 ], [ -97.3852, 17.9977 ], [ -97.3888, 17.9967 ], [ -97.4093, 17.9525 ], [ -97.4255, 17.9441 ], [ -97.4197, 17.9373 ], [ -97.4144, 17.9202 ], [ -97.4223, 17.9117 ], [ -97.4177, 17.9021 ], [ -97.4069, 17.8892 ], [ -97.3957, 17.8842 ], [ -97.3884, 17.8725 ], [ -97.393, 17.8631 ], [ -97.4025, 17.8598 ], [ -97.4064, 17.8687 ], [ -97.4359, 17.8919 ], [ -97.4502, 17.9085 ], [ -97.5221, 17.9393 ], [ -97.5305, 17.9308 ], [ -97.5362, 17.9324 ], [ -97.5363, 17.9409 ], [ -97.5604, 17.9522 ], [ -97.5792, 17.9739 ], [ -97.583, 17.9833 ], [ -97.5729, 17.982 ], [ -97.5667, 17.9748 ], [ -97.5521, 17.9719 ], [ -97.5255, 17.976 ], [ -97.5221, 17.9725 ], [ -97.5139, 17.9731 ], [ -97.4984, 17.9797 ], [ -97.4835, 17.9804 ], [ -97.4835, 18.0086 ], [ -97.4805, 18.0101 ], [ -97.4826, 18.0249 ], [ -97.4652, 18.0284 ], [ -97.4687, 18.0307 ], [ -97.4648, 18.0316 ], [ -97.4626, 18.0378 ], [ -97.4595, 18.0358 ], [ -97.4564, 18.0438 ], [ -97.4532, 18.0437 ], [ -97.4549, 18.0483 ], [ -97.4475, 18.0535 ], [ -97.4481, 18.066 ], [ -97.4445, 18.064 ], [ -97.4414, 18.0719 ], [ -97.4358, 18.0682 ], [ -97.4349, 18.0707 ], [ -97.4256, 18.0693 ], [ -97.4112, 18.1024 ], [ -97.4055, 18.1019 ], [ -97.4032, 18.1075 ] ] ] } },
{ "type": "Feature", "properties": { "cvegeo": "20096", "municipio_inegi": "San Andrés Sinaxtla", "clave": "san andres sinaxtla", "region": "Mixteca", "sin_dato_siap": false }, "geometry": { "type": "Polygon", "coordinates": [ [ [ -97.2846, 17.4942 ], [ -97.2727, 17.4919 ], [ -97.2579, 17.4807 ], [ -97.2593, 17.4616 ], [ -97.287, 17.4602 ], [ -97.3007, 17.4715 ], [ -97.2829, 17.4818 ], [ -97.2847, 17.4888 ], [ -97.2903, 17.4857 ], [ -97.2955, 17.4908 ], [ -97.3033, 17.491 ], [ -97.3108, 17.4885 ], [ -97.3145, 17.4775 ], [ -97.3275, 17.4771 ], [ -97.3375, 17.5016 ], [ -97.3358, 17.5051 ], [ -97.3103, 17.5101 ], [ -97.2846, 17.4942 ] ] ] } },
{ "type": "Feature", "properties": { "cvegeo": "20019", "municipio_inegi": "Concepción Pápalo", "clave": "concepcion papalo", "region": "Cañada", "sin_dato_siap": false }, "geometry": { "type": "Polygon", "coordinates": [ [ [ -96.8504, 17.9345 ], [ -96.8386, 17.9221 ], [ -96.8243, 17.918 ], [ -96.7877, 17.8875 ], [ -96.7893, 17.8781 ], [ -96.7648, 17.8612 ], [ -96.7579, 17.8596 ], [ -96.7345, 17.8693 ], [ -96.7101, 17.8692 ], [ -96.6971, 17.8454 ], [ -96.7058, 17.8396 ], [ -96.7155, 17.848 ], [ -96.7463, 17.853 ], [ -96.7559, 17.8587 ], [ -96.7705, 17.85 ], [ -96.7788, 17.8342 ], [ -96.805, 17.8328 ], [ -96.8127, 17.8217 ], [ -96.8428, 17.8327 ], [ -96.8632, 17.8227 ], [ -96.8947, 17.823 ], [ -96.9164, 17.829 ], [ -96.9315, 17.8258 ], [ -96.9358, 17.8169 ], [ -96.9431, 17.8212 ], [ -96.9494, 17.8697 ], [ -96.9272, 17.9057 ], [ -96.9176, 17.9033 ], [ -96.8855, 17.9066 ], [ -96.8616, 17.9302 ], [ -96.8504, 17.9345 ] ] ] } },
{ "type": "Feature", "properties": { "cvegeo": "20020", "municipio_inegi": "Constancia del Rosario", "clave": "constancia del rosario", "region": "Mixteca", "sin_dato_siap": false }, "geometry": { "type": "MultiPolygon", "coordinates": [ [ [ [ -98.0139, 17.0739 ], [ -98.0021, 17.0601 ], [ -97.982, 17.0637 ], [ -97.9762, 17.0623 ], [ -97.9692, 17.0545 ], [ -97.9605, 17.0693 ], [ -97.9546, 17.0646 ], [ -97.9534, 17.0676 ], [ -97.9263, 17.0494 ], [ -97.9396, 17.0293 ], [ -97.9402, 17.0211 ], [ -97.9477, 17.0186 ], [ -97.9506, 17.0272 ], [ -98.0108, 17.0111 ], [ -98.0196, 17.0044 ], [ -98.0302, 17.0158 ], [ -98.0252, 17.0192 ], [ -97.9965, 17.0189 ], [ -97.9805, 17.0243 ], [ -97.9815, 17.031 ], [ -97.9893, 17.0362 ], [ -97.9913, 17.048 ], [ -98.0064, 17.0594 ], [ -98.0133, 17.062 ], [ -98.0256, 17.0559 ], [ -98.0275, 17.0622 ], [ -98.0406, 17.0653 ], [ -98.036, 17.0688 ], [ -98.0519, 17.0739 ], [ -98.0396, 17.0748 ], [ -98.0354, 17.0849 ], [ -98.0232, 17.0892 ], [ -98.016, 17.0881 ], [ -98.0139, 17.0739 ] ] ], [ [ [ -98.0726, 17.0644 ], [ -98.0809, 17.0666 ], [ -98.0988, 17.0839 ], [ -98.0842, 17.106 ], [ -98.0858, 17.1177 ], [ -98.0697, 17.1241 ], [ -98.0605, 17.1079 ], [ -98.0604, 17.0787 ], [ -98.0726, 17.0644 ] ] ] ] } },
{ "type": "Feature", "properties": { "cvegeo": "20022", "municipio_inegi": "Cosoltepec", "clave": "cosoltepec", "region": "Mixteca", "sin_dato_siap": false }, "geometry": { "type": "Polygon", "coordinates": [ [ [ -97.7464, 18.2078 ], [ -97.7487, 18.1817 ], [ -97.7426, 18.1808 ], [ -97.7417, 18.1746 ], [ -97.7373, 18.1764 ], [ -97.7301, 18.17 ], [ -97.7289, 18.1733 ], [ -97.7261, 18.1716 ], [ -97.7456, 18.1496 ], [ -97.7681, 18.1382 ], [ -97.7661, 18.1336 ], [ -97.7774, 18.1336 ], [ -97.7886, 18.1242 ], [ -97.7687, 18.097 ], [ -97.7731, 18.0748 ], [ -97.7905, 18.0693 ], [ -97.7964, 18.0729 ], [ -97.8013, 18.0688 ], [ -97.8073, 18.0715 ], [ -97.8112, 18.0799 ], [ -97.8276, 18.0846 ], [ -97.8215, 18.0912 ], [ -97.8266, 18.1038 ], [ -97.8398, 18.1074 ], [ -97.8606, 18.1027 ], [ -97.8672, 18.1149 ], [ -97.8675, 18.1446 ], [ -97.8479, 18.1725 ], [ -97.8346, 18.167 ], [ -97.8306, 18.1713 ], [ -97.7877, 18.1731 ], [ -97.7861, 18.186 ], [ -97.7724, 18.1892 ], [ -97.7709, 18.2162 ], [ -97.7561, 18.2082 ], [ -97.7464, 18.2078 ] ] ] } },
{ "type": "Feature", "properties": { "cvegeo": "20023", "municipio_inegi": "Cuilápam de Guerrero", "clave": "cuilapam de guerrero", "region": "Valles Centrales", "sin_dato_siap": false }, "geometry": { "type": "Polygon", "coordinates": [ [ [ -96.8245, 17.0421 ], [ -96.8116, 17.0411 ], [ -96.807, 17.0442 ], [ -96.7944, 17.0339 ], [ -96.7884, 17.0334 ], [ -96.7976, 17.0277 ], [ -96.7814, 17.019 ], [ -96.7736, 17.0198 ], [ -96.777, 17.0156 ], [ -96.756, 17.0152 ], [ -96.7614, 17.0079 ], [ -96.7628, 16.9975 ], [ -96.7667, 16.9974 ], [ -96.7628, 16.9942 ], [ -96.7725, 16.9838 ], [ -96.7626, 16.9793 ], [ -96.7644, 16.9711 ], [ -96.7607, 16.9709 ], [ -96.7612, 16.967 ], [ -96.7653, 16.9572 ], [ -96.7769, 16.955 ], [ -96.7793, 16.9644 ], [ -96.788, 16.9659 ], [ -96.7883, 16.9692 ], [ -96.7968, 16.9662 ], [ -96.7979, 16.975 ], [ -96.8107, 16.9763 ], [ -96.8122, 17.0031 ], [ -96.8241, 17.0211 ], [ -96.8401, 17.0085 ], [ -96.8506, 17.0202 ], [ -96.8609, 17.0248 ], [ -96.8547, 17.0272 ], [ -96.8615, 17.0291 ], [ -96.8321, 17.0501 ], [ -96.8245, 17.0421 ] ] ] } },
{ "type": "Feature", "properties": { "cvegeo": "20097", "municipio_inegi": "San Andrés Solaga", "clave": "san andres solaga", "region": "Sierra Juárez", "sin_dato_siap": false }, "geometry": { "type": "Polygon", "coordinates": [ [ [ -96.2533, 17.3152 ], [ -96.2447, 17.3135 ], [ -96.2341, 17.2976 ], [ -96.2072, 17.2983 ], [ -96.2024, 17.3096 ], [ -96.1957, 17.3102 ], [ -96.1908, 17.3017 ], [ -96.195, 17.2987 ], [ -96.1962, 17.2903 ], [ -96.1899, 17.2864 ], [ -96.1799, 17.2873 ], [ -96.1812, 17.2708 ], [ -96.1779, 17.2668 ], [ -96.1859, 17.2594 ], [ -96.1819, 17.2585 ], [ -96.1888, 17.2543 ], [ -96.1966, 17.2589 ], [ -96.1955, 17.2492 ], [ -96.2012, 17.2503 ], [ -96.2141, 17.236 ], [ -96.2267, 17.2335 ], [ -96.2315, 17.2442 ], [ -96.2292, 17.2574 ], [ -96.2442, 17.2583 ], [ -96.2466, 17.2631 ], [ -96.2559, 17.2626 ], [ -96.261, 17.2809 ], [ -96.2717, 17.2913 ], [ -96.2678, 17.3013 ], [ -96.2532, 17.3078 ], [ -96.2533, 17.3152 ] ] ] } },
{ "type": "Feature", "properties": { "cvegeo": "20098", "municipio_inegi": "San Andrés Teotilálpam", "clave": "san andres teotilalpam", "region": "Cañada", "sin_dato_siap": false }, "geometry": { "type": "Polygon", "coordinates": [ [ [ -96.4895, 18.0 ], [ -96.5111, 17.9521 ], [ -96.5193, 17.9429 ], [ -96.5566, 17.9441 ], [ -96.5654, 17.9233 ], [ -96.5612, 17.8931 ], [ -96.5519, 17.8768 ], [ -96.5735, 17.8927 ], [ -96.569, 17.9082 ], [ -96.5912, 17.9118 ], [ -96.6065, 17.9058 ], [ -96.6153, 17.9066 ], [ -96.6181, 17.8913 ], [ -96.6233, 17.8855 ], [ -96.6424, 17.8842 ], [ -96.6852, 17.8981 ], [ -96.6866, 17.8933 ], [ -96.7, 17.8997 ], [ -96.7099, 17.9265 ], [ -96.7044, 17.9376 ], [ -96.6929, 17.9176 ], [ -96.6864, 17.9162 ], [ -96.6844, 17.9102 ], [ -96.6811, 17.9101 ], [ -96.6832, 17.9182 ], [ -96.6758, 17.9162 ], [ -96.6669, 17.9214 ], [ -96.656, 17.9141 ], [ -96.669, 17.9261 ], [ -96.6694, 17.9307 ], [ -96.6774, 17.9343 ], [ -96.6769, 17.9386 ], [ -96.6828, 17.9401 ], [ -96.6854, 17.9451 ], [ -96.6952, 17.9459 ], [ -96.6955, 17.954 ], [ -96.7018, 17.9541 ], [ -96.7029, 17.9576 ], [ -96.6959, 17.9637 ], [ -96.7016, 17.9658 ], [ -96.6882, 17.9683 ], [ -96.6747, 17.9764 ], [ -96.6669, 17.9693 ], [ -96.6434, 17.9662 ], [ -96.6342, 17.9616 ], [ -96.636, 17.9573 ], [ -96.6332, 17.9566 ], [ -96.6166, 17.9606 ], [ -96.6055, 17.9591 ], [ -96.6024, 17.9487 ], [ -96.5936, 17.9459 ], [ -96.5813, 17.9516 ], [ -96.5715, 17.9685 ], [ -96.5561, 17.9735 ], [ -96.5529, 18.0028 ], [ -96.534, 18.0032 ], [ -96.5244, 17.9993 ], [ -96.5167, 18.0206 ], [ -96.5106, 18.0254 ], [ -96.4889, 18.0141 ], [ -96.4895, 18.0 ] ] ] } },
{ "type": "Feature", "properties": { "cvegeo": "20024", "municipio_inegi": "Cuyamecalco Villa de Zaragoza", "clave": "cuyamecalco villa de zaragoza", "region": "Cañada", "sin_dato_siap": false }, "geometry": { "type": "Polygon", "coordinates": [ [ [ -96.835, 18.0165 ], [ -96.8118, 17.9612 ], [ -96.8022, 17.9507 ], [ -96.802, 17.9422 ], [ -96.8092, 17.9289 ], [ -96.8125, 17.9318 ], [ -96.8239, 17.9244 ], [ -96.8349, 17.9276 ], [ -96.8345, 17.9223 ], [ -96.8386, 17.9221 ], [ -96.8504, 17.9345 ], [ -96.864, 17.928 ], [ -96.8889, 17.9336 ], [ -96.9126, 17.959 ], [ -96.918, 17.9746 ], [ -96.9037, 17.9797 ], [ -96.8961, 17.9916 ], [ -96.8886, 17.9889 ], [ -96.8834, 18.0002 ], [ -96.8717, 18.0104 ], [ -96.8397, 18.0127 ], [ -96.835, 18.0165 ] ] ] } },
{ "type": "Feature", "properties": { "cvegeo": "20025", "municipio_inegi": "Chahuites", "clave": "chahuites", "region": "Istmo", "sin_dato_siap": false }, "geometry": { "type": "Polygon", "coordinates": [ [ [ -94.1829, 16.3009 ], [ -94.1787, 16.2977 ], [ -94.1847, 16.2992 ], [ -94.1994, 16.241 ], [ -94.229, 16.2448 ], [ -94.214, 16.2973 ], [ -94.1861, 16.3107 ], [ -94.1802, 16.3049 ], [ -94.1829, 16.3009 ] ] ] } },
{ "type": "Feature", "properties": { "cvegeo": "20026", "municipio_inegi": "Chalcatongo de Hidalgo", "clave": "chalcatongo de hidalgo", "region": "Mixteca", "sin_dato_siap": false }, "geometry": { "type": "Polygon", "coordinates": [ [ [ -97.518, 16.98 ], [ -97.5099, 16.9832 ], [ -97.4824, 16.9736 ], [ -97.464, 16.9379 ], [ -97.5058, 16.9508 ], [ -97.5141, 16.9339 ], [ -97.5376, 16.9319 ], [ -97.5431, 16.9261 ], [ -97.5578, 16.9535 ], [ -97.56, 16.966 ], [ -97.5664, 16.9669 ], [ -97.5774, 16.9581 ], [ -97.579, 16.9487 ], [ -97.6027, 16.9555 ], [ -97.6184, 16.9401 ], [ -97.6334, 16.9349 ], [ -97.6375, 16.9381 ], [ -97.6342, 16.9556 ], [ -97.6373, 16.9599 ], [ -97.634, 16.9635 ], [ -97.6314, 16.986 ], [ -97.6136, 16.9991 ], [ -97.5894, 17.0536 ], [ -97.5647, 17.0697 ], [ -97.5534, 17.0464 ], [ -97.5274, 17.0179 ], [ -97.5255, 17.0005 ], [ -97.518, 16.98 ] ] ] } },
{ "type": "Feature", "properties": { "cvegeo": "20027", "municipio_inegi": "Chiquihuitlán de Benito Juárez", "clave": "chiquihuitlan de benito juarez", "region": "Cañada", "sin_dato_siap": false }, "geometry": { "type": "Polygon", "coordinates": [ [ [ -96.732, 18.0171 ], [ -96.7244, 18.018 ], [ -96.7093, 18.0048 ], [ -96.7276, 17.9787 ], [ -96.7261, 17.9697 ], [ -96.7318, 17.9634 ], [ -96.7283, 17.9583 ], [ -96.738, 17.9652 ], [ -96.774, 17.9652 ], [ -96.7804, 17.9873 ], [ -96.7766, 18.0162 ], [ -96.739, 18.0206 ], [ -96.732, 18.0171 ] ] ] } },
{ "type": "Feature", "properties": { "cvegeo": "20028", "municipio_inegi": "Heroica Ciudad de Ejutla de Crespo", "clave": "heroica ciudad de ejutla de crespo", "region": "Valles Centrales", "sin_dato_siap": false }, "geometry": { "type": "Polygon", "coordinates": [ [ [ -96.7542, 16.7315 ], [ -96.7324, 16.7281 ], [ -96.7332, 16.7308 ], [ -96.7291, 16.7302 ], [ -96.7272, 16.7211 ], [ -96.7321, 16.7212 ], [ -96.7333, 16.697 ], [ -96.7204, 16.697 ], [ -96.7188, 16.6934 ], [ -96.7284, 16.677 ], [ -96.7294, 16.6685 ], [ -96.7384, 16.6723 ], [ -96.7377, 16.6544 ], [ -96.7432, 16.6458 ], [ -96.7311, 16.6411 ], [ -96.7277, 16.6496 ], [ -96.724, 16.6434 ], [ -96.7165, 16.6412 ], [ -96.709, 16.6462 ], [ -96.7201, 16.6258 ], [ -96.7181, 16.6245 ], [ -96.712, 16.6368 ], [ -96.6931, 16.6389 ], [ -96.6914, 16.6328 ], [ -96.6701, 16.6227 ], [ -96.6556, 16.6112 ], [ -96.643, 16.6171 ], [ -96.6474, 16.6229 ], [ -96.6419, 16.63 ], [ -96.6021, 16.6478 ], [ -96.6098, 16.6386 ], [ -96.612, 16.6217 ], [ -96.5937, 16.6185 ], [ -96.6016, 16.602 ], [ -96.593, 16.5285 ], [ -96.6137, 16.5267 ], [ -96.6112, 16.5355 ], [ -96.6221, 16.546 ], [ -96.6217, 16.5566 ], [ -96.6313, 16.5513 ], [ -96.639, 16.554 ], [ -96.6472, 16.5468 ], [ -96.6433, 16.5635 ], [ -96.6603, 16.5783 ], [ -96.6654, 16.5907 ], [ -96.6828, 16.5889 ], [ -96.6731, 16.5875 ], [ -96.6801, 16.5738 ], [ -96.6785, 16.5605 ], [ -96.6974, 16.543 ], [ -96.6871, 16.5402 ], [ -96.6831, 16.5353 ], [ -96.6963, 16.5182 ], [ -96.6977, 16.5093 ], [ -96.7109, 16.5043 ], [ -96.7032, 16.4951 ], [ -96.7371, 16.4785 ], [ -96.7792, 16.4803 ], [ -96.792, 16.4746 ], [ -96.8063, 16.4581 ], [ -96.8251, 16.4573 ], [ -96.8326, 16.4527 ], [ -96.8432, 16.4607 ], [ -96.8534, 16.4579 ], [ -96.8544, 16.4718 ], [ -96.8649, 16.4797 ], [ -96.8591, 16.4915 ], [ -96.8518, 16.4928 ], [ -96.8527, 16.4888 ], [ -96.8258, 16.4772 ], [ -96.8096, 16.4759 ], [ -96.7943, 16.4829 ], [ -96.7949, 16.4885 ], [ -96.801, 16.4925 ], [ -96.7659, 16.4936 ], [ -96.7528, 16.4908 ], [ -96.7526, 16.5027 ], [ -96.758, 16.5057 ], [ -96.7646, 16.5228 ], [ -96.7744, 16.5288 ], [ -96.7709, 16.5359 ], [ -96.7865, 16.5504 ], [ -96.7756, 16.5606 ], [ -96.7444, 16.5651 ], [ -96.7424, 16.5703 ], [ -96.745, 16.5721 ], [ -96.7277, 16.5828 ], [ -96.728, 16.5928 ], [ -96.7214, 16.5949 ], [ -96.7187, 16.6088 ], [ -96.7479, 16.6181 ], [ -96.7495, 16.6002 ], [ -96.744, 16.6055 ], [ -96.7416, 16.5987 ], [ -96.7491, 16.5819 ], [ -96.7849, 16.5859 ], [ -96.7575, 16.6164 ], [ -96.7664, 16.6265 ], [ -96.7699, 16.6224 ], [ -96.7806, 16.6346 ], [ -96.796, 16.6384 ], [ -96.7989, 16.6433 ], [ -96.7929, 16.6548 ], [ -96.7994, 16.6606 ], [ -96.8138, 16.6612 ], [ -96.8203, 16.6392 ], [ -96.8252, 16.6308 ], [ -96.8351, 16.6277 ], [ -96.8375, 16.618 ], [ -96.8484, 16.621 ], [ -96.8494, 16.6266 ], [ -96.8459, 16.6298 ], [ -96.8535, 16.6319 ], [ -96.8523, 16.6452 ], [ -96.8464, 16.6479 ], [ -96.8442, 16.6736 ], [ -96.8356, 16.6852 ], [ -96.8454, 16.694 ], [ -96.8422, 16.6983 ], [ -96.8442, 16.7097 ], [ -96.831, 16.7031 ], [ -96.8255, 16.7133 ], [ -96.7826, 16.692 ], [ -96.7721, 16.7038 ], [ -96.745, 16.705 ], [ -96.7448, 16.7213 ], [ -96.7625, 16.7159 ], [ -96.7782, 16.7335 ], [ -96.7689, 16.7426 ], [ -96.7542, 16.7315 ] ] ] } },
{ "type": "Feature", "properties": { "cvegeo": "20030", "municipio_inegi": "El Espinal", "clave": "el espinal", "region": "Istmo", "sin_dato_siap": false }, "geometry": { "type": "Polygon", "coordinates": [ [ [ -94.9686, 16.5154 ], [ -94.9892, 16.4779 ], [ -94.9994, 16.4808 ], [ -94.9993, 16.4765 ], [ -95.0075, 16.477 ], [ -95.0149, 16.4836 ], [ -95.024, 16.4808 ], [ -95.0235, 16.4727 ], [ -95.0447, 16.4591 ], [ -95.0353, 16.4497 ], [ -95.0402, 16.4497 ], [ -95.0399, 16.432 ], [ -95.1006, 16.4017 ], [ -95.0964, 16.42 ], [ -95.0827, 16.4337 ], [ -95.0832, 16.4407 ], [ -95.062, 16.4879 ], [ -95.0223, 16.4999 ], [ -95.0072, 16.5128 ], [ -94.9818, 16.5132 ], [ -94.981, 16.5211 ], [ -94.9766, 16.5237 ], [ -94.9686, 16.5154 ] ] ] } },
{ "type": "Feature", "properties": { "cvegeo": "20031", "municipio_inegi": "Tamazulápam del Espíritu Santo", "clave": "tamazulapam del espiritu santo", "region": "Sierra Juárez", "sin_dato_siap": false }, "geometry": { "type": "Polygon", "coordinates": [ [ [ -95.9944, 17.1049 ], [ -95.9798, 17.0937 ], [ -95.9708, 17.0812 ], [ -95.9608, 17.083 ], [ -95.9629, 17.0664 ], [ -95.9743, 17.0392 ], [ -95.9722, 17.0226 ], [ -95.957, 17.001 ], [ -95.9452, 16.995 ], [ -95.9588, 16.992 ], [ -95.9734, 16.9992 ], [ -95.9721, 17.004 ], [ -95.9777, 17.0069 ], [ -95.9817, 17.0056 ], [ -95.9823, 16.9981 ], [ -95.998, 17.0083 ], [ -96.0111, 17.0068 ], [ -96.0222, 16.9928 ], [ -96.0106, 16.9666 ], [ -96.0151, 16.9631 ], [ -96.0247, 16.9657 ], [ -96.0347, 16.9606 ], [ -96.0442, 16.9614 ], [ -96.0442, 16.971 ], [ -96.0506, 16.9687 ], [ -96.0524, 16.9715 ], [ -96.0462, 16.9819 ], [ -96.05, 16.9874 ], [ -96.0439, 16.9913 ], [ -96.0572, 17.0013 ], [ -96.0463, 17.0262 ], [ -96.0802, 17.0432 ], [ -96.0827, 17.0518 ], [ -96.0937, 17.0566 ], [ -96.1176, 17.0524 ], [ -96.1218, 17.0579 ], [ -96.1206, 17.0646 ], [ -96.1136, 17.0645 ], [ -96.1149, 17.0757 ], [ -96.1052, 17.078 ], [ -96.0959, 17.0764 ], [ -96.0966, 17.0702 ], [ -96.0916, 17.0673 ], [ -96.0872, 17.0738 ], [ -96.0833, 17.0671 ], [ -96.0752, 17.0734 ], [ -96.0602, 17.0687 ], [ -96.0467, 17.0704 ], [ -96.0347, 17.0636 ], [ -96.028, 17.068 ], [ -96.0088, 17.0666 ], [ -96.0034, 17.0778 ], [ -96.0041, 17.0965 ], [ -95.9944, 17.1049 ] ] ] } },
{ "type": "Feature", "properties": { "cvegeo": "20099", "municipio_inegi": "San Andrés Tepetlapa", "clave": "san andres tepetlapa", "region": "Mixteca", "sin_dato_siap": false }, "geometry": { "type": "Polygon", "coordinates": [ [ [ -98.3767, 17.6613 ], [ -98.3662, 17.6573 ], [ -98.3697, 17.6438 ], [ -98.3662, 17.6384 ], [ -98.3712, 17.63 ], [ -98.3772, 17.6315 ], [ -98.4004, 17.653 ], [ -98.4035, 17.6931 ], [ -98.3867, 17.6842 ], [ -98.3841, 17.6711 ], [ -98.3767, 17.6613 ] ] ] } },
{ "type": "Feature", "properties": { "cvegeo": "20029", "municipio_inegi": "Eloxochitlán de Flores Magón", "clave": "eloxochitlan de flores magon", "region": "Cañada", "sin_dato_siap": false }, "geometry": { "type": "Polygon", "coordinates": [ [ [ -96.8561, 18.2419 ], [ -96.8543, 18.2332 ], [ -96.8515, 18.2311 ], [ -96.8469, 18.2343 ], [ -96.848, 18.2204 ], [ -96.8435, 18.2133 ], [ -96.8471, 18.209 ], [ -96.8411, 18.2007 ], [ -96.843, 18.1949 ], [ -96.8496, 18.1922 ], [ -96.8501, 18.1844 ], [ -96.8459, 18.1795 ], [ -96.8531, 18.1659 ], [ -96.8517, 18.1537 ], [ -96.8556, 18.1517 ], [ -96.8629, 18.1576 ], [ -96.8691, 18.1578 ], [ -96.8633, 18.1662 ], [ -96.9014, 18.1716 ], [ -96.8994, 18.1931 ], [ -96.9023, 18.1987 ], [ -96.8967, 18.2055 ], [ -96.883, 18.2106 ], [ -96.8817, 18.2186 ], [ -96.8751, 18.2179 ], [ -96.8647, 18.2234 ], [ -96.8669, 18.2286 ], [ -96.8622, 18.2375 ], [ -96.8663, 18.242 ], [ -96.8561, 18.2419 ] ] ] } },
{ "type": "Feature", "properties": { "cvegeo": "20032", "municipio_inegi": "Fresnillo de Trujano", "clave": "fresnillo de trujano", "region": "Mixteca", "sin_dato_siap": false }, "geometry": { "type": "Polygon", "coordinates": [ [ [ -98.1105, 17.9808 ], [ -98.1115, 17.9509 ], [ -98.0953, 17.9277 ], [ -98.0957, 17.9064 ], [ -98.0808, 17.9119 ], [ -98.0775, 17.9023 ], [ -98.0927, 17.8947 ], [ -98.1041, 17.8933 ], [ -98.1, 17.8833 ], [ -98.1084, 17.8779 ], [ -98.1138, 17.886 ], [ -98.1268, 17.8888 ], [ -98.1305, 17.8937 ], [ -98.1404, 17.891 ], [ -98.1424, 17.8966 ], [ -98.1558, 17.8973 ], [ -98.1496, 17.9005 ], [ -98.1454, 17.9091 ], [ -98.1554, 17.9059 ], [ -98.1566, 17.9148 ], [ -98.1525, 17.9179 ], [ -98.1598, 17.9266 ], [ -98.166, 17.9193 ], [ -98.1714, 17.9216 ], [ -98.1729, 17.9323 ], [ -98.169, 17.9349 ], [ -98.1736, 17.9419 ], [ -98.1623, 17.9626 ], [ -98.156, 17.9628 ], [ -98.1503, 17.9708 ], [ -98.1441, 17.9706 ], [ -98.1281, 17.9793 ], [ -98.1161, 17.976 ], [ -98.1105, 17.9808 ] ] ] } },
{ "type": "Feature", "properties": { "cvegeo": "20049", "municipio_inegi": "Magdalena Ocotlán", "clave": "magdalena ocotlan", "region": "Valles Centrales", "sin_dato_siap": false }, "geometry": { "type": "Polygon", "coordinates": [ [ [ -96.7321, 16.7212 ], [ -96.6956, 16.7191 ], [ -96.696, 16.6971 ], [ -96.7333, 16.697 ], [ -96.7321, 16.7212 ] ] ] } },
{ "type": "Feature", "properties": { "cvegeo": "20033", "municipio_inegi": "Guadalupe Etla", "clave": "guadalupe etla", "region": "Valles Centrales", "sin_dato_siap": false }, "geometry": { "type": "Polygon", "coordinates": [ [ [ -96.7808, 17.1888 ], [ -96.7839, 17.1794 ], [ -96.7891, 17.1813 ], [ -96.7941, 17.1787 ], [ -96.7965, 17.1815 ], [ -96.7966, 17.1779 ], [ -96.8032, 17.1759 ], [ -96.8003, 17.1606 ], [ -96.8148, 17.1695 ], [ -96.8165, 17.1833 ], [ -96.7887, 17.1842 ], [ -96.7893, 17.189 ], [ -96.7855, 17.1852 ], [ -96.7843, 17.1909 ], [ -96.7808, 17.1888 ] ] ] } },
{ "type": "Feature", "properties": { "cvegeo": "20050", "municipio_inegi": "Magdalena Peñasco", "clave": "magdalena penasco", "region": "Mixteca", "sin_dato_siap": false }, "geometry": { "type": "Polygon", "coordinates": [ [ [ -97.5254, 17.2876 ], [ -97.5214, 17.2905 ], [ -97.5011, 17.27 ], [ -97.4958, 17.2705 ], [ -97.4899, 17.2655 ], [ -97.4917, 17.2349 ], [ -97.5024, 17.2345 ], [ -97.5127, 17.2393 ], [ -97.5457, 17.2075 ], [ -97.5726, 17.1939 ], [ -97.5787, 17.1754 ], [ -97.6126, 17.2222 ], [ -97.6099, 17.2529 ], [ -97.5614, 17.2657 ], [ -97.5502, 17.275 ], [ -97.5446, 17.2942 ], [ -97.5385, 17.2947 ], [ -97.5403, 17.2903 ], [ -97.5254, 17.2876 ] ] ] } },
{ "type": "Feature", "properties": { "cvegeo": "20034", "municipio_inegi": "Guadalupe de Ramírez", "clave": "guadalupe de ramirez", "region": "Mixteca", "sin_dato_siap": false }, "geometry": { "type": "Polygon", "coordinates": [ [ [ -98.1997, 17.7738 ], [ -98.1885, 17.7758 ], [ -98.1634, 17.7714 ], [ -98.1612, 17.7667 ], [ -98.1465, 17.764 ], [ -98.1445, 17.7594 ], [ -98.1115, 17.755 ], [ -98.1201, 17.7294 ], [ -98.1531, 17.7337 ], [ -98.1815, 17.7557 ], [ -98.1914, 17.7589 ], [ -98.2006, 17.7594 ], [ -98.2003, 17.7437 ], [ -98.2157, 17.7464 ], [ -98.2184, 17.7521 ], [ -98.2112, 17.7635 ], [ -98.2217, 17.7714 ], [ -98.2085, 17.7817 ], [ -98.1997, 17.7738 ] ] ] } },
{ "type": "Feature", "properties": { "cvegeo": "20035", "municipio_inegi": "Guelatao de Juárez", "clave": "guelatao de juarez", "region": "Sierra Juárez", "sin_dato_siap": false }, "geometry": { "type": "Polygon", "coordinates": [ [ [ -96.4941, 17.3272 ], [ -96.4861, 17.308 ], [ -96.4992, 17.309 ], [ -96.4964, 17.2996 ], [ -96.5127, 17.3088 ], [ -96.5057, 17.3234 ], [ -96.4941, 17.3272 ] ] ] } },
{ "type": "Feature", "properties": { "cvegeo": "20036", "municipio_inegi": "Guevea de Humboldt", "clave": "guevea de humboldt", "region": "Istmo", "sin_dato_siap": false }, "geometry": { "type": "MultiPolygon", "coordinates": [ [ [ [ -95.5524, 16.7593 ], [ -95.5271, 16.7606 ], [ -95.533, 16.7538 ], [ -95.527, 16.7551 ], [ -95.5353, 16.7427 ], [ -95.5346, 16.7372 ], [ -95.5267, 16.7403 ], [ -95.529, 16.7417 ], [ -95.5219, 16.7398 ], [ -95.5408, 16.7336 ], [ -95.5441, 16.7244 ], [ -95.5491, 16.7287 ], [ -95.5583, 16.7286 ], [ -95.557, 16.7355 ], [ -95.5704, 16.748 ], [ -95.5625, 16.7496 ], [ -95.5524, 16.7593 ] ] ], [ [ [ -95.4061, 16.9484 ], [ -95.3841, 16.942 ], [ -95.3788, 16.9285 ], [ -95.3659, 16.9217 ], [ -95.3599, 16.9283 ], [ -95.3539, 16.9238 ], [ -95.347, 16.9272 ], [ -95.3404, 16.9245 ], [ -95.3378, 16.9306 ], [ -95.33, 16.9328 ], [ -95.3286, 16.9177 ], [ -95.324, 16.9131 ], [ -95.3144, 16.9148 ], [ -95.3003, 16.8894 ], [ -95.319, 16.788 ], [ -95.3767, 16.7494 ], [ -95.4632, 16.7697 ], [ -95.4701, 16.8153 ], [ -95.4868, 16.8349 ], [ -95.483, 16.8392 ], [ -95.4658, 16.8428 ], [ -95.4583, 16.8504 ], [ -95.4374, 16.8516 ], [ -95.4325, 16.8568 ], [ -95.429, 16.8546 ], [ -95.4251, 16.8607 ], [ -95.4196, 16.8561 ], [ -95.4106, 16.8627 ], [ -95.4085, 16.8693 ], [ -95.4235, 16.8761 ], [ -95.4177, 16.8811 ], [ -95.4197, 16.886 ], [ -95.4154, 16.8965 ], [ -95.424, 16.905 ], [ -95.4248, 16.9129 ], [ -95.4195, 16.918 ], [ -95.4328, 16.9377 ], [ -95.4123, 16.949 ], [ -95.4084, 16.955 ], [ -95.4061, 16.9484 ] ] ] ] } },
{ "type": "Feature", "properties": { "cvegeo": "20051", "municipio_inegi": "Magdalena Teitipac", "clave": "magdalena teitipac", "region": "Valles Centrales", "sin_dato_siap": false }, "geometry": { "type": "Polygon", "coordinates": [ [ [ -96.5622, 16.9298 ], [ -96.5463, 16.9307 ], [ -96.5445, 16.8925 ], [ -96.5185, 16.8678 ], [ -96.5194, 16.8629 ], [ -96.5338, 16.8517 ], [ -96.5567, 16.8447 ], [ -96.577, 16.8822 ], [ -96.5897, 16.9241 ], [ -96.5815, 16.9312 ], [ -96.5677, 16.9304 ], [ -96.5677, 16.9338 ], [ -96.5622, 16.9298 ] ] ] } },
{ "type": "Feature", "properties": { "cvegeo": "20052", "municipio_inegi": "Magdalena Tequisistlán", "clave": "magdalena tequisistlan", "region": "Istmo", "sin_dato_siap": false }, "geometry": { "type": "Polygon", "coordinates": [ [ [ -95.5232, 16.346 ], [ -95.5007, 16.3155 ], [ -95.513, 16.323 ], [ -95.6006, 16.2734 ], [ -95.6276, 16.2102 ], [ -95.6068, 16.1717 ], [ -95.6041, 16.1574 ], [ -95.6168, 16.1362 ], [ -95.6135, 16.1353 ], [ -95.6173, 16.1292 ], [ -95.6213, 16.131 ], [ -95.6232, 16.1249 ], [ -95.6296, 16.1216 ], [ -95.6532, 16.1262 ], [ -95.68, 16.1168 ], [ -95.7007, 16.1232 ], [ -95.7235, 16.1118 ], [ -95.7298, 16.117 ], [ -95.7456, 16.1557 ], [ -95.7526, 16.1638 ], [ -95.748, 16.1773 ], [ -95.7582, 16.1944 ], [ -95.735, 16.1878 ], [ -95.7374, 16.1991 ], [ -95.7318, 16.1975 ], [ -95.7307, 16.2033 ], [ -95.7382, 16.2062 ], [ -95.7431, 16.213 ], [ -95.7446, 16.2306 ], [ -95.7561, 16.2324 ], [ -95.7699, 16.2454 ], [ -95.7626, 16.2499 ], [ -95.7633, 16.2547 ], [ -95.7711, 16.2533 ], [ -95.7855, 16.2607 ], [ -95.7808, 16.2637 ], [ -95.784, 16.2672 ], [ -95.7682, 16.2698 ], [ -95.7557, 16.281 ], [ -95.7446, 16.281 ], [ -95.7371, 16.2861 ], [ -95.7163, 16.2809 ], [ -95.6953, 16.3363 ], [ -95.7672, 16.3428 ], [ -95.738, 16.3854 ], [ -95.7568, 16.407 ], [ -95.6864, 16.5117 ], [ -95.7606, 16.5374 ], [ -95.7645, 16.5447 ], [ -95.7463, 16.5873 ], [ -95.7316, 16.6074 ], [ -95.7066, 16.6122 ], [ -95.7227, 16.5892 ], [ -95.7155, 16.5836 ], [ -95.6717, 16.5726 ], [ -95.6692, 16.5365 ], [ -95.6309, 16.5285 ], [ -95.5838, 16.4808 ], [ -95.5381, 16.4572 ], [ -95.5319, 16.4441 ], [ -95.5239, 16.4375 ], [ -95.5232, 16.346 ] ] ] } },
{ "type": "Feature", "properties": { "cvegeo": "20037", "municipio_inegi": "Mesones Hidalgo", "clave": "mesones hidalgo", "region": "Mixteca", "sin_dato_siap": false }, "geometry": { "type": "Polygon", "coordinates": [ [ [ -97.9625, 16.9705 ], [ -97.9498, 16.9478 ], [ -97.9481, 16.9344 ], [ -97.9508, 16.935 ], [ -97.9532, 16.9289 ], [ -97.9485, 16.9255 ], [ -97.943, 16.9051 ], [ -97.9314, 16.9046 ], [ -97.9124, 16.8891 ], [ -97.9169, 16.8831 ], [ -97.9132, 16.8744 ], [ -97.9186, 16.8496 ], [ -97.9746, 16.877 ], [ -98.0039, 16.8857 ], [ -98.0156, 16.8804 ], [ -98.0807, 16.885 ], [ -98.0871, 16.914 ], [ -98.0956, 16.9237 ], [ -98.1005, 16.9407 ], [ -98.1075, 16.942 ], [ -98.1065, 16.9567 ], [ -98.1113, 16.9589 ], [ -98.0971, 16.9689 ], [ -98.102, 16.9603 ], [ -98.0489, 16.9717 ], [ -98.0365, 16.9786 ], [ -98.0332, 16.9767 ], [ -98.0399, 16.97 ], [ -98.0262, 16.9667 ], [ -97.9939, 16.9864 ], [ -97.9625, 16.9705 ] ] ] } },
{ "type": "Feature", "properties": { "cvegeo": "20106", "municipio_inegi": "San Antonio Acutla", "clave": "san antonio acutla", "region": "Mixteca", "sin_dato_siap": false }, "geometry": { "type": "Polygon", "coordinates": [ [ [ -97.4701, 17.7321 ], [ -97.4944, 17.721 ], [ -97.5013, 17.7226 ], [ -97.5061, 17.7184 ], [ -97.5021, 17.7235 ], [ -97.5088, 17.7253 ], [ -97.5215, 17.7484 ], [ -97.4825, 17.7698 ], [ -97.4801, 17.769 ], [ -97.4833, 17.7574 ], [ -97.4787, 17.7509 ], [ -97.4779, 17.7369 ], [ -97.4701, 17.7321 ] ] ] } },
{ "type": "Feature", "properties": { "cvegeo": "20038", "municipio_inegi": "Villa Hidalgo", "clave": "villa hidalgo", "region": "Sierra Juárez", "sin_dato_siap": false }, "geometry": { "type": "Polygon", "coordinates": [ [ [ -96.1715, 17.2323 ], [ -96.166, 17.2106 ], [ -96.1347, 17.2061 ], [ -96.1292, 17.1989 ], [ -96.1161, 17.1922 ], [ -96.1135, 17.183 ], [ -96.1196, 17.1755 ], [ -96.1166, 17.1659 ], [ -96.1263, 17.1625 ], [ -96.1303, 17.1517 ], [ -96.1348, 17.1544 ], [ -96.1429, 17.1493 ], [ -96.1585, 17.1317 ], [ -96.1791, 17.1453 ], [ -96.2002, 17.1772 ], [ -96.1955, 17.1785 ], [ -96.1924, 17.1867 ], [ -96.1945, 17.2071 ], [ -96.1912, 17.2075 ], [ -96.1921, 17.213 ], [ -96.1879, 17.2162 ], [ -96.1893, 17.222 ], [ -96.1839, 17.2291 ], [ -96.1842, 17.2372 ], [ -96.1715, 17.2323 ] ] ] } },
{ "type": "Feature", "properties": { "cvegeo": "20039", "municipio_inegi": "Heroica Ciudad de Huajuapan de León", "clave": "heroica ciudad de huajuapan de leon", "region": "Mixteca", "sin_dato_siap": false }, "geometry": { "type": "MultiPolygon", "coordinates": [ [ [ [ -97.7743, 17.9765 ], [ -97.752, 17.9729 ], [ -97.7446, 17.9562 ], [ -97.745, 17.948 ], [ -97.7129, 17.9104 ], [ -97.7188, 17.9048 ], [ -97.7212, 17.8947 ], [ -97.7153, 17.8863 ], [ -97.7171, 17.8759 ], [ -97.7134, 17.8752 ], [ -97.7302, 17.8607 ], [ -97.7276, 17.8581 ], [ -97.7341, 17.854 ], [ -97.7362, 17.8407 ], [ -97.7418, 17.8363 ], [ -97.7397, 17.8308 ], [ -97.7429, 17.8219 ], [ -97.7499, 17.8192 ], [ -97.7355, 17.8169 ], [ -97.7341, 17.8119 ], [ -97.7457, 17.8042 ], [ -97.7392, 17.8056 ], [ -97.728, 17.7995 ], [ -97.7339, 17.79 ], [ -97.7257, 17.7874 ], [ -97.7321, 17.7837 ], [ -97.7229, 17.7685 ], [ -97.7349, 17.7654 ], [ -97.7464, 17.7536 ], [ -97.7536, 17.7529 ], [ -97.7507, 17.7392 ], [ -97.7721, 17.7181 ], [ -97.7778, 17.7364 ], [ -97.7806, 17.7311 ], [ -97.7943, 17.7368 ], [ -97.7907, 17.739 ], [ -97.7939, 17.7535 ], [ -97.7999, 17.749 ], [ -97.8169, 17.7561 ], [ -97.8147, 17.7518 ], [ -97.8177, 17.7501 ], [ -97.822, 17.7545 ], [ -97.8358, 17.7569 ], [ -97.8404, 17.7545 ], [ -97.8231, 17.7502 ], [ -97.8199, 17.7419 ], [ -97.8306, 17.7345 ], [ -97.834, 17.736 ], [ -97.8345, 17.7306 ], [ -97.8455, 17.7358 ], [ -97.8547, 17.7292 ], [ -97.8594, 17.7348 ], [ -97.8699, 17.7389 ], [ -97.871, 17.7368 ], [ -97.8927, 17.749 ], [ -97.9022, 17.7584 ], [ -97.9117, 17.7578 ], [ -97.9103, 17.7695 ], [ -97.9026, 17.7702 ], [ -97.897, 17.7815 ], [ -97.8808, 17.7696 ], [ -97.8563, 17.7707 ], [ -97.8481, 17.781 ], [ -97.8438, 17.7759 ], [ -97.837, 17.7809 ], [ -97.8287, 17.7663 ], [ -97.8263, 17.7886 ], [ -97.8338, 17.8235 ], [ -97.8448, 17.8325 ], [ -97.8536, 17.8469 ], [ -97.9078, 17.8354 ], [ -97.9069, 17.8994 ], [ -97.9031, 17.9092 ], [ -97.8791, 17.9179 ], [ -97.8742, 17.9 ], [ -97.8621, 17.8867 ], [ -97.8582, 17.8645 ], [ -97.8437, 17.8446 ], [ -97.8308, 17.8571 ], [ -97.8047, 17.8465 ], [ -97.7916, 17.8453 ], [ -97.7904, 17.852 ], [ -97.8042, 17.8648 ], [ -97.8107, 17.8847 ], [ -97.8081, 17.8997 ], [ -97.804, 17.9025 ], [ -97.8192, 17.9158 ], [ -97.8112, 17.9381 ], [ -97.8128, 17.9465 ], [ -97.8035, 17.9538 ], [ -97.8034, 17.9605 ], [ -97.78, 17.9664 ], [ -97.7727, 17.9706 ], [ -97.7743, 17.9765 ] ] ], [ [ [ -97.7993, 18.0485 ], [ -97.7968, 18.0162 ], [ -97.79, 18.0133 ], [ -97.7909, 18.0042 ], [ -97.8166, 17.9935 ], [ -97.8263, 17.9727 ], [ -97.8426, 17.9961 ], [ -97.8427, 18.0189 ], [ -97.8369, 18.0326 ], [ -97.8125, 18.0289 ], [ -97.8138, 18.0384 ], [ -97.8031, 18.0404 ], [ -97.7993, 18.0485 ] ] ] ] } },
{ "type": "Feature", "properties": { "cvegeo": "20040", "municipio_inegi": "Huautepec", "clave": "huautepec", "region": "Cañada", "sin_dato_siap": false }, "geometry": { "type": "Polygon", "coordinates": [ [ [ -96.7847, 18.1158 ], [ -96.7817, 18.1054 ], [ -96.7717, 18.106 ], [ -96.731, 18.0728 ], [ -96.7619, 18.0554 ], [ -96.7773, 18.0588 ], [ -96.7836, 18.0497 ], [ -96.7847, 18.0367 ], [ -96.7918, 18.0283 ], [ -96.7904, 18.0242 ], [ -96.812, 18.0311 ], [ -96.817, 18.0625 ], [ -96.8111, 18.073 ], [ -96.8123, 18.0881 ], [ -96.8045, 18.1001 ], [ -96.8065, 18.1078 ], [ -96.7847, 18.1158 ] ] ] } },
{ "type": "Feature", "properties": { "cvegeo": "20041", "municipio_inegi": "Huautla de Jiménez", "clave": "huautla de jimenez", "region": "Cañada", "sin_dato_siap": false }, "geometry": { "type": "Polygon", "coordinates": [ [ [ -96.7537, 18.2343 ], [ -96.75, 18.193 ], [ -96.755, 18.1893 ], [ -96.7451, 18.1746 ], [ -96.7482, 18.1512 ], [ -96.7449, 18.1411 ], [ -96.7481, 18.1316 ], [ -96.7425, 18.129 ], [ -96.731, 18.0728 ], [ -96.7717, 18.106 ], [ -96.7817, 18.1054 ], [ -96.7831, 18.1155 ], [ -96.7914, 18.1129 ], [ -96.7948, 18.1159 ], [ -96.797, 18.1131 ], [ -96.8131, 18.1182 ], [ -96.82, 18.116 ], [ -96.8367, 18.0969 ], [ -96.8319, 18.0905 ], [ -96.8231, 18.0928 ], [ -96.8234, 18.0879 ], [ -96.8175, 18.0937 ], [ -96.8111, 18.0915 ], [ -96.8111, 18.073 ], [ -96.8171, 18.0601 ], [ -96.8321, 18.073 ], [ -96.8515, 18.0723 ], [ -96.8733, 18.0958 ], [ -96.8659, 18.1061 ], [ -96.8695, 18.1158 ], [ -96.8624, 18.1254 ], [ -96.8517, 18.1537 ], [ -96.8531, 18.1659 ], [ -96.8446, 18.1807 ], [ -96.8472, 18.187 ], [ -96.8347, 18.1861 ], [ -96.8335, 18.1931 ], [ -96.8247, 18.1952 ], [ -96.8192, 18.1936 ], [ -96.8223, 18.1879 ], [ -96.8189, 18.1865 ], [ -96.813, 18.1929 ], [ -96.8133, 18.1989 ], [ -96.7959, 18.2011 ], [ -96.7968, 18.2051 ], [ -96.7896, 18.2072 ], [ -96.765, 18.2328 ], [ -96.7537, 18.2343 ] ] ] } },
{ "type": "Feature", "properties": { "cvegeo": "20042", "municipio_inegi": "Ixtlán de Juárez", "clave": "ixtlan de juarez", "region": "Sierra Juárez", "sin_dato_siap": false }, "geometry": { "type": "Polygon", "coordinates": [ [ [ -96.1384, 17.6579 ], [ -96.1233, 17.6525 ], [ -96.1326, 17.6504 ], [ -96.1301, 17.6463 ], [ -96.1333, 17.6383 ], [ -96.1413, 17.6471 ], [ -96.1411, 17.6367 ], [ -96.1462, 17.6405 ], [ -96.1507, 17.6386 ], [ -96.1538, 17.6285 ], [ -96.1504, 17.6271 ], [ -96.1508, 17.6183 ], [ -96.1468, 17.6147 ], [ -96.1516, 17.6143 ], [ -96.1554, 17.6205 ], [ -96.1615, 17.6171 ], [ -96.1608, 17.6069 ], [ -96.1674, 17.6039 ], [ -96.164, 17.5992 ], [ -96.1718, 17.5926 ], [ -96.1682, 17.5896 ], [ -96.1751, 17.5856 ], [ -96.178, 17.5796 ], [ -96.1729, 17.5777 ], [ -96.1773, 17.5729 ], [ -96.1884, 17.5669 ], [ -96.2127, 17.5715 ], [ -96.2277, 17.5672 ], [ -96.2323, 17.561 ], [ -96.2362, 17.5412 ], [ -96.2439, 17.5366 ], [ -96.2638, 17.5372 ], [ -96.2739, 17.5298 ], [ -96.2847, 17.5025 ], [ -96.2715, 17.4902 ], [ -96.2683, 17.4801 ], [ -96.2719, 17.4729 ], [ -96.2944, 17.4619 ], [ -96.3069, 17.4498 ], [ -96.3061, 17.441 ], [ -96.3154, 17.4293 ], [ -96.3105, 17.412 ], [ -96.3144, 17.3986 ], [ -96.3117, 17.3956 ], [ -96.3218, 17.3819 ], [ -96.319, 17.3763 ], [ -96.3303, 17.3744 ], [ -96.3394, 17.3812 ], [ -96.3574, 17.3692 ], [ -96.3702, 17.3662 ], [ -96.3787, 17.3551 ], [ -96.3825, 17.362 ], [ -96.4022, 17.3418 ], [ -96.4348, 17.3421 ], [ -96.471, 17.3123 ], [ -96.4661, 17.3086 ], [ -96.4577, 17.2889 ], [ -96.479, 17.2941 ], [ -96.4916, 17.2933 ], [ -96.4992, 17.309 ], [ -96.4861, 17.308 ], [ -96.4885, 17.3194 ], [ -96.495, 17.3284 ], [ -96.4959, 17.3247 ], [ -96.5057, 17.3234 ], [ -96.5127, 17.3088 ], [ -96.5173, 17.3114 ], [ -96.521, 17.3072 ], [ -96.5278, 17.3097 ], [ -96.5225, 17.3453 ], [ -96.5091, 17.3585 ], [ -96.4992, 17.3812 ], [ -96.4935, 17.3957 ], [ -96.4942, 17.4128 ], [ -96.4711, 17.427 ], [ -96.4534, 17.4476 ], [ -96.431, 17.463 ], [ -96.4231, 17.4715 ], [ -96.4239, 17.4756 ], [ -96.4161, 17.4787 ], [ -96.4083, 17.4951 ], [ -96.3981, 17.5011 ], [ -96.4002, 17.5094 ], [ -96.3907, 17.537 ], [ -96.3985, 17.5491 ], [ -96.394, 17.5617 ], [ -96.3958, 17.57 ], [ -96.3866, 17.5732 ], [ -96.3748, 17.5699 ], [ -96.3696, 17.574 ], [ -96.3692, 17.5814 ], [ -96.3569, 17.5823 ], [ -96.3521, 17.5917 ], [ -96.3397, 17.5822 ], [ -96.3196, 17.5913 ], [ -96.3115, 17.6015 ], [ -96.2944, 17.6057 ], [ -96.2949, 17.6134 ], [ -96.2994, 17.6184 ], [ -96.2959, 17.6318 ], [ -96.3029, 17.63 ], [ -96.3109, 17.6388 ], [ -96.3057, 17.6393 ], [ -96.3041, 17.647 ], [ -96.2924, 17.644 ], [ -96.2915, 17.6535 ], [ -96.2854, 17.6536 ], [ -96.2867, 17.6573 ], [ -96.2596, 17.6543 ], [ -96.2524, 17.6564 ], [ -96.248, 17.6496 ], [ -96.1654, 17.6645 ], [ -96.136, 17.6614 ], [ -96.1384, 17.6579 ] ], [ [ -96.405, 17.4576 ], [ -96.4191, 17.4371 ], [ -96.4, 17.4316 ], [ -96.3955, 17.4195 ], [ -96.3817, 17.4078 ], [ -96.4043, 17.4102 ], [ -96.4096, 17.4027 ], [ -96.4171, 17.3999 ], [ -96.4149, 17.3978 ], [ -96.3873, 17.3938 ], [ -96.3821, 17.3981 ], [ -96.3789, 17.3953 ], [ -96.369, 17.4057 ], [ -96.3612, 17.401 ], [ -96.3591, 17.4065 ], [ -96.3484, 17.4087 ], [ -96.3373, 17.4204 ], [ -96.405, 17.4576 ] ] ] } },
{ "type": "Feature", "properties": { "cvegeo": "20043", "municipio_inegi": "Juchitán de Zaragoza", "clave": "juchitan de zaragoza", "region": "Istmo", "sin_dato_siap": false }, "geometry": { "type": "Polygon", "coordinates": [ [ [ -94.8063, 16.5929 ], [ -94.8041, 16.5631 ], [ -94.8144, 16.5193 ], [ -94.8225, 16.5271 ], [ -94.8393, 16.5339 ], [ -94.8385, 16.5196 ], [ -94.8494, 16.5154 ], [ -94.8579, 16.519 ], [ -94.8646, 16.5106 ], [ -94.8723, 16.5089 ], [ -94.872, 16.516 ], [ -94.8638, 16.5291 ], [ -94.8735, 16.5329 ], [ -94.88, 16.5245 ], [ -94.893, 16.5266 ], [ -94.9015, 16.521 ], [ -94.904, 16.496 ], [ -94.8867, 16.4596 ], [ -94.8698, 16.4632 ], [ -94.8385, 16.4406 ], [ -94.8377, 16.4578 ], [ -94.8255, 16.459 ], [ -94.8292, 16.4629 ], [ -94.8247, 16.4682 ], [ -94.7877, 16.4444 ], [ -94.7928, 16.4455 ], [ -94.8024, 16.4389 ], [ -94.8093, 16.4073 ], [ -94.8137, 16.404 ], [ -94.8203, 16.4073 ], [ -94.8233, 16.4035 ], [ -94.8105, 16.3968 ], [ -94.8084, 16.3907 ], [ -94.8118, 16.384 ], [ -94.8224, 16.3782 ], [ -94.8154, 16.3746 ], [ -94.8167, 16.3683 ], [ -94.8063, 16.3648 ], [ -94.799, 16.3466 ], [ -94.7728, 16.3327 ], [ -94.7726, 16.3269 ], [ -94.7919, 16.3077 ], [ -94.8262, 16.2923 ], [ -94.8662, 16.2814 ], [ -94.857, 16.2771 ], [ -94.8571, 16.274 ], [ -94.8456, 16.2721 ], [ -94.8559, 16.2615 ], [ -94.8467, 16.2509 ], [ -94.8371, 16.2272 ], [ -94.8073, 16.2224 ], [ -94.7675, 16.2231 ], [ -94.7566, 16.2101 ], [ -94.8644, 16.2141 ], [ -94.9236, 16.2076 ], [ -94.9334, 16.209 ], [ -94.9407, 16.233 ], [ -95.0542, 16.2243 ], [ -95.0806, 16.2261 ], [ -95.1167, 16.2348 ], [ -95.1176, 16.2558 ], [ -95.1236, 16.2651 ], [ -95.1243, 16.2835 ], [ -95.1184, 16.3023 ], [ -95.122, 16.3071 ], [ -95.1076, 16.3036 ], [ -95.0969, 16.3068 ], [ -95.0735, 16.3316 ], [ -95.0684, 16.3259 ], [ -95.0415, 16.3224 ], [ -95.0388, 16.3176 ], [ -95.0379, 16.3258 ], [ -95.0281, 16.3265 ], [ -95.0325, 16.3299 ], [ -95.0243, 16.337 ], [ -95.0266, 16.3321 ], [ -95.0074, 16.3334 ], [ -94.9853, 16.3282 ], [ -94.9666, 16.3374 ], [ -94.9594, 16.3663 ], [ -94.9639, 16.3686 ], [ -94.9713, 16.366 ], [ -94.9947, 16.3778 ], [ -95.0017, 16.3862 ], [ -95.0041, 16.403 ], [ -95.0203, 16.4203 ], [ -95.0245, 16.4178 ], [ -95.0269, 16.405 ], [ -95.0402, 16.4092 ], [ -95.0461, 16.4031 ], [ -95.047, 16.412 ], [ -95.0623, 16.403 ], [ -95.0636, 16.3683 ], [ -95.0886, 16.3679 ], [ -95.0956, 16.3798 ], [ -95.0916, 16.3883 ], [ -95.1019, 16.3979 ], [ -95.1006, 16.4017 ], [ -95.0399, 16.432 ], [ -95.0402, 16.4497 ], [ -95.0353, 16.4497 ], [ -95.0447, 16.4591 ], [ -95.0235, 16.4727 ], [ -95.024, 16.4808 ], [ -95.0149, 16.4836 ], [ -95.0075, 16.477 ], [ -94.9993, 16.4765 ], [ -94.9994, 16.4808 ], [ -94.9892, 16.4779 ], [ -94.9686, 16.5154 ], [ -94.9738, 16.5179 ], [ -94.9797, 16.5292 ], [ -94.9692, 16.5386 ], [ -94.9694, 16.546 ], [ -94.9761, 16.5545 ], [ -94.9701, 16.5681 ], [ -94.9536, 16.5708 ], [ -94.9531, 16.5827 ], [ -94.9296, 16.5785 ], [ -94.9195, 16.5913 ], [ -94.8948, 16.5803 ], [ -94.8861, 16.5819 ], [ -94.8764, 16.5764 ], [ -94.8766, 16.6093 ], [ -94.8575, 16.6163 ], [ -94.8343, 16.619 ], [ -94.7981, 16.6158 ], [ -94.8003, 16.6093 ], [ -94.7951, 16.6087 ], [ -94.8063, 16.5929 ] ] ] } },
{ "type": "Feature", "properties": { "cvegeo": "20044", "municipio_inegi": "Loma Bonita", "clave": "loma bonita", "region": "Papaloapan", "sin_dato_siap": false }, "geometry": { "type": "MultiPolygon", "coordinates": [ [ [ [ -95.8589, 17.8445 ], [ -95.8493, 17.8258 ], [ -95.8558, 17.8056 ], [ -95.869, 17.7966 ], [ -95.8664, 17.7744 ], [ -95.8789, 17.7735 ], [ -95.8988, 17.7657 ], [ -95.9147, 17.7915 ], [ -95.9214, 17.7908 ], [ -95.9235, 17.7999 ], [ -95.8989, 17.8016 ], [ -95.8845, 17.8089 ], [ -95.8852, 17.8156 ], [ -95.8905, 17.8171 ], [ -95.901, 17.8131 ], [ -95.9027, 17.8177 ], [ -95.906, 17.8165 ], [ -95.9075, 17.8202 ], [ -95.9013, 17.8237 ], [ -95.8971, 17.82 ], [ -95.8805, 17.8206 ], [ -95.8795, 17.8155 ], [ -95.8664, 17.8208 ], [ -95.8652, 17.8291 ], [ -95.8612, 17.8299 ], [ -95.8632, 17.8423 ], [ -95.8589, 17.8445 ] ] ], [ [ [ -95.9545, 18.1597 ], [ -95.9374, 18.1568 ], [ -95.9324, 18.1515 ], [ -95.9364, 18.1468 ], [ -95.9333, 18.1417 ], [ -95.9257, 18.1464 ], [ -95.9222, 18.1411 ], [ -95.9221, 18.1508 ], [ -95.9146, 18.1522 ], [ -95.9135, 18.1386 ], [ -95.9072, 18.1356 ], [ -95.8332, 18.129 ], [ -95.7999, 17.95 ], [ -95.8485, 17.8481 ], [ -95.8545, 17.8495 ], [ -95.8503, 17.8553 ], [ -95.8682, 17.8603 ], [ -95.8693, 17.8568 ], [ -95.8956, 17.8561 ], [ -95.9049, 17.8749 ], [ -95.8885, 17.8818 ], [ -95.8951, 17.8886 ], [ -95.9011, 17.8831 ], [ -95.907, 17.8892 ], [ -95.9003, 17.8951 ], [ -95.9244, 17.8974 ], [ -95.9233, 17.9095 ], [ -95.945, 17.9133 ], [ -95.9457, 17.9282 ], [ -95.951, 17.9294 ], [ -95.9519, 17.9352 ], [ -95.9517, 17.941 ], [ -95.9443, 17.9419 ], [ -95.9443, 17.9462 ], [ -95.9514, 17.9511 ], [ -95.9497, 17.9714 ], [ -95.9421, 17.9822 ], [ -95.955, 17.9852 ], [ -95.9679, 17.998 ], [ -95.9676, 18.0046 ], [ -95.9888, 18.0234 ], [ -95.9786, 18.0432 ], [ -95.9856, 18.049 ], [ -95.9871, 18.0555 ], [ -95.9835, 18.0962 ], [ -95.9733, 18.0807 ], [ -95.9679, 18.0836 ], [ -95.9668, 18.0936 ], [ -95.9733, 18.0937 ], [ -95.9729, 18.1182 ], [ -95.9785, 18.1203 ], [ -95.976, 18.1347 ], [ -95.9793, 18.1467 ], [ -95.9669, 18.1543 ], [ -95.9584, 18.153 ], [ -95.9591, 18.1571 ], [ -95.9545, 18.1597 ] ] ] ] } },
{ "type": "Feature", "properties": { "cvegeo": "20045", "municipio_inegi": "Magdalena Apasco", "clave": "magdalena apasco", "region": "Valles Centrales", "sin_dato_siap": false }, "geometry": { "type": "Polygon", "coordinates": [ [ [ -96.8033, 17.2615 ], [ -96.78, 17.2681 ], [ -96.7873, 17.2461 ], [ -96.7977, 17.2302 ], [ -96.7956, 17.217 ], [ -96.803, 17.2133 ], [ -96.8076, 17.2222 ], [ -96.8033, 17.2245 ], [ -96.8048, 17.2353 ], [ -96.8168, 17.2367 ], [ -96.819, 17.2323 ], [ -96.8145, 17.231 ], [ -96.8144, 17.2267 ], [ -96.8198, 17.2183 ], [ -96.8235, 17.2192 ], [ -96.8225, 17.2242 ], [ -96.8303, 17.2161 ], [ -96.8338, 17.2213 ], [ -96.8361, 17.2191 ], [ -96.8461, 17.222 ], [ -96.8481, 17.2289 ], [ -96.842, 17.2385 ], [ -96.8365, 17.2393 ], [ -96.8358, 17.2434 ], [ -96.8311, 17.2427 ], [ -96.8273, 17.2486 ], [ -96.83, 17.25 ], [ -96.833, 17.2842 ], [ -96.8162, 17.2786 ], [ -96.8033, 17.2615 ] ] ] } },
{ "type": "Feature", "properties": { "cvegeo": "20046", "municipio_inegi": "Magdalena Jaltepec", "clave": "magdalena jaltepec", "region": "Mixteca", "sin_dato_siap": false }, "geometry": { "type": "Polygon", "coordinates": [ [ [ -97.1695, 17.3833 ], [ -97.1679, 17.3761 ], [ -97.1609, 17.3777 ], [ -97.156, 17.3305 ], [ -97.1482, 17.3279 ], [ -97.1778, 17.301 ], [ -97.1829, 17.2539 ], [ -97.1951, 17.2563 ], [ -97.2131, 17.2428 ], [ -97.2244, 17.2208 ], [ -97.2385, 17.2079 ], [ -97.2596, 17.21 ], [ -97.2534, 17.2309 ], [ -97.2821, 17.2305 ], [ -97.2797, 17.2289 ], [ -97.2864, 17.2227 ], [ -97.2834, 17.2075 ], [ -97.2869, 17.2027 ], [ -97.2788, 17.1875 ], [ -97.2676, 17.1881 ], [ -97.243, 17.1734 ], [ -97.2632, 17.1528 ], [ -97.2564, 17.1275 ], [ -97.2598, 17.1161 ], [ -97.2641, 17.1157 ], [ -97.2658, 17.1113 ], [ -97.2642, 17.1051 ], [ -97.2926, 17.122 ], [ -97.3263, 17.1268 ], [ -97.3249, 17.1329 ], [ -97.3332, 17.1539 ], [ -97.3119, 17.1712 ], [ -97.3134, 17.1867 ], [ -97.3093, 17.1979 ], [ -97.2975, 17.2099 ], [ -97.2882, 17.2301 ], [ -97.302, 17.2903 ], [ -97.258, 17.3207 ], [ -97.2432, 17.3645 ], [ -97.2091, 17.3662 ], [ -97.1993, 17.3756 ], [ -97.1922, 17.3733 ], [ -97.1695, 17.3833 ] ] ] } },
{ "type": "Feature", "properties": { "cvegeo": "20047", "municipio_inegi": "Santa Magdalena Jicotlán", "clave": "santa magdalena jicotlan", "region": "Mixteca", "sin_dato_siap": false }, "geometry": { "type": "Polygon", "coordinates": [ [ [ -97.5084, 17.8304 ], [ -97.47, 17.8238 ], [ -97.4603, 17.8288 ], [ -97.4532, 17.8249 ], [ -97.4478, 17.8267 ], [ -97.4546, 17.815 ], [ -97.4554, 17.7923 ], [ -97.4783, 17.7808 ], [ -97.4808, 17.7858 ], [ -97.4869, 17.7777 ], [ -97.5101, 17.7964 ], [ -97.5084, 17.8304 ] ] ] } },
{ "type": "Feature", "properties": { "cvegeo": "20053", "municipio_inegi": "Magdalena Tlacotepec", "clave": "magdalena tlacotepec", "region": "Istmo", "sin_dato_siap": false }, "geometry": { "type": "Polygon", "coordinates": [ [ [ -95.2659, 16.5444 ], [ -95.2023, 16.5355 ], [ -95.1826, 16.5388 ], [ -95.1775, 16.5277 ], [ -95.183, 16.5138 ], [ -95.1793, 16.5021 ], [ -95.1752, 16.5001 ], [ -95.1755, 16.494 ], [ -95.1881, 16.488 ], [ -95.1896, 16.4648 ], [ -95.2428, 16.4578 ], [ -95.2634, 16.4715 ], [ -95.2746, 16.4848 ], [ -95.319, 16.4957 ], [ -95.3315, 16.5749 ], [ -95.2659, 16.5444 ] ] ] } },
{ "type": "Feature", "properties": { "cvegeo": "20054", "municipio_inegi": "Magdalena Zahuatlán", "clave": "magdalena zahuatlan", "region": "Mixteca", "sin_dato_siap": false }, "geometry": { "type": "Polygon", "coordinates": [ [ [ -97.2119, 17.4194 ], [ -97.1993, 17.3756 ], [ -97.2091, 17.3662 ], [ -97.2432, 17.3645 ], [ -97.2495, 17.3932 ], [ -97.2466, 17.3969 ], [ -97.2516, 17.4055 ], [ -97.2482, 17.4041 ], [ -97.2253, 17.4202 ], [ -97.2119, 17.4194 ] ] ] } },
{ "type": "Feature", "properties": { "cvegeo": "20055", "municipio_inegi": "Mariscala de Juárez", "clave": "mariscala de juarez", "region": "Mixteca", "sin_dato_siap": false }, "geometry": { "type": "Polygon", "coordinates": [ [ [ -98.1591, 17.9259 ], [ -98.1525, 17.9179 ], [ -98.1566, 17.9148 ], [ -98.1554, 17.9059 ], [ -98.145, 17.9079 ], [ -98.1558, 17.8973 ], [ -98.1424, 17.8966 ], [ -98.1404, 17.891 ], [ -98.1305, 17.8937 ], [ -98.1268, 17.8888 ], [ -98.1138, 17.886 ], [ -98.1084, 17.8779 ], [ -98.1, 17.8833 ], [ -98.1041, 17.8933 ], [ -98.0693, 17.8821 ], [ -98.0684, 17.8548 ], [ -98.0826, 17.8579 ], [ -98.0823, 17.8458 ], [ -98.0897, 17.837 ], [ -98.102, 17.8488 ], [ -98.1158, 17.8343 ], [ -98.0953, 17.8121 ], [ -98.0696, 17.7719 ], [ -98.0738, 17.7619 ], [ -98.0646, 17.7619 ], [ -98.061, 17.7569 ], [ -98.0547, 17.7559 ], [ -98.0448, 17.7422 ], [ -98.0589, 17.744 ], [ -98.0601, 17.7405 ], [ -98.0699, 17.7398 ], [ -98.0651, 17.7315 ], [ -98.0669, 17.7197 ], [ -98.0702, 17.7218 ], [ -98.0715, 17.7179 ], [ -98.0718, 17.7222 ], [ -98.0782, 17.7175 ], [ -98.0956, 17.7229 ], [ -98.1026, 17.7151 ], [ -98.1075, 17.7147 ], [ -98.1106, 17.7152 ], [ -98.1074, 17.7211 ], [ -98.1118, 17.7262 ], [ -98.1216, 17.7239 ], [ -98.1237, 17.7285 ], [ -98.1201, 17.7294 ], [ -98.1115, 17.755 ], [ -98.1147, 17.756 ], [ -98.1122, 17.7818 ], [ -98.1287, 17.7851 ], [ -98.1432, 17.8061 ], [ -98.1315, 17.8097 ], [ -98.1407, 17.8444 ], [ -98.1503, 17.843 ], [ -98.1541, 17.839 ], [ -98.1659, 17.8448 ], [ -98.172, 17.84 ], [ -98.1768, 17.8422 ], [ -98.1836, 17.8327 ], [ -98.1939, 17.8351 ], [ -98.195, 17.8402 ], [ -98.1993, 17.8406 ], [ -98.2009, 17.8739 ], [ -98.2071, 17.887 ], [ -98.2028, 17.8924 ], [ -98.1959, 17.8922 ], [ -98.1964, 17.8955 ], [ -98.1818, 17.8959 ], [ -98.1709, 17.9021 ], [ -98.1676, 17.9099 ], [ -98.1705, 17.9149 ], [ -98.1591, 17.9259 ] ] ] } },
{ "type": "Feature", "properties": { "cvegeo": "20508", "municipio_inegi": "Santo Domingo Chihuitán", "clave": "santo domingo chihuitan", "region": "Istmo", "sin_dato_siap": false }, "geometry": { "type": "Polygon", "coordinates": [ [ [ -95.1622, 16.7112 ], [ -95.1693, 16.6949 ], [ -95.1644, 16.6543 ], [ -95.1544, 16.6576 ], [ -95.1515, 16.6087 ], [ -95.1391, 16.5946 ], [ -95.1333, 16.5943 ], [ -95.1322, 16.5892 ], [ -95.1382, 16.591 ], [ -95.141, 16.5877 ], [ -95.1462, 16.5649 ], [ -95.1594, 16.568 ], [ -95.1596, 16.5489 ], [ -95.1869, 16.5525 ], [ -95.1849, 16.589 ], [ -95.1773, 16.6111 ], [ -95.1854, 16.6118 ], [ -95.1984, 16.6235 ], [ -95.2011, 16.6724 ], [ -95.1997, 16.7117 ], [ -95.1622, 16.7112 ] ] ] } },
{ "type": "Feature", "properties": { "cvegeo": "20048", "municipio_inegi": "Magdalena Mixtepec", "clave": "magdalena mixtepec", "region": "Valles Centrales", "sin_dato_siap": false }, "geometry": { "type": "Polygon", "coordinates": [ [ [ -96.888, 16.9449 ], [ -96.8818, 16.9153 ], [ -96.8837, 16.9002 ], [ -96.8762, 16.8881 ], [ -96.8565, 16.8859 ], [ -96.8478, 16.8795 ], [ -96.859, 16.8723 ], [ -96.8678, 16.8785 ], [ -96.8728, 16.8739 ], [ -96.8873, 16.8712 ], [ -96.8929, 16.8747 ], [ -96.9053, 16.8724 ], [ -96.9241, 16.8642 ], [ -96.9292, 16.8747 ], [ -96.9438, 16.8842 ], [ -96.9558, 16.8854 ], [ -96.97, 16.8923 ], [ -96.9702, 16.9055 ], [ -96.9639, 16.9104 ], [ -96.9551, 16.9006 ], [ -96.9353, 16.8966 ], [ -96.9192, 16.8805 ], [ -96.9179, 16.89 ], [ -96.9256, 16.9039 ], [ -96.9207, 16.917 ], [ -96.9034, 16.9274 ], [ -96.9016, 16.9336 ], [ -96.888, 16.9449 ] ] ] } },
{ "type": "Feature", "properties": { "cvegeo": "20509", "municipio_inegi": "Santo Domingo de Morelos", "clave": "santo domingo de morelos", "region": "Costa", "sin_dato_siap": false }, "geometry": { "type": "Polygon", "coordinates": [ [ [ -96.6313, 15.8747 ], [ -96.6023, 15.8655 ], [ -96.5907, 15.8701 ], [ -96.588, 15.8746 ], [ -96.5828, 15.8715 ], [ -96.5878, 15.8575 ], [ -96.5831, 15.8549 ], [ -96.5839, 15.8444 ], [ -96.5873, 15.8436 ], [ -96.5884, 15.8376 ], [ -96.5736, 15.8213 ], [ -96.5757, 15.8169 ], [ -96.5663, 15.7964 ], [ -96.5905, 15.7987 ], [ -96.6199, 15.7882 ], [ -96.6516, 15.79 ], [ -96.6577, 15.7881 ], [ -96.6584, 15.7844 ], [ -96.6629, 15.7851 ], [ -96.6744, 15.7965 ], [ -96.6763, 15.8109 ], [ -96.6881, 15.826 ], [ -96.6906, 15.8241 ], [ -96.7042, 15.8368 ], [ -96.7032, 15.841 ], [ -96.6392, 15.9008 ], [ -96.6366, 15.8867 ], [ -96.63, 15.8792 ], [ -96.6313, 15.8747 ] ] ] } },
{ "type": "Feature", "properties": { "cvegeo": "20056", "municipio_inegi": "Mártires de Tacubaya", "clave": "martires de tacubaya", "region": "Costa", "sin_dato_siap": false }, "geometry": { "type": "Polygon", "coordinates": [ [ [ -98.2085, 16.5848 ], [ -98.2055, 16.5859 ], [ -98.2107, 16.5725 ], [ -98.2012, 16.5724 ], [ -98.215, 16.5573 ], [ -98.1944, 16.553 ], [ -98.1881, 16.5576 ], [ -98.2023, 16.5103 ], [ -98.2777, 16.5128 ], [ -98.2822, 16.5464 ], [ -98.2928, 16.5578 ], [ -98.2694, 16.5585 ], [ -98.2499, 16.5635 ], [ -98.2293, 16.5809 ], [ -98.2073, 16.5899 ], [ -98.2085, 16.5848 ] ] ] } },
{ "type": "Feature", "properties": { "cvegeo": "20057", "municipio_inegi": "Matías Romero Avendaño", "clave": "matias romero avendano", "region": "Istmo", "sin_dato_siap": false }, "geometry": { "type": "MultiPolygon", "coordinates": [ [ [ [ -95.1221, 17.432 ], [ -95.0766, 17.3729 ], [ -94.9712, 17.331 ], [ -94.9665, 17.3344 ], [ -94.9606, 17.3231 ], [ -94.9521, 17.3161 ], [ -94.9446, 17.3145 ], [ -94.9272, 17.3251 ], [ -94.9115, 17.3143 ], [ -94.901, 17.3171 ], [ -94.8908, 17.3111 ], [ -94.889, 17.3001 ], [ -94.9091, 17.2972 ], [ -94.9148, 17.2926 ], [ -94.9131, 17.2862 ], [ -94.9042, 17.2896 ], [ -94.9013, 17.2875 ], [ -94.9097, 17.268 ], [ -94.8954, 17.2564 ], [ -94.9096, 17.2428 ], [ -94.9053, 17.2369 ], [ -94.9105, 17.2279 ], [ -94.9112, 17.2137 ], [ -94.9154, 17.2062 ], [ -94.923, 17.2041 ], [ -94.9228, 17.1938 ], [ -94.8236, 17.1888 ], [ -94.8259, 17.1797 ], [ -94.8129, 17.1566 ], [ -94.8176, 17.1546 ], [ -94.8096, 17.1505 ], [ -94.8137, 17.1476 ], [ -94.8019, 17.1257 ], [ -94.7963, 17.124 ], [ -94.8, 17.1262 ], [ -94.7948, 17.1339 ], [ -94.7896, 17.132 ], [ -94.7877, 17.1291 ], [ -94.7953, 17.1222 ], [ -94.7902, 17.1147 ], [ -94.7549, 17.1146 ], [ -94.7526, 17.1114 ], [ -94.7599, 17.1092 ], [ -94.763, 17.0976 ], [ -94.7506, 17.0902 ], [ -94.7494, 17.0943 ], [ -94.7421, 17.0912 ], [ -94.7481, 17.1026 ], [ -94.7426, 17.1047 ], [ -94.7242, 17.1073 ], [ -94.7179, 17.0935 ], [ -94.7064, 17.0982 ], [ -94.7052, 17.0905 ], [ -94.7019, 17.0895 ], [ -94.7063, 17.0877 ], [ -94.7104, 17.0738 ], [ -94.7144, 17.0755 ], [ -94.7424, 17.045 ], [ -94.7532, 17.0421 ], [ -94.7546, 17.0451 ], [ -94.777, 17.0447 ], [ -94.7821, 17.0325 ], [ -94.8034, 17.0447 ], [ -94.8067, 17.039 ], [ -94.8114, 17.0402 ], [ -94.8119, 17.0295 ], [ -94.8211, 17.029 ], [ -94.836, 17.0388 ], [ -94.8389, 17.0534 ], [ -94.8477, 17.0486 ], [ -94.8513, 17.053 ], [ -94.8645, 17.0569 ], [ -94.866, 17.0506 ], [ -94.8795, 17.0505 ], [ -94.8758, 17.0525 ], [ -94.8773, 17.0624 ], [ -94.8829, 17.0683 ], [ -94.8805, 17.0619 ], [ -94.8836, 17.0587 ], [ -94.8932, 17.0617 ], [ -94.8994, 17.0592 ], [ -94.8888, 17.0497 ], [ -94.8931, 17.0438 ], [ -94.9167, 17.0459 ], [ -94.9103, 17.0399 ], [ -94.8834, 17.0305 ], [ -94.8791, 17.0205 ], [ -94.8842, 17.0131 ], [ -94.8814, 17.0078 ], [ -94.8718, 17.0098 ], [ -94.8635, 17.0068 ], [ -94.8407, 17.0158 ], [ -94.8397, 17.0122 ], [ -94.8484, 16.9994 ], [ -94.844, 16.9874 ], [ -94.8341, 16.9838 ], [ -94.834, 16.9787 ], [ -94.8151, 16.9746 ], [ -94.8222, 16.9624 ], [ -94.8087, 16.9622 ], [ -94.7957, 16.9504 ], [ -94.7882, 16.9537 ], [ -94.775, 16.949 ], [ -94.7711, 16.9406 ], [ -94.7786, 16.9384 ], [ -94.781, 16.9335 ], [ -94.7708, 16.9283 ], [ -94.7749, 16.9124 ], [ -94.7836, 16.9108 ], [ -94.7886, 16.9145 ], [ -94.7959, 16.9035 ], [ -94.8061, 16.9071 ], [ -94.8201, 16.8999 ], [ -94.8285, 16.9012 ], [ -94.8347, 16.8953 ], [ -94.8537, 16.8932 ], [ -94.8677, 16.9096 ], [ -94.881, 16.9096 ], [ -94.8841, 16.9008 ], [ -94.8918, 16.8943 ], [ -94.9034, 16.8972 ], [ -94.9177, 16.8788 ], [ -94.9229, 16.8866 ], [ -94.9372, 16.8896 ], [ -94.9325, 16.8773 ], [ -94.9479, 16.877 ], [ -94.9576, 16.8675 ], [ -94.9722, 16.8703 ], [ -94.9718, 16.8596 ], [ -94.9825, 16.8574 ], [ -94.9853, 16.8611 ], [ -94.9948, 16.8499 ], [ -95.0064, 16.8481 ], [ -95.0172, 16.848 ], [ -95.0257, 16.8571 ], [ -95.0287, 16.8503 ], [ -95.0444, 16.8442 ], [ -95.0502, 16.8331 ], [ -95.0638, 16.8354 ], [ -95.0603, 16.8613 ], [ -95.0506, 16.8597 ], [ -95.049, 16.8898 ], [ -95.0282, 16.8811 ], [ -95.0286, 16.8785 ], [ -95.016, 16.8789 ], [ -95.0181, 16.8849 ], [ -95.0143, 16.8874 ], [ -95.0258, 16.8859 ], [ -95.0223, 16.8881 ], [ -95.0351, 16.8931 ], [ -95.0332, 16.9006 ], [ -95.046, 16.8991 ], [ -95.0462, 16.9031 ], [ -95.0186, 16.9079 ], [ -95.0112, 16.9124 ], [ -95.0114, 16.9185 ], [ -94.993, 16.9316 ], [ -94.988, 16.9304 ], [ -94.9809, 16.921 ], [ -94.9711, 16.9279 ], [ -94.9655, 16.9236 ], [ -94.9552, 16.9261 ], [ -94.9557, 16.9343 ], [ -94.9438, 16.9377 ], [ -94.9509, 16.9495 ], [ -94.9409, 16.9575 ], [ -94.9447, 16.9614 ], [ -94.9471, 16.9768 ], [ -94.9542, 16.97 ], [ -94.9577, 16.9784 ], [ -94.9445, 16.9824 ], [ -94.9445, 16.9878 ], [ -94.9605, 16.9957 ], [ -94.9624, 17.0032 ], [ -94.9469, 16.9976 ], [ -94.9453, 17.0098 ], [ -94.9478, 17.0114 ], [ -94.9333, 17.0229 ], [ -94.9402, 17.0282 ], [ -94.943, 17.0234 ], [ -94.9475, 17.0239 ], [ -94.9481, 17.0293 ], [ -94.9585, 17.0371 ], [ -94.9655, 17.0341 ], [ -94.9687, 17.0376 ], [ -94.9792, 17.0355 ], [ -94.9804, 17.0482 ], [ -94.9761, 17.0556 ], [ -94.9576, 17.0682 ], [ -94.9651, 17.0705 ], [ -94.9592, 17.1032 ], [ -94.9418, 17.1129 ], [ -94.9452, 17.1151 ], [ -94.9438, 17.1207 ], [ -94.9519, 17.1255 ], [ -94.9535, 17.1436 ], [ -94.9552, 17.1378 ], [ -94.9598, 17.1426 ], [ -94.9662, 17.1395 ], [ -94.9768, 17.1476 ], [ -94.9744, 17.1286 ], [ -94.9799, 17.12 ], [ -94.9867, 17.1196 ], [ -94.9941, 17.1131 ], [ -94.9933, 17.0937 ], [ -94.9968, 17.107 ], [ -95.0145, 17.1205 ], [ -95.0251, 17.1169 ], [ -95.0267, 17.1005 ], [ -95.0364, 17.117 ], [ -95.0522, 17.1192 ], [ -95.0546, 17.1133 ], [ -95.0444, 17.1035 ], [ -95.05, 17.1013 ], [ -95.0504, 17.0964 ], [ -95.0531, 17.0973 ], [ -95.0606, 17.0876 ], [ -95.0676, 17.0973 ], [ -95.0754, 17.0992 ], [ -95.0684, 17.1162 ], [ -95.0714, 17.1227 ], [ -95.0685, 17.1278 ], [ -95.072, 17.1343 ], [ -95.0701, 17.1447 ], [ -95.0849, 17.1488 ], [ -95.0961, 17.1633 ], [ -95.1071, 17.1667 ], [ -95.1133, 17.1932 ], [ -95.1297, 17.1973 ], [ -95.128, 17.1909 ], [ -95.1223, 17.1872 ], [ -95.137, 17.1829 ], [ -95.1369, 17.1783 ], [ -95.1585, 17.1895 ], [ -95.1587, 17.2021 ], [ -95.1536, 17.2053 ], [ -95.158, 17.2071 ], [ -95.1553, 17.2214 ], [ -95.1661, 17.2317 ], [ -95.1655, 17.2414 ], [ -95.1535, 17.2439 ], [ -95.1555, 17.27 ], [ -95.1481, 17.2621 ], [ -95.1406, 17.2728 ], [ -95.1487, 17.2739 ], [ -95.148, 17.2956 ], [ -95.1521, 17.2958 ], [ -95.1538, 17.3106 ], [ -95.1533, 17.3138 ], [ -95.1416, 17.3131 ], [ -95.1353, 17.3544 ], [ -95.1436, 17.3557 ], [ -95.1442, 17.3511 ], [ -95.1684, 17.3546 ], [ -95.1688, 17.352 ], [ -95.1782, 17.352 ], [ -95.1791, 17.3565 ], [ -95.1898, 17.3558 ], [ -95.1902, 17.359 ], [ -95.1928, 17.3567 ], [ -95.1889, 17.3498 ], [ -95.1684, 17.3223 ], [ -95.2034, 17.3155 ], [ -95.2184, 17.3341 ], [ -95.2178, 17.3677 ], [ -95.2142, 17.368 ], [ -95.2166, 17.3796 ], [ -95.2057, 17.3757 ], [ -95.1977, 17.3795 ], [ -95.1868, 17.3722 ], [ -95.1825, 17.4232 ], [ -95.1527, 17.4276 ], [ -95.1526, 17.4113 ], [ -95.1389, 17.412 ], [ -95.1438, 17.4289 ], [ -95.1221, 17.432 ] ], [ [ -94.9915, 17.265 ], [ -94.9986, 17.2524 ], [ -94.9943, 17.24 ], [ -94.9892, 17.2371 ], [ -94.9941, 17.231 ], [ -94.9876, 17.2303 ], [ -94.9875, 17.2029 ], [ -94.9841, 17.1988 ], [ -94.9776, 17.2155 ], [ -94.9709, 17.2111 ], [ -94.9566, 17.215 ], [ -94.9335, 17.2087 ], [ -94.9372, 17.2202 ], [ -94.9463, 17.2232 ], [ -94.9461, 17.2292 ], [ -94.9543, 17.2328 ], [ -94.9588, 17.2454 ], [ -94.9852, 17.2501 ], [ -94.9826, 17.2649 ], [ -94.9915, 17.265 ] ] ], [ [ [ -95.171, 17.3094 ], [ -95.1713, 17.3038 ], [ -95.1595, 17.3041 ], [ -95.1589, 17.2877 ], [ -95.1743, 17.2872 ], [ -95.1758, 17.283 ], [ -95.1777, 17.2414 ], [ -95.176, 17.2324 ], [ -95.1711, 17.232 ], [ -95.168, 17.2223 ], [ -95.1754, 17.2228 ], [ -95.1731, 17.2037 ], [ -95.1837, 17.2045 ], [ -95.182, 17.1865 ], [ -95.1865, 17.1918 ], [ -95.2103, 17.1863 ], [ -95.2231, 17.1799 ], [ -95.2325, 17.1801 ], [ -95.2327, 17.1771 ], [ -95.2484, 17.1703 ], [ -95.2488, 17.1752 ], [ -95.282, 17.1737 ], [ -95.2806, 17.1496 ], [ -95.297, 17.1489 ], [ -95.3005, 17.2074 ], [ -95.2692, 17.208 ], [ -95.2689, 17.1972 ], [ -95.2814, 17.1969 ], [ -95.2813, 17.1925 ], [ -95.2199, 17.1916 ], [ -95.22, 17.1955 ], [ -95.2088, 17.1945 ], [ -95.2086, 17.1989 ], [ -95.2018, 17.1983 ], [ -95.2022, 17.2118 ], [ -95.2189, 17.2354 ], [ -95.1925, 17.2335 ], [ -95.1955, 17.2523 ], [ -95.199, 17.2524 ], [ -95.198, 17.2476 ], [ -95.2086, 17.2487 ], [ -95.2078, 17.2439 ], [ -95.2257, 17.2445 ], [ -95.2243, 17.2398 ], [ -95.2346, 17.2408 ], [ -95.2343, 17.2366 ], [ -95.2616, 17.2385 ], [ -95.2609, 17.2472 ], [ -95.2749, 17.2452 ], [ -95.2717, 17.2696 ], [ -95.2647, 17.265 ], [ -95.263, 17.2765 ], [ -95.27, 17.2814 ], [ -95.2658, 17.3117 ], [ -95.2441, 17.3117 ], [ -95.2441, 17.308 ], [ -95.2482, 17.308 ], [ -95.248, 17.2796 ], [ -95.195, 17.2782 ], [ -95.1949, 17.2873 ], [ -95.1895, 17.2941 ], [ -95.1925, 17.311 ], [ -95.171, 17.3094 ] ] ] ] } },
{ "type": "Feature", "properties": { "cvegeo": "20058", "municipio_inegi": "Mazatlán Villa de Flores", "clave": "mazatlan villa de flores", "region": "Cañada", "sin_dato_siap": false }, "geometry": { "type": "Polygon", "coordinates": [ [ [ -96.8434, 18.071 ], [ -96.8321, 18.073 ], [ -96.815, 18.0579 ], [ -96.8168, 18.0473 ], [ -96.8136, 18.0467 ], [ -96.8119, 18.0323 ], [ -96.8161, 18.0333 ], [ -96.8266, 18.0246 ], [ -96.8274, 18.0189 ], [ -96.8389, 18.013 ], [ -96.8717, 18.0104 ], [ -96.8834, 18.0002 ], [ -96.8886, 17.9889 ], [ -96.8961, 17.9916 ], [ -96.9037, 17.9797 ], [ -96.918, 17.9746 ], [ -96.9126, 17.959 ], [ -96.8889, 17.9336 ], [ -96.9211, 17.9446 ], [ -96.9245, 17.938 ], [ -96.9326, 17.9407 ], [ -96.9367, 17.9365 ], [ -96.9345, 17.9427 ], [ -96.9414, 17.9461 ], [ -96.9585, 17.9687 ], [ -96.9699, 18.0021 ], [ -96.9832, 18.027 ], [ -96.9889, 18.0602 ], [ -96.9663, 18.0903 ], [ -96.9396, 18.0867 ], [ -96.9314, 18.0729 ], [ -96.9159, 18.0854 ], [ -96.8978, 18.0823 ], [ -96.8979, 18.0756 ], [ -96.8901, 18.0724 ], [ -96.8733, 18.0958 ], [ -96.8584, 18.0772 ], [ -96.8434, 18.071 ] ] ] } },
{ "type": "Feature", "properties": { "cvegeo": "20059", "municipio_inegi": "Miahuatlán de Porfirio Díaz", "clave": "miahuatlan de porfirio diaz", "region": "Valles Centrales", "sin_dato_siap": false }, "geometry": { "type": "Polygon", "coordinates": [ [ [ -96.6769, 16.4824 ], [ -96.6598, 16.4881 ], [ -96.6611, 16.4726 ], [ -96.6435, 16.4688 ], [ -96.635, 16.4617 ], [ -96.6335, 16.456 ], [ -96.6282, 16.4724 ], [ -96.6105, 16.4709 ], [ -96.6145, 16.4706 ], [ -96.6112, 16.4692 ], [ -96.6119, 16.4637 ], [ -96.6053, 16.4593 ], [ -96.5895, 16.4695 ], [ -96.5914, 16.473 ], [ -96.5863, 16.4771 ], [ -96.5693, 16.4764 ], [ -96.5547, 16.4809 ], [ -96.5545, 16.4777 ], [ -96.5469, 16.4745 ], [ -96.5526, 16.4708 ], [ -96.5522, 16.4632 ], [ -96.5786, 16.4499 ], [ -96.5766, 16.4467 ], [ -96.5352, 16.4532 ], [ -96.5306, 16.445 ], [ -96.5366, 16.4396 ], [ -96.5402, 16.4123 ], [ -96.5573, 16.3784 ], [ -96.559, 16.3634 ], [ -96.5444, 16.3523 ], [ -96.54, 16.3244 ], [ -96.5281, 16.322 ], [ -96.5256, 16.333 ], [ -96.519, 16.3369 ], [ -96.5207, 16.3402 ], [ -96.5168, 16.3457 ], [ -96.52, 16.3577 ], [ -96.5018, 16.3557 ], [ -96.5, 16.3586 ], [ -96.501, 16.3518 ], [ -96.4917, 16.3502 ], [ -96.4848, 16.3539 ], [ -96.4541, 16.3468 ], [ -96.4298, 16.3494 ], [ -96.4363, 16.3198 ], [ -96.4525, 16.3129 ], [ -96.4664, 16.332 ], [ -96.4794, 16.3394 ], [ -96.4774, 16.3482 ], [ -96.4809, 16.3506 ], [ -96.4795, 16.347 ], [ -96.4862, 16.3465 ], [ -96.485, 16.3504 ], [ -96.4959, 16.3457 ], [ -96.511, 16.3105 ], [ -96.5169, 16.3129 ], [ -96.5194, 16.3094 ], [ -96.5292, 16.3131 ], [ -96.5297, 16.3007 ], [ -96.5158, 16.2979 ], [ -96.5092, 16.2924 ], [ -96.5087, 16.2719 ], [ -96.4883, 16.2509 ], [ -96.5292, 16.241 ], [ -96.5519, 16.2891 ], [ -96.5676, 16.2806 ], [ -96.5964, 16.2802 ], [ -96.5979, 16.2767 ], [ -96.6126, 16.2719 ], [ -96.6105, 16.2649 ], [ -96.6579, 16.227 ], [ -96.6591, 16.2361 ], [ -96.6954, 16.2526 ], [ -96.7137, 16.2415 ], [ -96.732, 16.2427 ], [ -96.7387, 16.2356 ], [ -96.7609, 16.2283 ], [ -96.7619, 16.2375 ], [ -96.7761, 16.2517 ], [ -96.7913, 16.2528 ], [ -96.797, 16.248 ], [ -96.8001, 16.2503 ], [ -96.798, 16.2552 ], [ -96.806, 16.258 ], [ -96.8054, 16.2626 ], [ -96.8102, 16.2609 ], [ -96.8095, 16.2671 ], [ -96.8218, 16.27 ], [ -96.8192, 16.2756 ], [ -96.8241, 16.2751 ], [ -96.8239, 16.2796 ], [ -96.828, 16.2796 ], [ -96.8347, 16.289 ], [ -96.8382, 16.2875 ], [ -96.8393, 16.296 ], [ -96.8444, 16.2904 ], [ -96.8443, 16.2952 ], [ -96.847, 16.2947 ], [ -96.8497, 16.2895 ], [ -96.856, 16.2919 ], [ -96.8549, 16.2963 ], [ -96.8597, 16.2998 ], [ -96.8623, 16.2931 ], [ -96.865, 16.2956 ], [ -96.8688, 16.2908 ], [ -96.867, 16.3001 ], [ -96.8498, 16.3147 ], [ -96.8525, 16.3176 ], [ -96.8565, 16.3134 ], [ -96.862, 16.3179 ], [ -96.8561, 16.3276 ], [ -96.8381, 16.3304 ], [ -96.836, 16.3372 ], [ -96.8143, 16.3413 ], [ -96.7955, 16.3323 ], [ -96.7943, 16.3228 ], [ -96.7872, 16.3162 ], [ -96.7632, 16.3352 ], [ -96.7402, 16.2908 ], [ -96.7352, 16.3045 ], [ -96.7184, 16.3009 ], [ -96.7128, 16.2981 ], [ -96.7189, 16.2873 ], [ -96.6983, 16.2723 ], [ -96.6761, 16.291 ], [ -96.6611, 16.2854 ], [ -96.6785, 16.2801 ], [ -96.6686, 16.2745 ], [ -96.6755, 16.2689 ], [ -96.6698, 16.2618 ], [ -96.6446, 16.2668 ], [ -96.6379, 16.2834 ], [ -96.6216, 16.2927 ], [ -96.6251, 16.2969 ], [ -96.6241, 16.3148 ], [ -96.6281, 16.3294 ], [ -96.6383, 16.3296 ], [ -96.6165, 16.35 ], [ -96.6138, 16.3552 ], [ -96.6187, 16.3594 ], [ -96.6081, 16.368 ], [ -96.6208, 16.3861 ], [ -96.6236, 16.4098 ], [ -96.6311, 16.4191 ], [ -96.6532, 16.3715 ], [ -96.6576, 16.3705 ], [ -96.6615, 16.3611 ], [ -96.6669, 16.3654 ], [ -96.6722, 16.3585 ], [ -96.6766, 16.3638 ], [ -96.6692, 16.3803 ], [ -96.6771, 16.3792 ], [ -96.6847, 16.3834 ], [ -96.6902, 16.399 ], [ -96.697, 16.4018 ], [ -96.7033, 16.4191 ], [ -96.7076, 16.4208 ], [ -96.7015, 16.4278 ], [ -96.7036, 16.4305 ], [ -96.7004, 16.4405 ], [ -96.683, 16.4224 ], [ -96.6729, 16.4361 ], [ -96.6699, 16.4562 ], [ -96.6803, 16.4634 ], [ -96.6874, 16.4639 ], [ -96.6975, 16.4562 ], [ -96.7042, 16.449 ], [ -96.7082, 16.4174 ], [ -96.7134, 16.4182 ], [ -96.7249, 16.4249 ], [ -96.7135, 16.4405 ], [ -96.7196, 16.4474 ], [ -96.7143, 16.4576 ], [ -96.7222, 16.4626 ], [ -96.7316, 16.4586 ], [ -96.7371, 16.4785 ], [ -96.7032, 16.4951 ], [ -96.6769, 16.4824 ] ] ] } },
{ "type": "Feature", "properties": { "cvegeo": "20062", "municipio_inegi": "Natividad", "clave": "natividad", "region": "Sierra Juárez", "sin_dato_siap": false }, "geometry": { "type": "Polygon", "coordinates": [ [ [ -96.4213, 17.3099 ], [ -96.4157, 17.2994 ], [ -96.4275, 17.2949 ], [ -96.4363, 17.2966 ], [ -96.4367, 17.3013 ], [ -96.4213, 17.3099 ] ] ] } },
{ "type": "Feature", "properties": { "cvegeo": "20060", "municipio_inegi": "Mixistlán de la Reforma", "clave": "mixistlan de la reforma", "region": "Sierra Juárez", "sin_dato_siap": false }, "geometry": { "type": "Polygon", "coordinates": [ [ [ -96.1375, 17.2263 ], [ -96.1261, 17.2223 ], [ -96.1142, 17.2081 ], [ -96.0883, 17.2107 ], [ -96.0641, 17.205 ], [ -96.0635, 17.1967 ], [ -96.0684, 17.1862 ], [ -96.0612, 17.1692 ], [ -96.0623, 17.1644 ], [ -96.0753, 17.1532 ], [ -96.0775, 17.1441 ], [ -96.0711, 17.1316 ], [ -96.0832, 17.1286 ], [ -96.0919, 17.1193 ], [ -96.162, 17.1247 ], [ -96.1618, 17.1322 ], [ -96.1538, 17.1351 ], [ -96.1381, 17.1526 ], [ -96.1303, 17.1517 ], [ -96.1263, 17.1625 ], [ -96.1166, 17.1659 ], [ -96.1196, 17.1755 ], [ -96.1136, 17.1823 ], [ -96.1161, 17.1922 ], [ -96.1387, 17.2073 ], [ -96.1375, 17.2263 ] ] ] } },
{ "type": "Feature", "properties": { "cvegeo": "20061", "municipio_inegi": "Monjas", "clave": "monjas", "region": "Valles Centrales", "sin_dato_siap": false }, "geometry": { "type": "Polygon", "coordinates": [ [ [ -96.6311, 16.4191 ], [ -96.6233, 16.4091 ], [ -96.6206, 16.3856 ], [ -96.6081, 16.368 ], [ -96.6187, 16.3594 ], [ -96.6138, 16.3552 ], [ -96.6165, 16.35 ], [ -96.6383, 16.3296 ], [ -96.6445, 16.3353 ], [ -96.6319, 16.355 ], [ -96.6453, 16.3607 ], [ -96.6492, 16.3705 ], [ -96.6532, 16.372 ], [ -96.6311, 16.4191 ] ] ] } },
{ "type": "Feature", "properties": { "cvegeo": "20070", "municipio_inegi": "Pinotepa de Don Luis", "clave": "pinotepa de don luis", "region": "Costa", "sin_dato_siap": false }, "geometry": { "type": "Polygon", "coordinates": [ [ [ -97.924, 16.3954 ], [ -97.9177, 16.386 ], [ -97.9355, 16.381 ], [ -97.9489, 16.3723 ], [ -97.96, 16.3618 ], [ -97.9605, 16.3568 ], [ -97.9712, 16.3604 ], [ -97.9834, 16.3556 ], [ -98.0061, 16.3786 ], [ -98.0008, 16.381 ], [ -98.0077, 16.3873 ], [ -97.9933, 16.4098 ], [ -98.0101, 16.4227 ], [ -97.9988, 16.4326 ], [ -97.9908, 16.4506 ], [ -97.9591, 16.4427 ], [ -97.923, 16.4257 ], [ -97.924, 16.3954 ] ] ] } },
{ "type": "Feature", "properties": { "cvegeo": "20063", "municipio_inegi": "Nazareno Etla", "clave": "nazareno etla", "region": "Valles Centrales", "sin_dato_siap": false }, "geometry": { "type": "Polygon", "coordinates": [ [ [ -96.8412, 17.1873 ], [ -96.818, 17.1873 ], [ -96.8145, 17.1744 ], [ -96.8458, 17.1735 ], [ -96.8412, 17.1873 ] ] ] } },
{ "type": "Feature", "properties": { "cvegeo": "20064", "municipio_inegi": "Nejapa de Madero", "clave": "nejapa de madero", "region": "Istmo", "sin_dato_siap": false }, "geometry": { "type": "MultiPolygon", "coordinates": [ [ [ [ -95.9547, 16.6579 ], [ -95.9569, 16.627 ], [ -95.9523, 16.6305 ], [ -95.9493, 16.6169 ], [ -95.9294, 16.5978 ], [ -95.9296, 16.5881 ], [ -95.9488, 16.5475 ], [ -95.9988, 16.5313 ], [ -95.9848, 16.5169 ], [ -95.9823, 16.5073 ], [ -95.9826, 16.4656 ], [ -96.0185, 16.4629 ], [ -96.0278, 16.4714 ], [ -96.0184, 16.4833 ], [ -96.0321, 16.4933 ], [ -96.0351, 16.4888 ], [ -96.0597, 16.5052 ], [ -96.0606, 16.5234 ], [ -96.0448, 16.5665 ], [ -96.0487, 16.6283 ], [ -96.0607, 16.6372 ], [ -96.0448, 16.6312 ], [ -96.0336, 16.6323 ], [ -96.0104, 16.6524 ], [ -95.9833, 16.6509 ], [ -95.9547, 16.6579 ] ] ], [ [ [ -95.5882, 16.8687 ], [ -95.5771, 16.8655 ], [ -95.565, 16.8444 ], [ -95.5774, 16.8323 ], [ -95.5956, 16.8222 ], [ -95.5831, 16.8139 ], [ -95.5716, 16.8158 ], [ -95.5636, 16.8219 ], [ -95.5564, 16.819 ], [ -95.5647, 16.8112 ], [ -95.5681, 16.7686 ], [ -95.6008, 16.7391 ], [ -95.6124, 16.712 ], [ -95.6211, 16.7221 ], [ -95.6336, 16.7214 ], [ -95.6266, 16.7272 ], [ -95.6279, 16.731 ], [ -95.6825, 16.7 ], [ -95.6714, 16.6964 ], [ -95.6732, 16.6917 ], [ -95.6646, 16.6895 ], [ -95.6516, 16.6718 ], [ -95.6527, 16.6629 ], [ -95.6613, 16.6486 ], [ -95.6877, 16.6382 ], [ -95.6765, 16.6376 ], [ -95.6783, 16.612 ], [ -95.6891, 16.6147 ], [ -95.7292, 16.609 ], [ -95.7463, 16.5873 ], [ -95.7552, 16.5626 ], [ -95.7751, 16.6082 ], [ -95.7694, 16.6176 ], [ -95.7832, 16.6199 ], [ -95.7883, 16.6431 ], [ -95.7568, 16.6675 ], [ -95.7583, 16.6963 ], [ -95.7397, 16.7021 ], [ -95.7357, 16.7172 ], [ -95.7421, 16.7228 ], [ -95.745, 16.7158 ], [ -95.7503, 16.7146 ], [ -95.7538, 16.7204 ], [ -95.7479, 16.7237 ], [ -95.7523, 16.7245 ], [ -95.7085, 16.7688 ], [ -95.7112, 16.7783 ], [ -95.7091, 16.7881 ], [ -95.6716, 16.8044 ], [ -95.688, 16.8148 ], [ -95.6799, 16.8247 ], [ -95.6674, 16.8173 ], [ -95.6619, 16.8198 ], [ -95.6621, 16.8127 ], [ -95.6562, 16.8109 ], [ -95.6177, 16.8273 ], [ -95.6106, 16.8253 ], [ -95.6087, 16.8288 ], [ -95.6145, 16.8357 ], [ -95.6073, 16.8383 ], [ -95.6074, 16.8458 ], [ -95.6145, 16.8519 ], [ -95.6156, 16.8491 ], [ -95.6295, 16.8465 ], [ -95.634, 16.8533 ], [ -95.6411, 16.8538 ], [ -95.6194, 16.8743 ], [ -95.6142, 16.8728 ], [ -95.6085, 16.8642 ], [ -95.6028, 16.864 ], [ -95.5916, 16.8746 ], [ -95.5882, 16.8687 ] ] ] ] } },
{ "type": "Feature", "properties": { "cvegeo": "20069", "municipio_inegi": "La Pe", "clave": "la pe", "region": "Valles Centrales", "sin_dato_siap": false }, "geometry": { "type": "Polygon", "coordinates": [ [ [ -96.8138, 16.6612 ], [ -96.7994, 16.6606 ], [ -96.7929, 16.6548 ], [ -96.7989, 16.6433 ], [ -96.796, 16.6384 ], [ -96.7806, 16.6346 ], [ -96.7699, 16.6224 ], [ -96.7664, 16.6265 ], [ -96.7575, 16.6164 ], [ -96.774, 16.6008 ], [ -96.7851, 16.5832 ], [ -96.7963, 16.5911 ], [ -96.7938, 16.5928 ], [ -96.7982, 16.5982 ], [ -96.7983, 16.6074 ], [ -96.8252, 16.6308 ], [ -96.815, 16.6508 ], [ -96.8138, 16.6612 ] ] ] } },
{ "type": "Feature", "properties": { "cvegeo": "20071", "municipio_inegi": "Pluma Hidalgo", "clave": "pluma hidalgo", "region": "Costa", "sin_dato_siap": false }, "geometry": { "type": "Polygon", "coordinates": [ [ [ -96.463, 15.9701 ], [ -96.4467, 15.966 ], [ -96.4442, 15.9697 ], [ -96.4401, 15.9667 ], [ -96.4333, 15.9698 ], [ -96.4284, 15.9662 ], [ -96.4162, 15.9684 ], [ -96.4179, 15.9643 ], [ -96.3995, 15.9646 ], [ -96.3932, 15.9562 ], [ -96.3856, 15.9546 ], [ -96.3936, 15.9373 ], [ -96.3919, 15.9239 ], [ -96.3803, 15.923 ], [ -96.3521, 15.9037 ], [ -96.3573, 15.8994 ], [ -96.361, 15.8866 ], [ -96.3724, 15.8857 ], [ -96.371, 15.8761 ], [ -96.3753, 15.8692 ], [ -96.3911, 15.883 ], [ -96.3921, 15.8906 ], [ -96.4004, 15.8862 ], [ -96.4059, 15.8728 ], [ -96.4101, 15.8724 ], [ -96.4261, 15.8815 ], [ -96.4323, 15.8821 ], [ -96.4334, 15.8768 ], [ -96.4377, 15.8842 ], [ -96.4419, 15.8824 ], [ -96.4574, 15.8873 ], [ -96.4595, 15.8925 ], [ -96.4689, 15.8932 ], [ -96.4709, 15.8978 ], [ -96.4793, 15.8939 ], [ -96.4713, 15.8855 ], [ -96.4895, 15.887 ], [ -96.4873, 15.8972 ], [ -96.4945, 15.9094 ], [ -96.4904, 15.9156 ], [ -96.4919, 15.9231 ], [ -96.4866, 15.926 ], [ -96.487, 15.931 ], [ -96.4805, 15.9298 ], [ -96.4739, 15.9367 ], [ -96.4672, 15.9609 ], [ -96.4563, 15.9633 ], [ -96.4685, 15.9667 ], [ -96.4647, 15.9752 ], [ -96.463, 15.9701 ] ] ] } },
{ "type": "Feature", "properties": { "cvegeo": "20065", "municipio_inegi": "Ixpantepec Nieves", "clave": "ixpantepec nieves", "region": "Mixteca", "sin_dato_siap": false }, "geometry": { "type": "Polygon", "coordinates": [ [ [ -98.0054, 17.5431 ], [ -98.0056, 17.5369 ], [ -97.9787, 17.5481 ], [ -97.9714, 17.5345 ], [ -97.9719, 17.504 ], [ -97.9761, 17.4964 ], [ -97.9691, 17.4811 ], [ -97.9707, 17.4747 ], [ -97.9642, 17.4773 ], [ -97.9611, 17.461 ], [ -97.9657, 17.4631 ], [ -97.9645, 17.4582 ], [ -97.9745, 17.457 ], [ -97.9758, 17.4537 ], [ -97.9879, 17.4543 ], [ -97.9923, 17.4586 ], [ -97.9983, 17.4833 ], [ -98.0112, 17.5008 ], [ -98.0409, 17.467 ], [ -98.0613, 17.4696 ], [ -98.0731, 17.4825 ], [ -98.0669, 17.4872 ], [ -98.0643, 17.4989 ], [ -98.0722, 17.4999 ], [ -98.0634, 17.5071 ], [ -98.0729, 17.5105 ], [ -98.0673, 17.5294 ], [ -98.046, 17.5249 ], [ -98.0376, 17.5119 ], [ -98.0231, 17.5094 ], [ -98.0377, 17.5545 ], [ -98.0196, 17.5527 ], [ -98.0054, 17.5431 ] ] ] } },
{ "type": "Feature", "properties": { "cvegeo": "20066", "municipio_inegi": "Santiago Niltepec", "clave": "santiago niltepec", "region": "Istmo", "sin_dato_siap": false }, "geometry": { "type": "Polygon", "coordinates": [ [ [ -94.4684, 16.6382 ], [ -94.464, 16.5948 ], [ -94.4157, 16.5852 ], [ -94.4357, 16.5528 ], [ -94.4621, 16.4959 ], [ -94.4696, 16.4946 ], [ -94.4702, 16.4749 ], [ -94.4786, 16.4612 ], [ -94.487, 16.4561 ], [ -94.4802, 16.4542 ], [ -94.4816, 16.4488 ], [ -94.475, 16.4425 ], [ -94.4707, 16.4199 ], [ -94.4975, 16.4393 ], [ -94.5651, 16.442 ], [ -94.5659, 16.4461 ], [ -94.6108, 16.4373 ], [ -94.6417, 16.4352 ], [ -94.7082, 16.4444 ], [ -94.7319, 16.416 ], [ -94.7545, 16.4098 ], [ -94.7641, 16.4021 ], [ -94.7695, 16.4304 ], [ -94.7741, 16.4378 ], [ -94.7889, 16.4461 ], [ -94.7814, 16.4478 ], [ -94.7819, 16.4536 ], [ -94.7752, 16.4556 ], [ -94.7711, 16.4521 ], [ -94.7672, 16.4559 ], [ -94.7486, 16.4584 ], [ -94.7383, 16.4776 ], [ -94.7328, 16.4768 ], [ -94.7249, 16.4818 ], [ -94.7275, 16.4899 ], [ -94.7036, 16.5659 ], [ -94.6834, 16.5551 ], [ -94.6813, 16.5747 ], [ -94.6621, 16.5775 ], [ -94.6589, 16.595 ], [ -94.6461, 16.5953 ], [ -94.6385, 16.6017 ], [ -94.6198, 16.6003 ], [ -94.6357, 16.6209 ], [ -94.6371, 16.6299 ], [ -94.5561, 16.6136 ], [ -94.5406, 16.6162 ], [ -94.5376, 16.6095 ], [ -94.4901, 16.6 ], [ -94.4798, 16.6376 ], [ -94.4684, 16.6382 ] ] ] } },
{ "type": "Feature", "properties": { "cvegeo": "20067", "municipio_inegi": "Oaxaca de Juárez", "clave": "oaxaca de juarez", "region": "Valles Centrales", "sin_dato_siap": false }, "geometry": { "type": "Polygon", "coordinates": [ [ [ -96.6727, 17.164 ], [ -96.688, 17.0907 ], [ -96.6924, 17.0936 ], [ -96.6943, 17.0816 ], [ -96.7064, 17.0818 ], [ -96.7074, 17.0666 ], [ -96.7103, 17.0662 ], [ -96.7096, 17.0575 ], [ -96.7045, 17.0507 ], [ -96.7067, 17.0424 ], [ -96.7024, 17.0405 ], [ -96.7047, 17.0337 ], [ -96.708, 17.0311 ], [ -96.7139, 17.0335 ], [ -96.7129, 17.0293 ], [ -96.719, 17.0316 ], [ -96.715, 17.035 ], [ -96.7232, 17.0464 ], [ -96.7477, 17.0485 ], [ -96.7488, 17.0448 ], [ -96.7637, 17.0451 ], [ -96.7647, 17.0542 ], [ -96.765, 17.0496 ], [ -96.7729, 17.048 ], [ -96.7732, 17.0586 ], [ -96.7646, 17.0601 ], [ -96.7674, 17.0748 ], [ -96.7577, 17.0796 ], [ -96.7539, 17.0753 ], [ -96.7483, 17.0787 ], [ -96.7449, 17.0732 ], [ -96.7545, 17.0913 ], [ -96.7518, 17.1016 ], [ -96.7552, 17.1094 ], [ -96.7616, 17.114 ], [ -96.773, 17.1124 ], [ -96.7803, 17.1226 ], [ -96.768, 17.1252 ], [ -96.7713, 17.1311 ], [ -96.7476, 17.1382 ], [ -96.7443, 17.145 ], [ -96.7373, 17.1438 ], [ -96.7098, 17.1562 ], [ -96.6727, 17.164 ] ] ] } },
{ "type": "Feature", "properties": { "cvegeo": "20068", "municipio_inegi": "Ocotlán de Morelos", "clave": "ocotlan de morelos", "region": "Valles Centrales", "sin_dato_siap": false }, "geometry": { "type": "Polygon", "coordinates": [ [ [ -96.6669, 16.873 ], [ -96.6589, 16.8719 ], [ -96.6581, 16.8625 ], [ -96.6785, 16.8691 ], [ -96.6823, 16.8338 ], [ -96.6881, 16.8356 ], [ -96.6906, 16.8287 ], [ -96.6591, 16.816 ], [ -96.6557, 16.8274 ], [ -96.6177, 16.8268 ], [ -96.6332, 16.8067 ], [ -96.6384, 16.7668 ], [ -96.6301, 16.7641 ], [ -96.6362, 16.7456 ], [ -96.6207, 16.7422 ], [ -96.6092, 16.7333 ], [ -96.6066, 16.7264 ], [ -96.6006, 16.7256 ], [ -96.6064, 16.7168 ], [ -96.6114, 16.7208 ], [ -96.6291, 16.7028 ], [ -96.6339, 16.7061 ], [ -96.6337, 16.7116 ], [ -96.6575, 16.7206 ], [ -96.6454, 16.7419 ], [ -96.6623, 16.7424 ], [ -96.6633, 16.7456 ], [ -96.6526, 16.743 ], [ -96.6482, 16.7479 ], [ -96.6434, 16.7457 ], [ -96.6384, 16.7493 ], [ -96.6456, 16.7537 ], [ -96.651, 16.7523 ], [ -96.6565, 16.7599 ], [ -96.6473, 16.7648 ], [ -96.6709, 16.7662 ], [ -96.6725, 16.7595 ], [ -96.679, 16.7541 ], [ -96.6838, 16.756 ], [ -96.69, 16.7467 ], [ -96.6984, 16.764 ], [ -96.7062, 16.7601 ], [ -96.7298, 16.7727 ], [ -96.7382, 16.771 ], [ -96.7405, 16.7626 ], [ -96.7208, 16.7509 ], [ -96.7232, 16.7482 ], [ -96.7405, 16.7572 ], [ -96.742, 16.7527 ], [ -96.7547, 16.7584 ], [ -96.7498, 16.7501 ], [ -96.7514, 16.7413 ], [ -96.7456, 16.7389 ], [ -96.7439, 16.7333 ], [ -96.7525, 16.7298 ], [ -96.7689, 16.7426 ], [ -96.7782, 16.7335 ], [ -96.7625, 16.7159 ], [ -96.7448, 16.7213 ], [ -96.745, 16.705 ], [ -96.7721, 16.7038 ], [ -96.7826, 16.692 ], [ -96.8248, 16.7131 ], [ -96.816, 16.7271 ], [ -96.7827, 16.7531 ], [ -96.7758, 16.7654 ], [ -96.7492, 16.7763 ], [ -96.7359, 16.792 ], [ -96.7245, 16.7927 ], [ -96.7125, 16.7849 ], [ -96.7044, 16.773 ], [ -96.7008, 16.773 ], [ -96.7, 16.7967 ], [ -96.6844, 16.792 ], [ -96.682, 16.7971 ], [ -96.6734, 16.7999 ], [ -96.6708, 16.8107 ], [ -96.6989, 16.8284 ], [ -96.6943, 16.8376 ], [ -96.6983, 16.8387 ], [ -96.6925, 16.8398 ], [ -96.6834, 16.8549 ], [ -96.6825, 16.8727 ], [ -96.6704, 16.8775 ], [ -96.6669, 16.873 ] ] ] } },
{ "type": "Feature", "properties": { "cvegeo": "20072", "municipio_inegi": "San José del Progreso", "clave": "san jose del progreso", "region": "Valles Centrales", "sin_dato_siap": false }, "geometry": { "type": "Polygon", "coordinates": [ [ [ -96.714, 16.7389 ], [ -96.6802, 16.7301 ], [ -96.6841, 16.7215 ], [ -96.682, 16.7117 ], [ -96.6647, 16.7082 ], [ -96.6337, 16.7116 ], [ -96.6339, 16.7061 ], [ -96.6291, 16.7028 ], [ -96.6226, 16.7065 ], [ -96.5947, 16.6567 ], [ -96.6021, 16.6478 ], [ -96.6419, 16.63 ], [ -96.6474, 16.6229 ], [ -96.643, 16.6171 ], [ -96.6556, 16.6112 ], [ -96.6701, 16.6227 ], [ -96.6914, 16.6328 ], [ -96.6931, 16.6389 ], [ -96.712, 16.6368 ], [ -96.7181, 16.6245 ], [ -96.7201, 16.6258 ], [ -96.709, 16.6462 ], [ -96.7096, 16.6553 ], [ -96.7284, 16.677 ], [ -96.7188, 16.6934 ], [ -96.7204, 16.697 ], [ -96.696, 16.6971 ], [ -96.6956, 16.7191 ], [ -96.7272, 16.7211 ], [ -96.7291, 16.7302 ], [ -96.7134, 16.7271 ], [ -96.714, 16.7389 ] ] ] } },
{ "type": "Feature", "properties": { "cvegeo": "20073", "municipio_inegi": "Putla Villa de Guerrero", "clave": "putla villa de guerrero", "region": "Mixteca", "sin_dato_siap": false }, "geometry": { "type": "MultiPolygon", "coordinates": [ [ [ [ -97.7304, 16.8185 ], [ -97.7525, 16.7848 ], [ -97.7518, 16.7793 ], [ -97.7684, 16.7625 ], [ -97.7944, 16.7572 ], [ -97.8046, 16.7661 ], [ -97.8088, 16.7638 ], [ -97.8221, 16.7783 ], [ -97.8082, 16.784 ], [ -97.8111, 16.8131 ], [ -97.7765, 16.8196 ], [ -97.7809, 16.8124 ], [ -97.7711, 16.7976 ], [ -97.7478, 16.8161 ], [ -97.7359, 16.8201 ], [ -97.7304, 16.8185 ] ] ], [ [ [ -97.8521, 17.2075 ], [ -97.8471, 17.2006 ], [ -97.8496, 17.1949 ], [ -97.8419, 17.1913 ], [ -97.8407, 17.1858 ], [ -97.8306, 17.1815 ], [ -97.8215, 17.1865 ], [ -97.8196, 17.1747 ], [ -97.8073, 17.158 ], [ -97.8085, 17.1412 ], [ -97.8136, 17.1363 ], [ -97.8085, 17.1226 ], [ -97.8262, 17.1116 ], [ -97.839, 17.1129 ], [ -97.8532, 17.0869 ], [ -97.8483, 17.0779 ], [ -97.8439, 17.0788 ], [ -97.835, 17.0719 ], [ -97.8409, 17.0519 ], [ -97.8373, 17.0258 ], [ -97.8242, 17.005 ], [ -97.817, 16.967 ], [ -97.8266, 16.9621 ], [ -97.8304, 16.9452 ], [ -97.8262, 16.9441 ], [ -97.8234, 16.9504 ], [ -97.8104, 16.9602 ], [ -97.8074, 16.9607 ], [ -97.8065, 16.955 ], [ -97.8287, 16.9264 ], [ -97.8455, 16.9215 ], [ -97.8553, 16.931 ], [ -97.8812, 16.9352 ], [ -97.8719, 16.9284 ], [ -97.8714, 16.9176 ], [ -97.862, 16.9125 ], [ -97.8641, 16.9089 ], [ -97.8548, 16.8985 ], [ -97.8715, 16.8995 ], [ -97.9139, 16.8904 ], [ -97.9314, 16.9046 ], [ -97.943, 16.9051 ], [ -97.9485, 16.9255 ], [ -97.9532, 16.9289 ], [ -97.9508, 16.935 ], [ -97.9481, 16.9344 ], [ -97.9498, 16.9478 ], [ -97.9625, 16.9705 ], [ -97.9939, 16.9864 ], [ -98.0262, 16.9667 ], [ -98.0399, 16.97 ], [ -98.0332, 16.9767 ], [ -98.0365, 16.9786 ], [ -98.0489, 16.9717 ], [ -98.102, 16.9603 ], [ -98.0752, 17.0072 ], [ -98.0575, 17.0238 ], [ -98.0352, 17.0211 ], [ -98.0196, 17.0044 ], [ -98.0108, 17.0111 ], [ -97.9506, 17.0272 ], [ -97.9477, 17.0186 ], [ -97.9418, 17.0204 ], [ -97.9282, 17.049 ], [ -97.8911, 17.0459 ], [ -97.8813, 17.0547 ], [ -97.876, 17.0618 ], [ -97.8732, 17.0928 ], [ -97.874, 17.0954 ], [ -97.8822, 17.0931 ], [ -97.8946, 17.1282 ], [ -97.8855, 17.13 ], [ -97.8857, 17.1473 ], [ -97.8911, 17.1519 ], [ -97.8814, 17.1495 ], [ -97.8821, 17.1721 ], [ -97.8861, 17.1785 ], [ -97.8785, 17.1999 ], [ -97.8749, 17.1964 ], [ -97.8521, 17.2075 ] ] ] ] } },
{ "type": "Feature", "properties": { "cvegeo": "20074", "municipio_inegi": "Santa Catarina Quioquitani", "clave": "santa catarina quioquitani", "region": "Istmo", "sin_dato_siap": false }, "geometry": { "type": "Polygon", "coordinates": [ [ [ -96.3032, 16.3626 ], [ -96.297, 16.3605 ], [ -96.2939, 16.3491 ], [ -96.2821, 16.3409 ], [ -96.2798, 16.3258 ], [ -96.2722, 16.317 ], [ -96.2599, 16.3129 ], [ -96.2378, 16.3123 ], [ -96.236, 16.3029 ], [ -96.2101, 16.2792 ], [ -96.209, 16.2735 ], [ -96.2232, 16.2797 ], [ -96.2425, 16.275 ], [ -96.257, 16.2857 ], [ -96.2761, 16.2849 ], [ -96.2882, 16.2898 ], [ -96.2994, 16.31 ], [ -96.3053, 16.314 ], [ -96.31, 16.3272 ], [ -96.3079, 16.3546 ], [ -96.3032, 16.3626 ] ] ] } },
{ "type": "Feature", "properties": { "cvegeo": "20075", "municipio_inegi": "Reforma de Pineda", "clave": "reforma de pineda", "region": "Istmo", "sin_dato_siap": false }, "geometry": { "type": "Polygon", "coordinates": [ [ [ -94.4212, 16.4207 ], [ -94.4425, 16.3988 ], [ -94.411, 16.3533 ], [ -94.4629, 16.3541 ], [ -94.4566, 16.3772 ], [ -94.4629, 16.3774 ], [ -94.4604, 16.3835 ], [ -94.4706, 16.3912 ], [ -94.468, 16.402 ], [ -94.4758, 16.4058 ], [ -94.4657, 16.4133 ], [ -94.4632, 16.4287 ], [ -94.4404, 16.4364 ], [ -94.4212, 16.4207 ] ] ] } },
{ "type": "Feature", "properties": { "cvegeo": "20076", "municipio_inegi": "La Reforma", "clave": "la reforma", "region": "Mixteca", "sin_dato_siap": false }, "geometry": { "type": "Polygon", "coordinates": [ [ [ -97.8251, 16.7545 ], [ -97.8078, 16.7432 ], [ -97.8164, 16.737 ], [ -97.7984, 16.7153 ], [ -97.8175, 16.6783 ], [ -97.7974, 16.6572 ], [ -97.8213, 16.6296 ], [ -97.8175, 16.6128 ], [ -97.7984, 16.6007 ], [ -97.8043, 16.5885 ], [ -97.8269, 16.5968 ], [ -97.8419, 16.5933 ], [ -97.8396, 16.578 ], [ -97.8594, 16.5657 ], [ -97.8693, 16.5771 ], [ -97.9347, 16.5646 ], [ -97.931, 16.5669 ], [ -97.9326, 16.571 ], [ -97.9196, 16.6095 ], [ -97.9407, 16.6435 ], [ -97.9287, 16.6606 ], [ -97.9001, 16.6641 ], [ -97.8936, 16.6809 ], [ -97.8928, 16.7116 ], [ -97.8574, 16.7186 ], [ -97.8393, 16.7118 ], [ -97.837, 16.7171 ], [ -97.8458, 16.744 ], [ -97.8251, 16.7545 ] ] ] } },
{ "type": "Feature", "properties": { "cvegeo": "20521", "municipio_inegi": "Santo Domingo Tonaltepec", "clave": "santo domingo tonaltepec", "region": "Mixteca", "sin_dato_siap": false }, "geometry": { "type": "Polygon", "coordinates": [ [ [ -97.342, 17.6255 ], [ -97.3243, 17.6084 ], [ -97.3309, 17.5817 ], [ -97.3542, 17.5815 ], [ -97.3603, 17.5849 ], [ -97.3698, 17.5767 ], [ -97.3734, 17.5892 ], [ -97.3812, 17.5963 ], [ -97.3711, 17.6105 ], [ -97.3726, 17.6328 ], [ -97.3687, 17.6374 ], [ -97.3777, 17.6423 ], [ -97.3832, 17.6534 ], [ -97.342, 17.6255 ] ] ] } },
{ "type": "Feature", "properties": { "cvegeo": "20077", "municipio_inegi": "Reyes Etla", "clave": "reyes etla", "region": "Valles Centrales", "sin_dato_siap": false }, "geometry": { "type": "Polygon", "coordinates": [ [ [ -96.8055, 17.2334 ], [ -96.8033, 17.2245 ], [ -96.8076, 17.2222 ], [ -96.8049, 17.2151 ], [ -96.8105, 17.2073 ], [ -96.8048, 17.2073 ], [ -96.804, 17.1998 ], [ -96.8084, 17.1958 ], [ -96.8096, 17.1828 ], [ -96.8172, 17.1823 ], [ -96.8252, 17.1993 ], [ -96.8271, 17.1973 ], [ -96.8407, 17.2112 ], [ -96.8476, 17.2112 ], [ -96.8468, 17.2166 ], [ -96.8393, 17.2159 ], [ -96.8338, 17.2213 ], [ -96.8303, 17.2161 ], [ -96.8225, 17.2242 ], [ -96.8235, 17.2192 ], [ -96.8198, 17.2183 ], [ -96.8144, 17.2267 ], [ -96.8145, 17.231 ], [ -96.819, 17.2323 ], [ -96.8182, 17.2368 ], [ -96.8055, 17.2334 ] ] ] } },
{ "type": "Feature", "properties": { "cvegeo": "20078", "municipio_inegi": "Rojas de Cuauhtémoc", "clave": "rojas de cuauhtemoc", "region": "Valles Centrales", "sin_dato_siap": false }, "geometry": { "type": "Polygon", "coordinates": [ [ [ -96.6136, 17.0233 ], [ -96.6085, 17.0182 ], [ -96.6154, 17.001 ], [ -96.6246, 17.0029 ], [ -96.626, 16.9876 ], [ -96.6556, 16.9862 ], [ -96.6633, 17.0096 ], [ -96.6447, 17.0073 ], [ -96.6136, 17.0233 ] ] ] } },
{ "type": "Feature", "properties": { "cvegeo": "20081", "municipio_inegi": "San Agustín Atenango", "clave": "san agustin atenango", "region": "Mixteca", "sin_dato_siap": false }, "geometry": { "type": "Polygon", "coordinates": [ [ [ -97.9829, 17.6425 ], [ -97.9526, 17.6292 ], [ -97.9461, 17.6297 ], [ -97.9451, 17.6123 ], [ -97.9519, 17.6186 ], [ -97.9622, 17.5802 ], [ -97.9554, 17.5585 ], [ -97.9573, 17.5548 ], [ -97.9471, 17.5579 ], [ -97.9449, 17.5534 ], [ -97.9452, 17.54 ], [ -97.9403, 17.5392 ], [ -97.9375, 17.5304 ], [ -97.9442, 17.527 ], [ -97.9718, 17.5302 ], [ -97.9787, 17.5481 ], [ -98.0056, 17.5369 ], [ -98.0082, 17.547 ], [ -98.0196, 17.5527 ], [ -98.0377, 17.5545 ], [ -98.0344, 17.566 ], [ -98.0384, 17.5668 ], [ -98.0421, 17.5905 ], [ -98.0335, 17.6101 ], [ -98.0444, 17.627 ], [ -98.0422, 17.6348 ], [ -98.0366, 17.6344 ], [ -98.0349, 17.6388 ], [ -98.0238, 17.6431 ], [ -98.0209, 17.6366 ], [ -98.0148, 17.6336 ], [ -98.0116, 17.641 ], [ -98.0069, 17.6379 ], [ -98.0014, 17.642 ], [ -97.993, 17.6318 ], [ -97.9829, 17.6425 ] ] ] } },
{ "type": "Feature", "properties": { "cvegeo": "20079", "municipio_inegi": "Salina Cruz", "clave": "salina cruz", "region": "Istmo", "sin_dato_siap": false }, "geometry": { "type": "Polygon", "coordinates": [ [ [ -95.1809, 16.2432 ], [ -95.167, 16.2428 ], [ -95.1652, 16.2498 ], [ -95.1618, 16.24 ], [ -95.1793, 16.2308 ], [ -95.1791, 16.2189 ], [ -95.1435, 16.2175 ], [ -95.1393, 16.2201 ], [ -95.1387, 16.1887 ], [ -95.1523, 16.1854 ], [ -95.1572, 16.1793 ], [ -95.1517, 16.1679 ], [ -95.1688, 16.1645 ], [ -95.182, 16.1684 ], [ -95.1923, 16.1674 ], [ -95.1978, 16.1601 ], [ -95.198, 16.1503 ], [ -95.2026, 16.1457 ], [ -95.1983, 16.1503 ], [ -95.1983, 16.1599 ], [ -95.2089, 16.1599 ], [ -95.2096, 16.1545 ], [ -95.2122, 16.1594 ], [ -95.2133, 16.1529 ], [ -95.2149, 16.1586 ], [ -95.2332, 16.1583 ], [ -95.248, 16.1472 ], [ -95.2475, 16.1333 ], [ -95.2669, 16.1303 ], [ -95.281, 16.1205 ], [ -95.2803, 16.1156 ], [ -95.2828, 16.117 ], [ -95.289, 16.2065 ], [ -95.2734, 16.2057 ], [ -95.1917, 16.2642 ], [ -95.1817, 16.2499 ], [ -95.1809, 16.2432 ] ] ] } },
{ "type": "Feature", "properties": { "cvegeo": "20561", "municipio_inegi": "Yaxe", "clave": "yaxe", "region": "Valles Centrales", "sin_dato_siap": false }, "geometry": { "type": "Polygon", "coordinates": [ [ [ -96.4326, 16.7397 ], [ -96.4189, 16.7362 ], [ -96.4153, 16.7233 ], [ -96.4122, 16.7225 ], [ -96.418, 16.6898 ], [ -96.4049, 16.6934 ], [ -96.4228, 16.6686 ], [ -96.4722, 16.6569 ], [ -96.4763, 16.6696 ], [ -96.4621, 16.6635 ], [ -96.4715, 16.702 ], [ -96.4887, 16.7184 ], [ -96.4852, 16.7344 ], [ -96.4888, 16.7483 ], [ -96.4784, 16.7433 ], [ -96.4666, 16.7599 ], [ -96.4326, 16.7397 ] ] ] } },
{ "type": "Feature", "properties": { "cvegeo": "20080", "municipio_inegi": "San Agustín Amatengo", "clave": "san agustin amatengo", "region": "Valles Centrales", "sin_dato_siap": false }, "geometry": { "type": "Polygon", "coordinates": [ [ [ -96.8749, 16.5572 ], [ -96.8678, 16.5578 ], [ -96.8549, 16.5514 ], [ -96.8433, 16.5518 ], [ -96.8477, 16.537 ], [ -96.8167, 16.5275 ], [ -96.8054, 16.532 ], [ -96.7956, 16.523 ], [ -96.7924, 16.5259 ], [ -96.799, 16.5306 ], [ -96.7936, 16.5367 ], [ -96.7915, 16.5343 ], [ -96.7916, 16.537 ], [ -96.7769, 16.5399 ], [ -96.7709, 16.5359 ], [ -96.7744, 16.5288 ], [ -96.7646, 16.5228 ], [ -96.758, 16.5057 ], [ -96.7526, 16.5027 ], [ -96.7528, 16.4908 ], [ -96.7659, 16.4936 ], [ -96.801, 16.4925 ], [ -96.7949, 16.4885 ], [ -96.7943, 16.4829 ], [ -96.8096, 16.4759 ], [ -96.8258, 16.4772 ], [ -96.8527, 16.4888 ], [ -96.8518, 16.4928 ], [ -96.8588, 16.4915 ], [ -96.8541, 16.4968 ], [ -96.8454, 16.4939 ], [ -96.8297, 16.5205 ], [ -96.862, 16.5302 ], [ -96.8652, 16.5385 ], [ -96.8953, 16.5577 ], [ -96.8777, 16.5634 ], [ -96.8749, 16.5572 ] ] ] } },
{ "type": "Feature", "properties": { "cvegeo": "20084", "municipio_inegi": "San Agustín Etla", "clave": "san agustin etla", "region": "Valles Centrales", "sin_dato_siap": false }, "geometry": { "type": "Polygon", "coordinates": [ [ [ -96.6849, 17.2375 ], [ -96.6575, 17.1811 ], [ -96.6971, 17.1877 ], [ -96.751, 17.1702 ], [ -96.7641, 17.1627 ], [ -96.771, 17.1752 ], [ -96.7733, 17.1739 ], [ -96.7734, 17.1741 ], [ -96.7708, 17.176 ], [ -96.7802, 17.1738 ], [ -96.7716, 17.1909 ], [ -96.7737, 17.2032 ], [ -96.739, 17.2142 ], [ -96.695, 17.2448 ], [ -96.6849, 17.2375 ] ] ] } },
{ "type": "Feature", "properties": { "cvegeo": "20085", "municipio_inegi": "San Agustín Loxicha", "clave": "san agustin loxicha", "region": "Costa", "sin_dato_siap": false }, "geometry": { "type": "Polygon", "coordinates": [ [ [ -96.6216, 16.094 ], [ -96.5773, 16.0818 ], [ -96.5643, 16.0701 ], [ -96.5734, 16.0633 ], [ -96.5694, 16.0591 ], [ -96.5542, 16.0488 ], [ -96.5417, 16.0473 ], [ -96.5399, 16.0396 ], [ -96.5492, 16.0339 ], [ -96.5474, 16.0308 ], [ -96.5506, 16.0306 ], [ -96.5515, 16.0243 ], [ -96.5419, 16.02 ], [ -96.5397, 16.0133 ], [ -96.5249, 16.0138 ], [ -96.5222, 16.0073 ], [ -96.5178, 16.0077 ], [ -96.5208, 16.0018 ], [ -96.5343, 15.9948 ], [ -96.5466, 16.0 ], [ -96.5488, 15.9776 ], [ -96.539, 15.9708 ], [ -96.5425, 15.9622 ], [ -96.5387, 15.9591 ], [ -96.5374, 15.9451 ], [ -96.5415, 15.9377 ], [ -96.5388, 15.935 ], [ -96.5504, 15.9227 ], [ -96.5558, 15.9235 ], [ -96.5545, 15.9179 ], [ -96.5605, 15.9152 ], [ -96.5732, 15.9206 ], [ -96.5815, 15.9083 ], [ -96.5883, 15.9072 ], [ -96.5838, 15.9018 ], [ -96.5802, 15.8851 ], [ -96.5828, 15.8715 ], [ -96.588, 15.8746 ], [ -96.5907, 15.8701 ], [ -96.6023, 15.8655 ], [ -96.6313, 15.8747 ], [ -96.63, 15.8792 ], [ -96.6366, 15.8867 ], [ -96.6392, 15.9008 ], [ -96.7023, 15.8412 ], [ -96.7004, 15.9068 ], [ -96.6822, 15.9786 ], [ -96.7085, 16.0264 ], [ -96.7039, 16.0215 ], [ -96.6995, 16.0225 ], [ -96.6956, 16.0286 ], [ -96.69, 16.0282 ], [ -96.6902, 16.0353 ], [ -96.685, 16.037 ], [ -96.6889, 16.0422 ], [ -96.6805, 16.0409 ], [ -96.6753, 16.045 ], [ -96.6716, 16.0428 ], [ -96.6619, 16.051 ], [ -96.6634, 16.058 ], [ -96.6552, 16.0554 ], [ -96.6555, 16.0608 ], [ -96.651, 16.0634 ], [ -96.6574, 16.0722 ], [ -96.6529, 16.0718 ], [ -96.6556, 16.0752 ], [ -96.6503, 16.0858 ], [ -96.6216, 16.094 ] ] ] } },
{ "type": "Feature", "properties": { "cvegeo": "20082", "municipio_inegi": "San Agustín Chayuco", "clave": "san agustin chayuco", "region": "Costa", "sin_dato_siap": false }, "geometry": { "type": "Polygon", "coordinates": [ [ [ -97.8545, 16.5542 ], [ -97.8394, 16.5363 ], [ -97.8279, 16.5432 ], [ -97.8328, 16.5137 ], [ -97.8464, 16.5106 ], [ -97.8497, 16.4852 ], [ -97.8543, 16.481 ], [ -97.8417, 16.4779 ], [ -97.8365, 16.4826 ], [ -97.8205, 16.4839 ], [ -97.8147, 16.4809 ], [ -97.8092, 16.4837 ], [ -97.7875, 16.4775 ], [ -97.7638, 16.4766 ], [ -97.7523, 16.4797 ], [ -97.7481, 16.4983 ], [ -97.7337, 16.483 ], [ -97.7367, 16.4788 ], [ -97.7261, 16.4708 ], [ -97.7147, 16.4746 ], [ -97.7089, 16.4844 ], [ -97.6841, 16.4693 ], [ -97.6981, 16.443 ], [ -97.7098, 16.4638 ], [ -97.7372, 16.461 ], [ -97.7569, 16.441 ], [ -97.7736, 16.4135 ], [ -97.7709, 16.4121 ], [ -97.7722, 16.4043 ], [ -97.7793, 16.387 ], [ -97.8004, 16.3552 ], [ -97.8176, 16.3622 ], [ -97.8315, 16.3727 ], [ -97.8345, 16.3887 ], [ -97.8283, 16.3825 ], [ -97.8255, 16.3887 ], [ -97.8551, 16.4257 ], [ -97.8381, 16.4386 ], [ -97.8825, 16.4793 ], [ -97.8689, 16.5037 ], [ -97.8754, 16.5153 ], [ -97.8545, 16.5542 ] ] ] } },
{ "type": "Feature", "properties": { "cvegeo": "20086", "municipio_inegi": "San Agustín Tlacotepec", "clave": "san agustin tlacotepec", "region": "Mixteca", "sin_dato_siap": false }, "geometry": { "type": "Polygon", "coordinates": [ [ [ -97.5091, 17.2359 ], [ -97.4917, 17.2349 ], [ -97.4828, 17.2299 ], [ -97.4796, 17.2073 ], [ -97.4828, 17.1616 ], [ -97.4916, 17.1652 ], [ -97.5089, 17.1634 ], [ -97.5204, 17.1755 ], [ -97.5344, 17.1713 ], [ -97.5424, 17.1735 ], [ -97.5741, 17.1908 ], [ -97.5457, 17.2075 ], [ -97.5127, 17.2393 ], [ -97.5091, 17.2359 ] ] ] } },
{ "type": "Feature", "properties": { "cvegeo": "20562", "municipio_inegi": "Magdalena Yodocono de Porfirio Díaz", "clave": "magdalena yodocono de porfirio diaz", "region": "Mixteca", "sin_dato_siap": false }, "geometry": { "type": "Polygon", "coordinates": [ [ [ -97.3451, 17.3921 ], [ -97.3552, 17.3674 ], [ -97.3602, 17.3652 ], [ -97.3932, 17.3637 ], [ -97.4431, 17.3484 ], [ -97.4418, 17.3701 ], [ -97.4299, 17.3863 ], [ -97.3956, 17.4011 ], [ -97.3673, 17.4076 ], [ -97.3677, 17.4014 ], [ -97.3451, 17.3921 ] ] ] } },
{ "type": "Feature", "properties": { "cvegeo": "20083", "municipio_inegi": "San Agustín de las Juntas", "clave": "san agustin de las juntas", "region": "Valles Centrales", "sin_dato_siap": false }, "geometry": { "type": "Polygon", "coordinates": [ [ [ -96.6995, 17.0181 ], [ -96.6629, 17.0053 ], [ -96.6509, 16.9778 ], [ -96.6818, 16.9635 ], [ -96.7073, 16.9826 ], [ -96.7111, 16.9986 ], [ -96.7186, 17.0005 ], [ -96.7187, 17.0083 ], [ -96.713, 17.018 ], [ -96.7001, 17.0137 ], [ -96.6995, 17.0181 ] ] ] } },
{ "type": "Feature", "properties": { "cvegeo": "20568", "municipio_inegi": "Zapotitlán Palmas", "clave": "zapotitlan palmas", "region": "Mixteca", "sin_dato_siap": false }, "geometry": { "type": "Polygon", "coordinates": [ [ [ -97.8781, 17.9178 ], [ -97.8324, 17.9085 ], [ -97.827, 17.9146 ], [ -97.8126, 17.9117 ], [ -97.804, 17.9025 ], [ -97.8081, 17.8997 ], [ -97.8087, 17.8766 ], [ -97.8042, 17.8648 ], [ -97.7904, 17.852 ], [ -97.7916, 17.8453 ], [ -97.8047, 17.8465 ], [ -97.8308, 17.8571 ], [ -97.8437, 17.8446 ], [ -97.8582, 17.8645 ], [ -97.8621, 17.8867 ], [ -97.8742, 17.9 ], [ -97.8781, 17.9178 ] ] ] } },
{ "type": "Feature", "properties": { "cvegeo": "20087", "municipio_inegi": "San Agustín Yatareni", "clave": "san agustin yatareni", "region": "Valles Centrales", "sin_dato_siap": false }, "geometry": { "type": "Polygon", "coordinates": [ [ [ -96.6861, 17.0864 ], [ -96.6734, 17.0892 ], [ -96.6603, 17.0893 ], [ -96.663, 17.0753 ], [ -96.685, 17.0741 ], [ -96.6854, 17.0672 ], [ -96.696, 17.069 ], [ -96.6924, 17.0936 ], [ -96.6861, 17.0864 ] ] ] } },
{ "type": "Feature", "properties": { "cvegeo": "20088", "municipio_inegi": "San Andrés Cabecera Nueva", "clave": "san andres cabecera nueva", "region": "Mixteca", "sin_dato_siap": false }, "geometry": { "type": "Polygon", "coordinates": [ [ [ -97.8481, 16.924 ], [ -97.8452, 16.9026 ], [ -97.7928, 16.9012 ], [ -97.7888, 16.9086 ], [ -97.785, 16.9011 ], [ -97.7332, 16.9001 ], [ -97.6994, 16.9162 ], [ -97.6565, 16.9187 ], [ -97.6637, 16.8996 ], [ -97.6711, 16.8916 ], [ -97.6693, 16.8808 ], [ -97.6857, 16.8679 ], [ -97.6935, 16.8515 ], [ -97.7104, 16.8418 ], [ -97.7304, 16.8185 ], [ -97.7359, 16.8201 ], [ -97.7478, 16.8161 ], [ -97.7711, 16.7976 ], [ -97.7809, 16.8124 ], [ -97.7765, 16.8196 ], [ -97.8111, 16.8131 ], [ -97.8082, 16.784 ], [ -97.8221, 16.7783 ], [ -97.8088, 16.7638 ], [ -97.8046, 16.7661 ], [ -97.7944, 16.7572 ], [ -97.7684, 16.7625 ], [ -97.7984, 16.7153 ], [ -97.8164, 16.737 ], [ -97.8075, 16.7427 ], [ -97.8159, 16.7497 ], [ -97.8203, 16.7492 ], [ -97.8251, 16.7545 ], [ -97.8439, 16.7439 ], [ -97.8512, 16.7462 ], [ -97.8548, 16.7655 ], [ -97.864, 16.7859 ], [ -97.8626, 16.8153 ], [ -97.8697, 16.8181 ], [ -97.8698, 16.8208 ], [ -97.866, 16.8206 ], [ -97.8663, 16.8257 ], [ -97.8707, 16.8315 ], [ -97.8806, 16.8304 ], [ -97.8716, 16.8429 ], [ -97.8717, 16.8565 ], [ -97.8787, 16.8635 ], [ -97.8895, 16.8618 ], [ -97.8899, 16.8722 ], [ -97.8949, 16.8725 ], [ -97.8929, 16.8775 ], [ -97.9032, 16.8922 ], [ -97.8715, 16.8995 ], [ -97.8548, 16.8985 ], [ -97.8641, 16.9089 ], [ -97.862, 16.9125 ], [ -97.8714, 16.9176 ], [ -97.8719, 16.9284 ], [ -97.8812, 16.9352 ], [ -97.8553, 16.931 ], [ -97.8481, 16.924 ] ] ] } },
{ "type": "Feature", "properties": { "cvegeo": "20089", "municipio_inegi": "San Andrés Dinicuiti", "clave": "san andres dinicuiti", "region": "Mixteca", "sin_dato_siap": false }, "geometry": { "type": "Polygon", "coordinates": [ [ [ -97.6263, 17.7028 ], [ -97.642, 17.6688 ], [ -97.6632, 17.6642 ], [ -97.6758, 17.6559 ], [ -97.6908, 17.6712 ], [ -97.7156, 17.6524 ], [ -97.716, 17.6591 ], [ -97.7215, 17.6597 ], [ -97.732, 17.6747 ], [ -97.7573, 17.6604 ], [ -97.7708, 17.6803 ], [ -97.7706, 17.6947 ], [ -97.7191, 17.7147 ], [ -97.7078, 17.7314 ], [ -97.6887, 17.7238 ], [ -97.6897, 17.7423 ], [ -97.6353, 17.7456 ], [ -97.6265, 17.72 ], [ -97.6263, 17.7028 ] ] ] } },
{ "type": "Feature", "properties": { "cvegeo": "20090", "municipio_inegi": "San Andrés Huaxpaltepec", "clave": "san andres huaxpaltepec", "region": "Costa", "sin_dato_siap": false }, "geometry": { "type": "Polygon", "coordinates": [ [ [ -97.9168, 16.3862 ], [ -97.8602, 16.3783 ], [ -97.8727, 16.3252 ], [ -97.8611, 16.296 ], [ -97.8904, 16.3013 ], [ -97.9041, 16.3132 ], [ -97.9208, 16.3161 ], [ -97.9512, 16.3137 ], [ -97.9758, 16.3363 ], [ -97.9846, 16.3307 ], [ -98.0015, 16.3419 ], [ -97.9871, 16.3552 ], [ -97.9712, 16.3604 ], [ -97.9605, 16.3568 ], [ -97.96, 16.3618 ], [ -97.9489, 16.3723 ], [ -97.9355, 16.381 ], [ -97.9168, 16.3862 ] ] ] } },
{ "type": "Feature", "properties": { "cvegeo": "20091", "municipio_inegi": "San Andrés Huayápam", "clave": "san andres huayapam", "region": "Valles Centrales", "sin_dato_siap": false }, "geometry": { "type": "Polygon", "coordinates": [ [ [ -96.6589, 17.1711 ], [ -96.6533, 17.1737 ], [ -96.6501, 17.1521 ], [ -96.6551, 17.0938 ], [ -96.6883, 17.0871 ], [ -96.6839, 17.1244 ], [ -96.6724, 17.1657 ], [ -96.6634, 17.1764 ], [ -96.6589, 17.1711 ] ] ] } },
{ "type": "Feature", "properties": { "cvegeo": "20092", "municipio_inegi": "San Andrés Ixtlahuaca", "clave": "san andres ixtlahuaca", "region": "Valles Centrales", "sin_dato_siap": false }, "geometry": { "type": "Polygon", "coordinates": [ [ [ -96.8326, 17.0961 ], [ -96.8184, 17.0779 ], [ -96.8138, 17.0775 ], [ -96.8135, 17.0705 ], [ -96.823, 17.07 ], [ -96.8321, 17.0602 ], [ -96.8702, 17.051 ], [ -96.8727, 17.0299 ], [ -96.9076, 17.0222 ], [ -96.9089, 17.0498 ], [ -96.8767, 17.0557 ], [ -96.8704, 17.0917 ], [ -96.8651, 17.0886 ], [ -96.8627, 17.0777 ], [ -96.8567, 17.0717 ], [ -96.8504, 17.0736 ], [ -96.8429, 17.0847 ], [ -96.8459, 17.0835 ], [ -96.8507, 17.0881 ], [ -96.8395, 17.0901 ], [ -96.8326, 17.0961 ] ] ] } },
{ "type": "Feature", "properties": { "cvegeo": "20093", "municipio_inegi": "San Andrés Lagunas", "clave": "san andres lagunas", "region": "Mixteca", "sin_dato_siap": false }, "geometry": { "type": "Polygon", "coordinates": [ [ [ -97.5171, 17.5421 ], [ -97.5349, 17.5453 ], [ -97.5532, 17.5581 ], [ -97.5522, 17.582 ], [ -97.5626, 17.5945 ], [ -97.5642, 17.6168 ], [ -97.5291, 17.6301 ], [ -97.5134, 17.6291 ], [ -97.5017, 17.6146 ], [ -97.497, 17.585 ], [ -97.5136, 17.5467 ], [ -97.5171, 17.5421 ] ] ] } },
{ "type": "Feature", "properties": { "cvegeo": "20094", "municipio_inegi": "San Andrés Nuxiño", "clave": "san andres nuxino", "region": "Mixteca", "sin_dato_siap": false }, "geometry": { "type": "Polygon", "coordinates": [ [ [ -97.0478, 17.2489 ], [ -96.9839, 17.1955 ], [ -96.9836, 17.178 ], [ -96.9914, 17.1851 ], [ -96.9947, 17.1836 ], [ -97.0403, 17.2033 ], [ -97.0729, 17.2239 ], [ -97.1277, 17.231 ], [ -97.131, 17.2379 ], [ -97.1414, 17.2282 ], [ -97.1282, 17.2523 ], [ -97.0767, 17.2795 ], [ -97.0436, 17.2532 ], [ -97.0478, 17.2489 ] ] ] } },
{ "type": "Feature", "properties": { "cvegeo": "20095", "municipio_inegi": "San Andrés Paxtlán", "clave": "san andres paxtlan", "region": "Valles Centrales", "sin_dato_siap": false }, "geometry": { "type": "Polygon", "coordinates": [ [ [ -96.5528, 16.251 ], [ -96.5359, 16.2519 ], [ -96.5266, 16.2407 ], [ -96.4883, 16.2509 ], [ -96.4769, 16.2317 ], [ -96.484, 16.2272 ], [ -96.4871, 16.2135 ], [ -96.4845, 16.1862 ], [ -96.5059, 16.1837 ], [ -96.5139, 16.188 ], [ -96.5522, 16.1778 ], [ -96.5596, 16.1805 ], [ -96.5842, 16.1708 ], [ -96.5851, 16.1908 ], [ -96.5406, 16.2072 ], [ -96.5647, 16.203 ], [ -96.5386, 16.2163 ], [ -96.5575, 16.2519 ], [ -96.5548, 16.2539 ], [ -96.5528, 16.251 ] ] ] } },
{ "type": "Feature", "properties": { "cvegeo": "20100", "municipio_inegi": "San Andrés Yaá", "clave": "san andres yaa", "region": "Sierra Juárez", "sin_dato_siap": false }, "geometry": { "type": "Polygon", "coordinates": [ [ [ -96.1155, 17.305 ], [ -96.0811, 17.2908 ], [ -96.0854, 17.2807 ], [ -96.0927, 17.2792 ], [ -96.1013, 17.2716 ], [ -96.1053, 17.2614 ], [ -96.1114, 17.261 ], [ -96.1204, 17.272 ], [ -96.127, 17.2681 ], [ -96.1371, 17.2769 ], [ -96.1547, 17.2739 ], [ -96.1593, 17.2673 ], [ -96.1705, 17.2649 ], [ -96.1809, 17.2698 ], [ -96.1812, 17.2855 ], [ -96.1452, 17.3099 ], [ -96.152, 17.3122 ], [ -96.1467, 17.3237 ], [ -96.1307, 17.3281 ], [ -96.1155, 17.305 ] ] ] } },
{ "type": "Feature", "properties": { "cvegeo": "20101", "municipio_inegi": "San Andrés Zabache", "clave": "san andres zabache", "region": "Valles Centrales", "sin_dato_siap": false }, "geometry": { "type": "Polygon", "coordinates": [ [ [ -96.8433, 16.5861 ], [ -96.873, 16.5991 ], [ -96.8784, 16.6087 ], [ -96.8796, 16.6233 ], [ -96.8643, 16.6094 ], [ -96.8502, 16.6044 ], [ -96.8394, 16.5929 ], [ -96.8433, 16.5861 ] ] ] } },
{ "type": "Feature", "properties": { "cvegeo": "20112", "municipio_inegi": "San Baltazar Chichicápam", "clave": "san baltazar chichicapam", "region": "Valles Centrales", "sin_dato_siap": false }, "geometry": { "type": "Polygon", "coordinates": [ [ [ -96.4784, 16.7433 ], [ -96.4888, 16.7483 ], [ -96.4852, 16.7344 ], [ -96.4887, 16.7184 ], [ -96.4715, 16.702 ], [ -96.4621, 16.6635 ], [ -96.4894, 16.6717 ], [ -96.5063, 16.6978 ], [ -96.5182, 16.7061 ], [ -96.513, 16.756 ], [ -96.5233, 16.7622 ], [ -96.558, 16.8182 ], [ -96.5607, 16.8264 ], [ -96.5567, 16.8447 ], [ -96.5338, 16.8517 ], [ -96.5187, 16.832 ], [ -96.502, 16.8215 ], [ -96.4897, 16.7925 ], [ -96.4548, 16.7662 ], [ -96.466, 16.7619 ], [ -96.4784, 16.7433 ] ] ] } },
{ "type": "Feature", "properties": { "cvegeo": "20113", "municipio_inegi": "San Baltazar Loxicha", "clave": "san baltazar loxicha", "region": "Costa", "sin_dato_siap": false }, "geometry": { "type": "Polygon", "coordinates": [ [ [ -96.762, 16.1275 ], [ -96.7511, 16.1033 ], [ -96.7595, 16.1038 ], [ -96.7601, 16.0837 ], [ -96.7679, 16.0824 ], [ -96.7665, 16.0751 ], [ -96.7736, 16.0689 ], [ -96.7674, 16.0461 ], [ -96.7706, 16.0463 ], [ -96.7733, 16.0394 ], [ -96.7691, 16.0323 ], [ -96.7642, 16.034 ], [ -96.7574, 16.0292 ], [ -96.7543, 16.0216 ], [ -96.7587, 16.0181 ], [ -96.7591, 16.0099 ], [ -96.7536, 16.0075 ], [ -96.7572, 15.9986 ], [ -96.7488, 15.9933 ], [ -96.754, 15.9861 ], [ -96.7613, 15.9853 ], [ -96.7596, 15.98 ], [ -96.7645, 15.9797 ], [ -96.7625, 15.9725 ], [ -96.7685, 15.9738 ], [ -96.7772, 15.9647 ], [ -96.7828, 15.9685 ], [ -96.7838, 15.9629 ], [ -96.7902, 15.9678 ], [ -96.7934, 15.9637 ], [ -96.8122, 15.963 ], [ -96.82, 15.9664 ], [ -96.8251, 15.9595 ], [ -96.8285, 15.9603 ], [ -96.8317, 15.9668 ], [ -96.8265, 15.9765 ], [ -96.8373, 15.9888 ], [ -96.8377, 15.9973 ], [ -96.8344, 16.0008 ], [ -96.8442, 16.0009 ], [ -96.8375, 16.0069 ], [ -96.8404, 16.0106 ], [ -96.8469, 16.0109 ], [ -96.8421, 16.0267 ], [ -96.8352, 16.0263 ], [ -96.8321, 16.0375 ], [ -96.8264, 16.0397 ], [ -96.8219, 16.051 ], [ -96.8155, 16.0555 ], [ -96.8288, 16.0593 ], [ -96.829, 16.0657 ], [ -96.8368, 16.0755 ], [ -96.8304, 16.0851 ], [ -96.8323, 16.0944 ], [ -96.825, 16.0943 ], [ -96.821, 16.1012 ], [ -96.8162, 16.0986 ], [ -96.8158, 16.1039 ], [ -96.811, 16.0997 ], [ -96.8024, 16.102 ], [ -96.8005, 16.0987 ], [ -96.7922, 16.1023 ], [ -96.7902, 16.1119 ], [ -96.7816, 16.1221 ], [ -96.762, 16.1275 ] ] ] } },
{ "type": "Feature", "properties": { "cvegeo": "20102", "municipio_inegi": "San Andrés Zautla", "clave": "san andres zautla", "region": "Valles Centrales", "sin_dato_siap": false }, "geometry": { "type": "Polygon", "coordinates": [ [ [ -96.8444, 17.2212 ], [ -96.8361, 17.2191 ], [ -96.8393, 17.2159 ], [ -96.8468, 17.2166 ], [ -96.8476, 17.2112 ], [ -96.8407, 17.2112 ], [ -96.8271, 17.1973 ], [ -96.8252, 17.1993 ], [ -96.8184, 17.1872 ], [ -96.8356, 17.1897 ], [ -96.8412, 17.1873 ], [ -96.8467, 17.1662 ], [ -96.8555, 17.1586 ], [ -96.8538, 17.156 ], [ -96.8712, 17.143 ], [ -96.8652, 17.1778 ], [ -96.8715, 17.1811 ], [ -96.888, 17.1791 ], [ -96.8936, 17.1689 ], [ -96.9002, 17.1674 ], [ -96.9004, 17.1634 ], [ -96.9525, 17.1614 ], [ -96.9637, 17.1512 ], [ -96.9835, 17.1518 ], [ -96.9827, 17.1778 ], [ -96.9791, 17.1769 ], [ -96.9353, 17.2031 ], [ -96.9239, 17.2033 ], [ -96.9078, 17.214 ], [ -96.8643, 17.2035 ], [ -96.8641, 17.2098 ], [ -96.8505, 17.214 ], [ -96.8526, 17.2174 ], [ -96.8444, 17.2212 ] ] ] } },
{ "type": "Feature", "properties": { "cvegeo": "20131", "municipio_inegi": "San Dionisio Ocotepec", "clave": "san dionisio ocotepec", "region": "Valles Centrales", "sin_dato_siap": false }, "geometry": { "type": "Polygon", "coordinates": [ [ [ -96.3102, 16.8734 ], [ -96.2392, 16.8449 ], [ -96.2175, 16.8672 ], [ -96.2053, 16.8393 ], [ -96.1984, 16.8107 ], [ -96.2001, 16.7226 ], [ -96.2302, 16.7021 ], [ -96.2512, 16.715 ], [ -96.284, 16.7482 ], [ -96.3076, 16.7461 ], [ -96.3134, 16.7487 ], [ -96.3508, 16.7096 ], [ -96.3774, 16.6967 ], [ -96.3948, 16.6944 ], [ -96.4039, 16.6971 ], [ -96.4157, 16.7393 ], [ -96.4241, 16.7468 ], [ -96.4153, 16.7652 ], [ -96.4116, 16.8141 ], [ -96.4019, 16.8108 ], [ -96.3668, 16.8192 ], [ -96.3491, 16.8036 ], [ -96.336, 16.8381 ], [ -96.3247, 16.8508 ], [ -96.325, 16.8583 ], [ -96.3102, 16.8734 ] ] ] } },
{ "type": "Feature", "properties": { "cvegeo": "20103", "municipio_inegi": "San Antonino Castillo Velasco", "clave": "san antonino castillo velasco", "region": "Valles Centrales", "sin_dato_siap": false }, "geometry": { "type": "Polygon", "coordinates": [ [ [ -96.6957, 16.8336 ], [ -96.6989, 16.8284 ], [ -96.6708, 16.8107 ], [ -96.6734, 16.7999 ], [ -96.682, 16.7971 ], [ -96.6844, 16.792 ], [ -96.7, 16.7967 ], [ -96.7005, 16.8101 ], [ -96.7144, 16.8124 ], [ -96.7067, 16.8237 ], [ -96.7051, 16.8419 ], [ -96.6971, 16.8405 ], [ -96.6957, 16.8336 ] ] ] } },
{ "type": "Feature", "properties": { "cvegeo": "20104", "municipio_inegi": "San Antonino el Alto", "clave": "san antonino el alto", "region": "Valles Centrales", "sin_dato_siap": false }, "geometry": { "type": "Polygon", "coordinates": [ [ [ -97.051, 16.8787 ], [ -97.0445, 16.8804 ], [ -97.0304, 16.868 ], [ -97.004, 16.8632 ], [ -96.9818, 16.8318 ], [ -96.9498, 16.8182 ], [ -96.9541, 16.8147 ], [ -96.9757, 16.8149 ], [ -96.9759, 16.805 ], [ -96.9821, 16.7935 ], [ -96.9909, 16.7881 ], [ -96.9887, 16.7832 ], [ -96.9925, 16.7773 ], [ -96.9959, 16.7732 ], [ -97.0132, 16.779 ], [ -97.0158, 16.7622 ], [ -97.0221, 16.7861 ], [ -97.0311, 16.7939 ], [ -97.0336, 16.804 ], [ -97.0403, 16.8107 ], [ -97.0431, 16.831 ], [ -97.0464, 16.8344 ], [ -97.0599, 16.8279 ], [ -97.0656, 16.8375 ], [ -97.0753, 16.825 ], [ -97.0819, 16.8265 ], [ -97.0895, 16.8174 ], [ -97.1006, 16.8204 ], [ -97.1077, 16.8146 ], [ -97.1293, 16.8308 ], [ -97.1139, 16.8434 ], [ -97.1125, 16.8524 ], [ -97.1235, 16.8555 ], [ -97.136, 16.8498 ], [ -97.1444, 16.84 ], [ -97.1446, 16.8336 ], [ -97.1592, 16.8346 ], [ -97.1615, 16.8396 ], [ -97.1576, 16.8529 ], [ -97.0773, 16.8674 ], [ -97.0713, 16.8776 ], [ -97.053, 16.8822 ], [ -97.051, 16.8787 ] ] ] } },
{ "type": "Feature", "properties": { "cvegeo": "20105", "municipio_inegi": "San Antonino Monte Verde", "clave": "san antonino monte verde", "region": "Mixteca", "sin_dato_siap": false }, "geometry": { "type": "Polygon", "coordinates": [ [ [ -97.6963, 17.4964 ], [ -97.6991, 17.4933 ], [ -97.7014, 17.4553 ], [ -97.787, 17.4858 ], [ -97.8034, 17.5086 ], [ -97.8043, 17.5268 ], [ -97.7572, 17.5751 ], [ -97.7365, 17.5911 ], [ -97.7313, 17.5731 ], [ -97.6971, 17.5497 ], [ -97.6963, 17.4964 ] ] ] } },
{ "type": "Feature", "properties": { "cvegeo": "20107", "municipio_inegi": "San Antonio de la Cal", "clave": "san antonio de la cal", "region": "Valles Centrales", "sin_dato_siap": false }, "geometry": { "type": "Polygon", "coordinates": [ [ [ -96.702, 17.043 ], [ -96.6668, 17.0213 ], [ -96.6694, 17.0123 ], [ -96.6633, 17.0096 ], [ -96.6629, 17.0053 ], [ -96.6995, 17.0181 ], [ -96.7001, 17.0137 ], [ -96.7141, 17.019 ], [ -96.7139, 17.0335 ], [ -96.708, 17.0311 ], [ -96.7023, 17.0397 ], [ -96.7067, 17.0424 ], [ -96.7045, 17.0507 ], [ -96.7012, 17.0499 ], [ -96.702, 17.043 ] ] ] } },
{ "type": "Feature", "properties": { "cvegeo": "20108", "municipio_inegi": "San Antonio Huitepec", "clave": "san antonio huitepec", "region": "Valles Centrales", "sin_dato_siap": false }, "geometry": { "type": "Polygon", "coordinates": [ [ [ -97.1243, 16.9938 ], [ -97.0915, 16.9874 ], [ -97.0658, 16.9763 ], [ -97.0718, 16.9534 ], [ -97.0689, 16.9401 ], [ -97.0832, 16.9343 ], [ -97.0931, 16.9187 ], [ -97.0773, 16.8674 ], [ -97.1576, 16.8529 ], [ -97.16, 16.8485 ], [ -97.1683, 16.8482 ], [ -97.1684, 16.8519 ], [ -97.1787, 16.8551 ], [ -97.1962, 16.8553 ], [ -97.2067, 16.8629 ], [ -97.2085, 16.856 ], [ -97.211, 16.8585 ], [ -97.222, 16.8491 ], [ -97.2267, 16.854 ], [ -97.2222, 16.8567 ], [ -97.222, 16.868 ], [ -97.2179, 16.8676 ], [ -97.2139, 16.8728 ], [ -97.2071, 16.8984 ], [ -97.2088, 16.9187 ], [ -97.1956, 16.9603 ], [ -97.1966, 16.9767 ], [ -97.1686, 16.9798 ], [ -97.145, 16.9856 ], [ -97.1474, 16.9913 ], [ -97.1243, 16.9938 ] ] ] } },
{ "type": "Feature", "properties": { "cvegeo": "20109", "municipio_inegi": "San Antonio Nanahuatípam", "clave": "san antonio nanahuatipam", "region": "Cañada", "sin_dato_siap": false }, "geometry": { "type": "Polygon", "coordinates": [ [ [ -97.1672, 18.1942 ], [ -97.1442, 18.1691 ], [ -97.144, 18.1634 ], [ -97.1405, 18.1733 ], [ -97.1338, 18.1741 ], [ -97.1386, 18.1671 ], [ -97.1339, 18.1577 ], [ -97.1239, 18.1625 ], [ -97.1138, 18.1495 ], [ -97.1057, 18.1481 ], [ -97.0902, 18.153 ], [ -97.0887, 18.1492 ], [ -97.1102, 18.1422 ], [ -97.1189, 18.1357 ], [ -97.116, 18.1282 ], [ -97.118, 18.1252 ], [ -97.1211, 18.1285 ], [ -97.1228, 18.1216 ], [ -97.1158, 18.1159 ], [ -97.1095, 18.1187 ], [ -97.1085, 18.1097 ], [ -97.1192, 18.0963 ], [ -97.127, 18.1162 ], [ -97.1735, 18.1055 ], [ -97.1882, 18.1264 ], [ -97.2134, 18.1066 ], [ -97.2143, 18.1637 ], [ -97.2052, 18.1715 ], [ -97.1872, 18.1752 ], [ -97.1924, 18.1924 ], [ -97.1834, 18.199 ], [ -97.1674, 18.2009 ], [ -97.1672, 18.1942 ] ] ] } },
{ "type": "Feature", "properties": { "cvegeo": "20110", "municipio_inegi": "San Antonio Sinicahua", "clave": "san antonio sinicahua", "region": "Mixteca", "sin_dato_siap": false }, "geometry": { "type": "Polygon", "coordinates": [ [ [ -97.5502, 17.1678 ], [ -97.5453, 17.1597 ], [ -97.5539, 17.1408 ], [ -97.5615, 17.1364 ], [ -97.5692, 17.1223 ], [ -97.5855, 17.1115 ], [ -97.5853, 17.1219 ], [ -97.6057, 17.159 ], [ -97.5982, 17.1699 ], [ -97.5875, 17.1691 ], [ -97.577, 17.1619 ], [ -97.5788, 17.1772 ], [ -97.5738, 17.1901 ], [ -97.5424, 17.1735 ], [ -97.5502, 17.1678 ] ] ] } },
{ "type": "Feature", "properties": { "cvegeo": "20111", "municipio_inegi": "San Antonio Tepetlapa", "clave": "san antonio tepetlapa", "region": "Costa", "sin_dato_siap": false }, "geometry": { "type": "Polygon", "coordinates": [ [ [ -97.9809, 16.5731 ], [ -97.975, 16.5711 ], [ -97.9799, 16.5608 ], [ -97.9745, 16.5585 ], [ -97.994, 16.5439 ], [ -98.0075, 16.5385 ], [ -98.0029, 16.5316 ], [ -98.0231, 16.5174 ], [ -98.0381, 16.5176 ], [ -98.0389, 16.5141 ], [ -98.051, 16.5108 ], [ -98.0541, 16.503 ], [ -98.0793, 16.5127 ], [ -98.0906, 16.4948 ], [ -98.0962, 16.4983 ], [ -98.109, 16.4963 ], [ -98.0923, 16.5145 ], [ -98.1016, 16.5205 ], [ -98.1006, 16.5271 ], [ -98.0949, 16.5325 ], [ -98.1033, 16.5603 ], [ -98.0891, 16.5627 ], [ -98.0889, 16.5703 ], [ -98.0788, 16.5655 ], [ -98.0614, 16.5645 ], [ -98.0399, 16.5686 ], [ -97.9905, 16.5686 ], [ -97.9809, 16.5731 ] ] ] } },
{ "type": "Feature", "properties": { "cvegeo": "20114", "municipio_inegi": "San Baltazar Yatzachi el Bajo", "clave": "san baltazar yatzachi el bajo", "region": "Sierra Juárez", "sin_dato_siap": false }, "geometry": { "type": "Polygon", "coordinates": [ [ [ -96.1819, 17.2585 ], [ -96.1783, 17.2506 ], [ -96.1818, 17.2463 ], [ -96.18, 17.2426 ], [ -96.1846, 17.242 ], [ -96.1831, 17.2335 ], [ -96.1885, 17.2268 ], [ -96.1879, 17.2162 ], [ -96.1921, 17.213 ], [ -96.1912, 17.2075 ], [ -96.1944, 17.2074 ], [ -96.1925, 17.1915 ], [ -96.2393, 17.1966 ], [ -96.238, 17.2252 ], [ -96.2508, 17.2261 ], [ -96.249, 17.2323 ], [ -96.2393, 17.2286 ], [ -96.2141, 17.236 ], [ -96.2018, 17.25 ], [ -96.1951, 17.2496 ], [ -96.1966, 17.2589 ], [ -96.1888, 17.2543 ], [ -96.1819, 17.2585 ] ] ] } },
{ "type": "Feature", "properties": { "cvegeo": "20115", "municipio_inegi": "San Bartolo Coyotepec", "clave": "san bartolo coyotepec", "region": "Valles Centrales", "sin_dato_siap": false }, "geometry": { "type": "MultiPolygon", "coordinates": [ [ [ [ -96.7271, 16.9256 ], [ -96.7147, 16.9068 ], [ -96.7005, 16.9011 ], [ -96.7081, 16.8898 ], [ -96.7157, 16.9059 ], [ -96.731, 16.904 ], [ -96.7449, 16.9083 ], [ -96.7394, 16.929 ], [ -96.7271, 16.9256 ] ] ], [ [ [ -96.6599, 16.9699 ], [ -96.6585, 16.9263 ], [ -96.6613, 16.9235 ], [ -96.7272, 16.9459 ], [ -96.7226, 16.959 ], [ -96.7283, 16.9614 ], [ -96.7278, 16.966 ], [ -96.7079, 16.9619 ], [ -96.6818, 16.9635 ], [ -96.6549, 16.9773 ], [ -96.6599, 16.9699 ] ] ] ] } },
{ "type": "Feature", "properties": { "cvegeo": "20116", "municipio_inegi": "San Bartolomé Ayautla", "clave": "san bartolome ayautla", "region": "Cañada", "sin_dato_siap": false }, "geometry": { "type": "Polygon", "coordinates": [ [ [ -96.6802, 18.1106 ], [ -96.6618, 18.1036 ], [ -96.6477, 18.0818 ], [ -96.6394, 18.0649 ], [ -96.6479, 18.0592 ], [ -96.648, 18.054 ], [ -96.6325, 18.0509 ], [ -96.6303, 18.0458 ], [ -96.636, 18.0372 ], [ -96.634, 18.0275 ], [ -96.6421, 18.0182 ], [ -96.665, 18.0157 ], [ -96.6761, 18.0213 ], [ -96.6852, 18.0118 ], [ -96.7046, 18.0107 ], [ -96.7095, 18.0058 ], [ -96.7154, 18.0073 ], [ -96.7198, 18.0142 ], [ -96.7195, 18.0361 ], [ -96.7253, 18.0437 ], [ -96.7253, 18.0518 ], [ -96.7209, 18.0474 ], [ -96.7064, 18.0552 ], [ -96.6783, 18.0443 ], [ -96.6707, 18.0827 ], [ -96.7112, 18.1074 ], [ -96.7062, 18.1109 ], [ -96.6967, 18.103 ], [ -96.6802, 18.1106 ] ] ] } },
{ "type": "Feature", "properties": { "cvegeo": "20117", "municipio_inegi": "San Bartolomé Loxicha", "clave": "san bartolome loxicha", "region": "Costa", "sin_dato_siap": false }, "geometry": { "type": "Polygon", "coordinates": [ [ [ -96.7081, 16.0263 ], [ -96.6822, 15.9786 ], [ -96.7004, 15.9068 ], [ -96.7505, 15.8877 ], [ -96.8118, 15.894 ], [ -96.8384, 15.9209 ], [ -96.8459, 15.9496 ], [ -96.8434, 15.9557 ], [ -96.8369, 15.9596 ], [ -96.8251, 15.9595 ], [ -96.82, 15.9664 ], [ -96.8122, 15.963 ], [ -96.7934, 15.9637 ], [ -96.7902, 15.9678 ], [ -96.7838, 15.9629 ], [ -96.7828, 15.9685 ], [ -96.7772, 15.9647 ], [ -96.7685, 15.9738 ], [ -96.7625, 15.9725 ], [ -96.7645, 15.9797 ], [ -96.7596, 15.98 ], [ -96.7613, 15.9853 ], [ -96.754, 15.9861 ], [ -96.741, 16.009 ], [ -96.738, 16.0052 ], [ -96.7331, 16.0061 ], [ -96.723, 16.0167 ], [ -96.7207, 16.0116 ], [ -96.7136, 16.0128 ], [ -96.7081, 16.0263 ] ] ] } },
{ "type": "Feature", "properties": { "cvegeo": "20118", "municipio_inegi": "San Bartolomé Quialana", "clave": "san bartolome quialana", "region": "Valles Centrales", "sin_dato_siap": false }, "geometry": { "type": "Polygon", "coordinates": [ [ [ -96.5087, 16.9295 ], [ -96.4761, 16.9214 ], [ -96.4774, 16.9005 ], [ -96.5006, 16.8668 ], [ -96.4986, 16.8621 ], [ -96.5247, 16.871 ], [ -96.5087, 16.9295 ] ] ] } },
{ "type": "Feature", "properties": { "cvegeo": "20119", "municipio_inegi": "San Bartolomé Yucuañe", "clave": "san bartolome yucuane", "region": "Mixteca", "sin_dato_siap": false }, "geometry": { "type": "Polygon", "coordinates": [ [ [ -97.4256, 17.2472 ], [ -97.4321, 17.2011 ], [ -97.4227, 17.1467 ], [ -97.4357, 17.134 ], [ -97.4425, 17.1341 ], [ -97.44, 17.1487 ], [ -97.4453, 17.1629 ], [ -97.4572, 17.1747 ], [ -97.4709, 17.1665 ], [ -97.4785, 17.1685 ], [ -97.482, 17.1643 ], [ -97.4796, 17.2073 ], [ -97.4828, 17.2299 ], [ -97.4917, 17.2349 ], [ -97.4899, 17.2655 ], [ -97.4958, 17.2705 ], [ -97.4149, 17.2919 ], [ -97.4206, 17.2446 ], [ -97.4256, 17.2472 ] ] ] } },
{ "type": "Feature", "properties": { "cvegeo": "20120", "municipio_inegi": "San Bartolomé Zoogocho", "clave": "san bartolome zoogocho", "region": "Sierra Juárez", "sin_dato_siap": false }, "geometry": { "type": "Polygon", "coordinates": [ [ [ -96.2454, 17.2628 ], [ -96.2442, 17.2583 ], [ -96.2292, 17.2574 ], [ -96.2315, 17.2442 ], [ -96.2267, 17.2335 ], [ -96.2393, 17.2286 ], [ -96.249, 17.2323 ], [ -96.2618, 17.2472 ], [ -96.2509, 17.2612 ], [ -96.2454, 17.2628 ] ] ] } },
{ "type": "Feature", "properties": { "cvegeo": "20121", "municipio_inegi": "San Bartolo Soyaltepec", "clave": "san bartolo soyaltepec", "region": "Mixteca", "sin_dato_siap": false }, "geometry": { "type": "Polygon", "coordinates": [ [ [ -97.2889, 17.6437 ], [ -97.2872, 17.6523 ], [ -97.2837, 17.6476 ], [ -97.2676, 17.6506 ], [ -97.2379, 17.6416 ], [ -97.2309, 17.6424 ], [ -97.2495, 17.6271 ], [ -97.2447, 17.6022 ], [ -97.2754, 17.5732 ], [ -97.2818, 17.5766 ], [ -97.286, 17.5803 ], [ -97.2773, 17.5983 ], [ -97.2802, 17.6097 ], [ -97.2737, 17.6161 ], [ -97.2805, 17.6311 ], [ -97.2889, 17.6378 ], [ -97.2917, 17.6253 ], [ -97.2838, 17.6147 ], [ -97.2906, 17.6125 ], [ -97.282, 17.5925 ], [ -97.2942, 17.577 ], [ -97.2917, 17.5657 ], [ -97.3028, 17.5671 ], [ -97.2999, 17.5566 ], [ -97.3311, 17.578 ], [ -97.327, 17.5742 ], [ -97.3388, 17.5723 ], [ -97.3431, 17.5774 ], [ -97.3544, 17.5772 ], [ -97.3925, 17.5675 ], [ -97.4004, 17.5417 ], [ -97.386, 17.5425 ], [ -97.3629, 17.5303 ], [ -97.3555, 17.5209 ], [ -97.3573, 17.5126 ], [ -97.3695, 17.4995 ], [ -97.39, 17.5011 ], [ -97.4052, 17.5419 ], [ -97.4016, 17.5511 ], [ -97.4058, 17.5563 ], [ -97.4019, 17.5598 ], [ -97.3994, 17.5728 ], [ -97.3698, 17.5767 ], [ -97.3603, 17.5849 ], [ -97.3542, 17.5815 ], [ -97.3309, 17.5817 ], [ -97.3243, 17.6084 ], [ -97.3056, 17.6111 ], [ -97.2999, 17.6167 ], [ -97.2972, 17.6387 ], [ -97.2997, 17.6548 ], [ -97.2889, 17.6437 ] ] ] } },
{ "type": "Feature", "properties": { "cvegeo": "20122", "municipio_inegi": "San Bartolo Yautepec", "clave": "san bartolo yautepec", "region": "Istmo", "sin_dato_siap": false }, "geometry": { "type": "Polygon", "coordinates": [ [ [ -95.9638, 16.4735 ], [ -95.8858, 16.4332 ], [ -95.8818, 16.4359 ], [ -95.8709, 16.4346 ], [ -95.8599, 16.4502 ], [ -95.854, 16.4436 ], [ -95.8473, 16.4436 ], [ -95.8451, 16.3886 ], [ -95.8499, 16.3897 ], [ -95.8516, 16.3844 ], [ -95.8549, 16.3929 ], [ -95.8609, 16.3947 ], [ -95.8607, 16.3988 ], [ -95.8697, 16.3968 ], [ -95.88, 16.3994 ], [ -95.879, 16.405 ], [ -95.8848, 16.4055 ], [ -95.8827, 16.4083 ], [ -95.8853, 16.4103 ], [ -95.8927, 16.4053 ], [ -95.8944, 16.4087 ], [ -95.9038, 16.4054 ], [ -95.9027, 16.4103 ], [ -95.9086, 16.4089 ], [ -95.9115, 16.4136 ], [ -95.9479, 16.3866 ], [ -95.9442, 16.3801 ], [ -95.9501, 16.3825 ], [ -95.96, 16.3791 ], [ -95.9618, 16.3935 ], [ -95.9658, 16.3947 ], [ -95.9701, 16.39 ], [ -95.9771, 16.3936 ], [ -95.977, 16.4003 ], [ -95.9848, 16.4107 ], [ -95.9829, 16.4186 ], [ -95.9924, 16.4179 ], [ -95.9969, 16.4254 ], [ -96.0156, 16.4363 ], [ -96.014, 16.4406 ], [ -96.0, 16.4468 ], [ -95.9916, 16.4386 ], [ -95.9878, 16.4382 ], [ -95.9799, 16.4477 ], [ -95.9778, 16.4598 ], [ -95.9638, 16.4735 ] ] ] } },
{ "type": "Feature", "properties": { "cvegeo": "20123", "municipio_inegi": "San Bernardo Mixtepec", "clave": "san bernardo mixtepec", "region": "Valles Centrales", "sin_dato_siap": false }, "geometry": { "type": "Polygon", "coordinates": [ [ [ -96.9694, 16.8917 ], [ -96.9438, 16.8842 ], [ -96.9292, 16.8747 ], [ -96.9241, 16.8642 ], [ -96.9053, 16.8724 ], [ -96.8929, 16.8747 ], [ -96.8873, 16.8712 ], [ -96.8728, 16.8739 ], [ -96.8678, 16.8785 ], [ -96.859, 16.8723 ], [ -96.8479, 16.8793 ], [ -96.8583, 16.8515 ], [ -96.8484, 16.8468 ], [ -96.8479, 16.7972 ], [ -96.8776, 16.801 ], [ -96.8847, 16.8067 ], [ -96.895, 16.8037 ], [ -96.9176, 16.8071 ], [ -96.9302, 16.8173 ], [ -96.9498, 16.8182 ], [ -96.9818, 16.8318 ], [ -97.0025, 16.8623 ], [ -96.9936, 16.8668 ], [ -96.987, 16.8843 ], [ -96.9771, 16.8825 ], [ -96.9694, 16.8917 ] ] ] } },
{ "type": "Feature", "properties": { "cvegeo": "20124", "municipio_inegi": "San Blas Atempa", "clave": "san blas atempa", "region": "Istmo", "sin_dato_siap": false }, "geometry": { "type": "Polygon", "coordinates": [ [ [ -95.1265, 16.452 ], [ -95.1245, 16.4413 ], [ -95.1198, 16.4408 ], [ -95.1198, 16.4339 ], [ -95.0858, 16.4337 ], [ -95.0964, 16.42 ], [ -95.1019, 16.3979 ], [ -95.0916, 16.3883 ], [ -95.0956, 16.3798 ], [ -95.0735, 16.3316 ], [ -95.0969, 16.3068 ], [ -95.1076, 16.3036 ], [ -95.122, 16.3071 ], [ -95.1184, 16.3023 ], [ -95.1243, 16.2835 ], [ -95.1235, 16.2649 ], [ -95.1495, 16.2637 ], [ -95.1608, 16.273 ], [ -95.1617, 16.2647 ], [ -95.1716, 16.2638 ], [ -95.171, 16.2693 ], [ -95.1749, 16.271 ], [ -95.1843, 16.2668 ], [ -95.1848, 16.2781 ], [ -95.1904, 16.2823 ], [ -95.189, 16.3016 ], [ -95.2148, 16.3208 ], [ -95.2183, 16.32 ], [ -95.2315, 16.3264 ], [ -95.2255, 16.3327 ], [ -95.2191, 16.3326 ], [ -95.2128, 16.3451 ], [ -95.1885, 16.3405 ], [ -95.1891, 16.3383 ], [ -95.1835, 16.3403 ], [ -95.2038, 16.3715 ], [ -95.1833, 16.3959 ], [ -95.1962, 16.4086 ], [ -95.2009, 16.4235 ], [ -95.1753, 16.4335 ], [ -95.1514, 16.4544 ], [ -95.1406, 16.4572 ], [ -95.1265, 16.452 ] ] ] } },
{ "type": "Feature", "properties": { "cvegeo": "20125", "municipio_inegi": "San Carlos Yautepec", "clave": "san carlos yautepec", "region": "Istmo", "sin_dato_siap": false }, "geometry": { "type": "Polygon", "coordinates": [ [ [ -95.6136, 16.8887 ], [ -95.6097, 16.8775 ], [ -95.5899, 16.8807 ], [ -95.5908, 16.8755 ], [ -95.6038, 16.8638 ], [ -95.6096, 16.8647 ], [ -95.6142, 16.8728 ], [ -95.6194, 16.8743 ], [ -95.6411, 16.8538 ], [ -95.634, 16.8533 ], [ -95.6295, 16.8465 ], [ -95.6156, 16.8491 ], [ -95.6145, 16.8519 ], [ -95.6074, 16.8458 ], [ -95.6073, 16.8383 ], [ -95.6147, 16.8346 ], [ -95.609, 16.8295 ], [ -95.6098, 16.8256 ], [ -95.6177, 16.8273 ], [ -95.6562, 16.8109 ], [ -95.6621, 16.8127 ], [ -95.6619, 16.8198 ], [ -95.6674, 16.8173 ], [ -95.6799, 16.8247 ], [ -95.688, 16.8148 ], [ -95.6716, 16.8044 ], [ -95.7091, 16.7881 ], [ -95.7112, 16.7783 ], [ -95.7085, 16.7688 ], [ -95.7523, 16.7245 ], [ -95.7479, 16.7237 ], [ -95.7538, 16.7204 ], [ -95.7503, 16.7146 ], [ -95.745, 16.7158 ], [ -95.7421, 16.7228 ], [ -95.7357, 16.7172 ], [ -95.7397, 16.7021 ], [ -95.7583, 16.6963 ], [ -95.7568, 16.6675 ], [ -95.7883, 16.6431 ], [ -95.7832, 16.6199 ], [ -95.7692, 16.6171 ], [ -95.7751, 16.6082 ], [ -95.7552, 16.5626 ], [ -95.7645, 16.5447 ], [ -95.7606, 16.5374 ], [ -95.6864, 16.5117 ], [ -95.7568, 16.407 ], [ -95.8086, 16.4172 ], [ -95.8449, 16.4388 ], [ -95.8478, 16.4441 ], [ -95.8551, 16.4443 ], [ -95.8599, 16.4502 ], [ -95.8709, 16.4346 ], [ -95.8818, 16.4359 ], [ -95.8858, 16.4332 ], [ -95.9638, 16.4735 ], [ -95.9778, 16.4598 ], [ -95.9799, 16.4477 ], [ -95.9878, 16.4382 ], [ -96.0, 16.4468 ], [ -96.014, 16.4406 ], [ -96.0156, 16.4363 ], [ -95.9969, 16.4254 ], [ -95.9924, 16.4179 ], [ -95.9829, 16.4186 ], [ -95.9848, 16.4107 ], [ -95.977, 16.4003 ], [ -95.9771, 16.3936 ], [ -95.9701, 16.39 ], [ -95.9658, 16.3947 ], [ -95.9618, 16.3935 ], [ -95.96, 16.3791 ], [ -95.9501, 16.3825 ], [ -95.9442, 16.3801 ], [ -95.9479, 16.3866 ], [ -95.9115, 16.4136 ], [ -95.9086, 16.4089 ], [ -95.9027, 16.4103 ], [ -95.904, 16.4056 ], [ -95.9003, 16.4046 ], [ -95.8969, 16.4083 ], [ -95.8927, 16.4053 ], [ -95.8853, 16.4103 ], [ -95.8827, 16.4083 ], [ -95.8848, 16.4055 ], [ -95.879, 16.405 ], [ -95.88, 16.3994 ], [ -95.8697, 16.3968 ], [ -95.8611, 16.399 ], [ -95.8609, 16.3947 ], [ -95.8532, 16.3889 ], [ -95.8516, 16.3844 ], [ -95.8984, 16.283 ], [ -95.9127, 16.2797 ], [ -95.9284, 16.3046 ], [ -95.9285, 16.3145 ], [ -95.9455, 16.3284 ], [ -95.94, 16.3418 ], [ -95.9315, 16.3495 ], [ -95.9259, 16.3653 ], [ -95.9315, 16.3657 ], [ -95.9329, 16.3612 ], [ -95.9432, 16.3559 ], [ -95.9573, 16.3569 ], [ -95.9749, 16.3435 ], [ -95.98, 16.3353 ], [ -95.9606, 16.3131 ], [ -95.9834, 16.2934 ], [ -95.9888, 16.2943 ], [ -95.9975, 16.272 ], [ -96.0009, 16.2724 ], [ -96.006, 16.264 ], [ -96.0025, 16.2588 ], [ -96.018, 16.263 ], [ -96.024, 16.254 ], [ -96.0299, 16.257 ], [ -96.0337, 16.2739 ], [ -96.0065, 16.2809 ], [ -95.9947, 16.3015 ], [ -96.0027, 16.3115 ], [ -96.0027, 16.3233 ], [ -95.9985, 16.3224 ], [ -95.9935, 16.3301 ], [ -95.9865, 16.3315 ], [ -95.9995, 16.3393 ], [ -95.9976, 16.3451 ], [ -95.9925, 16.3448 ], [ -95.9871, 16.3538 ], [ -95.9991, 16.3644 ], [ -95.9944, 16.3702 ], [ -96.0423, 16.3916 ], [ -96.0599, 16.3683 ], [ -96.0791, 16.3664 ], [ -96.0992, 16.3419 ], [ -96.089, 16.3011 ], [ -96.0935, 16.2881 ], [ -96.1128, 16.2709 ], [ -96.118, 16.2473 ], [ -96.1134, 16.2486 ], [ -96.1143, 16.2286 ], [ -96.1099, 16.2227 ], [ -96.0894, 16.223 ], [ -96.0853, 16.2319 ], [ -96.0654, 16.2406 ], [ -96.0644, 16.238 ], [ -96.0437, 16.2353 ], [ -96.0208, 16.2169 ], [ -96.0179, 16.2193 ], [ -96.0188, 16.2125 ], [ -96.0044, 16.2073 ], [ -96.001, 16.2024 ], [ -95.9958, 16.2051 ], [ -95.9903, 16.2026 ], [ -95.9928, 16.1994 ], [ -95.9893, 16.1963 ], [ -95.9797, 16.2031 ], [ -95.9648, 16.1968 ], [ -95.9548, 16.1998 ], [ -95.9543, 16.2048 ], [ -95.9474, 16.2043 ], [ -95.9354, 16.2115 ], [ -95.9353, 16.2191 ], [ -95.9397, 16.2245 ], [ -95.9351, 16.2308 ], [ -95.9237, 16.2364 ], [ -95.905, 16.2313 ], [ -95.9037, 16.2346 ], [ -95.8868, 16.2276 ], [ -95.8769, 16.2145 ], [ -95.8688, 16.2182 ], [ -95.8633, 16.2125 ], [ -95.8605, 16.2158 ], [ -95.8526, 16.2094 ], [ -95.8476, 16.2152 ], [ -95.8473, 16.2069 ], [ -95.8427, 16.2079 ], [ -95.8498, 16.2041 ], [ -95.8101, 16.1835 ], [ -95.8368, 16.177 ], [ -95.8413, 16.1646 ], [ -95.8511, 16.1629 ], [ -95.8521, 16.1592 ], [ -95.8557, 16.161 ], [ -95.8584, 16.1512 ], [ -95.8621, 16.1502 ], [ -95.867, 16.1549 ], [ -95.8749, 16.1507 ], [ -95.8772, 16.1539 ], [ -95.884, 16.1488 ], [ -95.8892, 16.1515 ], [ -95.8885, 16.1469 ], [ -95.9013, 16.1415 ], [ -95.9109, 16.1251 ], [ -95.9225, 16.1207 ], [ -95.935, 16.1223 ], [ -95.9253, 16.1412 ], [ -95.9586, 16.1534 ], [ -95.9593, 16.1403 ], [ -95.9518, 16.1331 ], [ -95.9637, 16.1335 ], [ -95.9574, 16.1273 ], [ -95.9466, 16.1261 ], [ -95.9508, 16.1166 ], [ -95.9423, 16.1114 ], [ -95.9464, 16.0976 ], [ -95.9413, 16.0949 ], [ -95.9294, 16.1052 ], [ -95.9259, 16.0903 ], [ -95.9156, 16.095 ], [ -95.9011, 16.0873 ], [ -95.8974, 16.0911 ], [ -95.8977, 16.1007 ], [ -95.9024, 16.1207 ], [ -95.8737, 16.1273 ], [ -95.8759, 16.1163 ], [ -95.8659, 16.0764 ], [ -95.8269, 16.0052 ], [ -95.8524, 15.9585 ], [ -95.8784, 15.9571 ], [ -95.9098, 15.9679 ], [ -95.9247, 15.9633 ], [ -95.9672, 15.9375 ], [ -95.9942, 15.9542 ], [ -95.9878, 15.9541 ], [ -95.9979, 15.9658 ], [ -96.0019, 16.0256 ], [ -96.0101, 16.0035 ], [ -96.034, 16.0048 ], [ -96.0511, 15.9938 ], [ -96.0564, 16.0055 ], [ -96.0552, 16.0143 ], [ -96.0614, 16.0382 ], [ -96.0456, 16.0368 ], [ -96.0314, 16.0474 ], [ -96.0139, 16.043 ], [ -95.9959, 16.0334 ], [ -96.0241, 16.0651 ], [ -96.0204, 16.076 ], [ -96.0509, 16.0917 ], [ -96.0874, 16.0979 ], [ -96.0879, 16.0925 ], [ -96.1194, 16.1142 ], [ -96.1135, 16.1393 ], [ -96.1074, 16.1468 ], [ -96.0872, 16.1562 ], [ -96.1026, 16.1626 ], [ -96.1316, 16.2016 ], [ -96.1638, 16.2082 ], [ -96.1782, 16.2234 ], [ -96.1744, 16.2435 ], [ -96.1844, 16.2586 ], [ -96.2094, 16.2739 ], [ -96.2101, 16.2795 ], [ -96.1923, 16.301 ], [ -96.1968, 16.3136 ], [ -96.1909, 16.3183 ], [ -96.2043, 16.3558 ], [ -96.2278, 16.336 ], [ -96.2338, 16.3355 ], [ -96.2618, 16.3465 ], [ -96.2876, 16.3736 ], [ -96.2955, 16.392 ], [ -96.2539, 16.3831 ], [ -96.2398, 16.3886 ], [ -96.199, 16.387 ], [ -96.1872, 16.4229 ], [ -96.2032, 16.4361 ], [ -96.2261, 16.4641 ], [ -96.247, 16.5046 ], [ -96.2683, 16.5278 ], [ -96.2595, 16.5329 ], [ -96.2432, 16.5304 ], [ -96.2495, 16.5468 ], [ -96.2558, 16.5519 ], [ -96.2441, 16.5857 ], [ -96.255, 16.5897 ], [ -96.2617, 16.5955 ], [ -96.262, 16.6008 ], [ -96.2019, 16.622 ], [ -96.1693, 16.5675 ], [ -96.1264, 16.5806 ], [ -96.0688, 16.6343 ], [ -96.0607, 16.6372 ], [ -96.0487, 16.6283 ], [ -96.0448, 16.5665 ], [ -96.0606, 16.5234 ], [ -96.0597, 16.5052 ], [ -96.0351, 16.4888 ], [ -96.0321, 16.4933 ], [ -96.0184, 16.4833 ], [ -96.0278, 16.4714 ], [ -96.0185, 16.4629 ], [ -95.9826, 16.4656 ], [ -95.9833, 16.4948 ], [ -95.9643, 16.4846 ], [ -95.9402, 16.4813 ], [ -95.9336, 16.4934 ], [ -95.9265, 16.491 ], [ -95.9274, 16.4799 ], [ -95.9244, 16.4727 ], [ -95.9168, 16.4674 ], [ -95.9002, 16.4739 ], [ -95.8639, 16.469 ], [ -95.8448, 16.4534 ], [ -95.8593, 16.5186 ], [ -95.8505, 16.5289 ], [ -95.8382, 16.5352 ], [ -95.8384, 16.5439 ], [ -95.803, 16.5729 ], [ -95.8037, 16.5826 ], [ -95.8082, 16.5922 ], [ -95.8171, 16.5983 ], [ -95.821, 16.6191 ], [ -95.8899, 16.6702 ], [ -95.9147, 16.6846 ], [ -95.9189, 16.6936 ], [ -95.9238, 16.6943 ], [ -95.9181, 16.7043 ], [ -95.9141, 16.7251 ], [ -95.9161, 16.733 ], [ -95.9096, 16.7473 ], [ -95.9075, 16.7376 ], [ -95.8965, 16.7431 ], [ -95.8893, 16.7426 ], [ -95.8821, 16.7491 ], [ -95.8774, 16.7478 ], [ -95.8815, 16.7646 ], [ -95.8587, 16.7788 ], [ -95.8428, 16.7776 ], [ -95.8373, 16.7997 ], [ -95.7929, 16.8552 ], [ -95.7776, 16.8864 ], [ -95.717, 16.8896 ], [ -95.6944, 16.8729 ], [ -95.6584, 16.9076 ], [ -95.6136, 16.8887 ] ] ] } },
{ "type": "Feature", "properties": { "cvegeo": "20199", "municipio_inegi": "San Juan Ihualtepec", "clave": "san juan ihualtepec", "region": "Mixteca", "sin_dato_siap": false }, "geometry": { "type": "Polygon", "coordinates": [ [ [ -98.2997, 17.8315 ], [ -98.276, 17.8313 ], [ -98.2628, 17.8223 ], [ -98.2759, 17.8156 ], [ -98.2804, 17.808 ], [ -98.2814, 17.7921 ], [ -98.278, 17.7737 ], [ -98.265, 17.7569 ], [ -98.2766, 17.7515 ], [ -98.2725, 17.7468 ], [ -98.2552, 17.744 ], [ -98.2657, 17.7394 ], [ -98.2705, 17.7288 ], [ -98.2751, 17.7277 ], [ -98.2676, 17.7198 ], [ -98.2643, 17.7025 ], [ -98.3061, 17.7152 ], [ -98.3209, 17.7296 ], [ -98.307, 17.7562 ], [ -98.3055, 17.8172 ], [ -98.2997, 17.8315 ] ] ] } },
{ "type": "Feature", "properties": { "cvegeo": "20126", "municipio_inegi": "San Cristóbal Amatlán", "clave": "san cristobal amatlan", "region": "Valles Centrales", "sin_dato_siap": false }, "geometry": { "type": "Polygon", "coordinates": [ [ [ -96.4156, 16.3842 ], [ -96.4113, 16.3769 ], [ -96.4158, 16.3672 ], [ -96.4005, 16.3524 ], [ -96.3911, 16.3509 ], [ -96.386, 16.3389 ], [ -96.3756, 16.3316 ], [ -96.3526, 16.3296 ], [ -96.3364, 16.3454 ], [ -96.3387, 16.3479 ], [ -96.3062, 16.354 ], [ -96.311, 16.3375 ], [ -96.3062, 16.322 ], [ -96.3112, 16.3208 ], [ -96.3334, 16.2898 ], [ -96.3398, 16.2897 ], [ -96.3472, 16.2798 ], [ -96.3488, 16.2556 ], [ -96.344, 16.2269 ], [ -96.3572, 16.213 ], [ -96.3794, 16.2169 ], [ -96.386, 16.2298 ], [ -96.3835, 16.2382 ], [ -96.3896, 16.2481 ], [ -96.3888, 16.2675 ], [ -96.3968, 16.2645 ], [ -96.4286, 16.2895 ], [ -96.4347, 16.3021 ], [ -96.434, 16.3153 ], [ -96.4371, 16.3186 ], [ -96.4298, 16.3494 ], [ -96.4541, 16.3468 ], [ -96.4566, 16.3796 ], [ -96.4374, 16.3919 ], [ -96.4156, 16.3842 ] ] ] } },
{ "type": "Feature", "properties": { "cvegeo": "20127", "municipio_inegi": "San Cristóbal Amoltepec", "clave": "san cristobal amoltepec", "region": "Mixteca", "sin_dato_siap": false }, "geometry": { "type": "Polygon", "coordinates": [ [ [ -97.5848, 17.319 ], [ -97.5486, 17.2952 ], [ -97.5455, 17.2971 ], [ -97.5442, 17.2873 ], [ -97.5502, 17.275 ], [ -97.5614, 17.2657 ], [ -97.6138, 17.253 ], [ -97.6112, 17.2682 ], [ -97.6172, 17.2726 ], [ -97.6166, 17.2783 ], [ -97.6087, 17.2818 ], [ -97.5985, 17.2991 ], [ -97.5913, 17.2995 ], [ -97.5848, 17.319 ] ] ] } },
{ "type": "Feature", "properties": { "cvegeo": "20204", "municipio_inegi": "San Juan Lajarcia", "clave": "san juan lajarcia", "region": "Istmo", "sin_dato_siap": false }, "geometry": { "type": "Polygon", "coordinates": [ [ [ -95.8593, 16.5186 ], [ -95.8448, 16.4534 ], [ -95.8639, 16.469 ], [ -95.9002, 16.4739 ], [ -95.9168, 16.4674 ], [ -95.9244, 16.4727 ], [ -95.9274, 16.4799 ], [ -95.9254, 16.4891 ], [ -95.9287, 16.4928 ], [ -95.9336, 16.4934 ], [ -95.9402, 16.4813 ], [ -95.9697, 16.4868 ], [ -95.9833, 16.4948 ], [ -95.9848, 16.5169 ], [ -95.9988, 16.5313 ], [ -95.9488, 16.5475 ], [ -95.9416, 16.5598 ], [ -95.9182, 16.5627 ], [ -95.8703, 16.5302 ], [ -95.8593, 16.5186 ] ] ] } },
{ "type": "Feature", "properties": { "cvegeo": "20205", "municipio_inegi": "San Juan Lalana", "clave": "san juan lalana", "region": "Papaloapan", "sin_dato_siap": false }, "geometry": { "type": "Polygon", "coordinates": [ [ [ -95.897, 17.7048 ], [ -95.871, 17.7022 ], [ -95.8675, 17.6848 ], [ -95.844, 17.6731 ], [ -95.8441, 17.6685 ], [ -95.8306, 17.6526 ], [ -95.808, 17.6468 ], [ -95.8056, 17.6434 ], [ -95.8096, 17.6382 ], [ -95.8006, 17.6276 ], [ -95.7856, 17.6334 ], [ -95.7811, 17.6389 ], [ -95.7825, 17.6258 ], [ -95.7727, 17.6215 ], [ -95.7737, 17.6059 ], [ -95.7772, 17.6043 ], [ -95.776, 17.6087 ], [ -95.7804, 17.6111 ], [ -95.7891, 17.6109 ], [ -95.7947, 17.6035 ], [ -95.8035, 17.6071 ], [ -95.8088, 17.5932 ], [ -95.7919, 17.5864 ], [ -95.7894, 17.5949 ], [ -95.793, 17.6014 ], [ -95.7818, 17.603 ], [ -95.7715, 17.5997 ], [ -95.7739, 17.5945 ], [ -95.7716, 17.5887 ], [ -95.7476, 17.5835 ], [ -95.7449, 17.586 ], [ -95.7338, 17.5755 ], [ -95.7269, 17.578 ], [ -95.7296, 17.5711 ], [ -95.724, 17.5573 ], [ -95.7281, 17.552 ], [ -95.722, 17.5492 ], [ -95.7205, 17.5435 ], [ -95.7251, 17.5362 ], [ -95.7133, 17.5362 ], [ -95.7088, 17.5319 ], [ -95.7066, 17.534 ], [ -95.7022, 17.5185 ], [ -95.691, 17.5249 ], [ -95.6922, 17.5309 ], [ -95.6852, 17.5375 ], [ -95.674, 17.5338 ], [ -95.6485, 17.5399 ], [ -95.6541, 17.5604 ], [ -95.647, 17.5557 ], [ -95.6445, 17.5465 ], [ -95.6271, 17.548 ], [ -95.62, 17.541 ], [ -95.6071, 17.5398 ], [ -95.6051, 17.549 ], [ -95.5993, 17.5437 ], [ -95.5988, 17.5346 ], [ -95.5906, 17.5383 ], [ -95.5849, 17.5352 ], [ -95.5777, 17.5387 ], [ -95.5771, 17.5458 ], [ -95.5726, 17.5486 ], [ -95.5712, 17.5453 ], [ -95.5712, 17.5295 ], [ -95.5829, 17.5193 ], [ -95.5981, 17.5251 ], [ -95.6078, 17.5238 ], [ -95.6121, 17.5155 ], [ -95.6175, 17.5193 ], [ -95.6064, 17.5065 ], [ -95.6044, 17.5128 ], [ -95.5961, 17.5092 ], [ -95.5963, 17.5137 ], [ -95.5913, 17.5138 ], [ -95.5835, 17.5017 ], [ -95.5897, 17.4976 ], [ -95.5876, 17.4895 ], [ -95.5942, 17.4823 ], [ -95.6001, 17.4821 ], [ -95.602, 17.4766 ], [ -95.6219, 17.4767 ], [ -95.6383, 17.4689 ], [ -95.6627, 17.4748 ], [ -95.6675, 17.4837 ], [ -95.6841, 17.4761 ], [ -95.667, 17.4626 ], [ -95.6784, 17.4516 ], [ -95.6589, 17.4457 ], [ -95.6658, 17.4409 ], [ -95.6657, 17.437 ], [ -95.6729, 17.4354 ], [ -95.6773, 17.427 ], [ -95.6897, 17.4256 ], [ -95.6906, 17.4197 ], [ -95.7098, 17.4103 ], [ -95.7437, 17.3829 ], [ -95.7298, 17.3601 ], [ -95.7328, 17.3525 ], [ -95.729, 17.3355 ], [ -95.7489, 17.3185 ], [ -95.7694, 17.3228 ], [ -95.7934, 17.344 ], [ -95.8002, 17.3422 ], [ -95.8137, 17.3469 ], [ -95.825, 17.3678 ], [ -95.8275, 17.3797 ], [ -95.8237, 17.3851 ], [ -95.8239, 17.3944 ], [ -95.8198, 17.3974 ], [ -95.8253, 17.4022 ], [ -95.8476, 17.4115 ], [ -95.8595, 17.4035 ], [ -95.8633, 17.3877 ], [ -95.8687, 17.387 ], [ -95.8803, 17.3962 ], [ -95.8969, 17.3986 ], [ -95.9192, 17.4117 ], [ -95.9203, 17.4185 ], [ -95.9165, 17.4242 ], [ -95.9, 17.4387 ], [ -95.9561, 17.446 ], [ -95.9752, 17.4922 ], [ -95.9679, 17.5005 ], [ -95.9556, 17.4918 ], [ -95.9156, 17.4915 ], [ -95.9117, 17.4841 ], [ -95.9066, 17.4863 ], [ -95.9078, 17.4828 ], [ -95.8976, 17.4895 ], [ -95.894, 17.5098 ], [ -95.9007, 17.5282 ], [ -95.9226, 17.5307 ], [ -95.928, 17.5375 ], [ -95.8947, 17.5555 ], [ -95.8951, 17.5674 ], [ -95.8814, 17.5673 ], [ -95.8807, 17.5802 ], [ -95.8712, 17.5845 ], [ -95.8593, 17.6062 ], [ -95.8699, 17.6173 ], [ -95.8661, 17.6267 ], [ -95.8688, 17.631 ], [ -95.8664, 17.6418 ], [ -95.8704, 17.65 ], [ -95.8684, 17.6542 ], [ -95.8802, 17.6602 ], [ -95.883, 17.6728 ], [ -95.891, 17.6778 ], [ -95.8934, 17.6862 ], [ -95.9037, 17.6902 ], [ -95.903, 17.6954 ], [ -95.8977, 17.6942 ], [ -95.8997, 17.7021 ], [ -95.897, 17.7048 ] ], [ [ -95.7374, 17.5157 ], [ -95.7401, 17.5083 ], [ -95.7484, 17.5088 ], [ -95.7536, 17.5034 ], [ -95.763, 17.5076 ], [ -95.7645, 17.5174 ], [ -95.7709, 17.5133 ], [ -95.7596, 17.4946 ], [ -95.7689, 17.4911 ], [ -95.7716, 17.4782 ], [ -95.7803, 17.4762 ], [ -95.7804, 17.469 ], [ -95.7565, 17.4644 ], [ -95.7464, 17.4665 ], [ -95.7486, 17.4677 ], [ -95.7447, 17.4695 ], [ -95.745, 17.4748 ], [ -95.7408, 17.4726 ], [ -95.7395, 17.4759 ], [ -95.751, 17.4866 ], [ -95.75, 17.4942 ], [ -95.7382, 17.4949 ], [ -95.7371, 17.5013 ], [ -95.7244, 17.5037 ], [ -95.7374, 17.5157 ] ] ] } },
{ "type": "Feature", "properties": { "cvegeo": "20128", "municipio_inegi": "San Cristóbal Lachirioag", "clave": "san cristobal lachirioag", "region": "Sierra Juárez", "sin_dato_siap": false }, "geometry": { "type": "Polygon", "coordinates": [ [ [ -96.1825, 17.375 ], [ -96.176, 17.3687 ], [ -96.1703, 17.3726 ], [ -96.1561, 17.3654 ], [ -96.1541, 17.3381 ], [ -96.1617, 17.3341 ], [ -96.1622, 17.3262 ], [ -96.1743, 17.3274 ], [ -96.1817, 17.3411 ], [ -96.1981, 17.3445 ], [ -96.2009, 17.3548 ], [ -96.2099, 17.3614 ], [ -96.2119, 17.3663 ], [ -96.2095, 17.3616 ], [ -96.196, 17.3597 ], [ -96.189, 17.3621 ], [ -96.1899, 17.3658 ], [ -96.1858, 17.3659 ], [ -96.1825, 17.375 ] ] ] } },
{ "type": "Feature", "properties": { "cvegeo": "20129", "municipio_inegi": "San Cristóbal Suchixtlahuaca", "clave": "san cristobal suchixtlahuaca", "region": "Mixteca", "sin_dato_siap": false }, "geometry": { "type": "Polygon", "coordinates": [ [ [ -97.3681, 17.7693 ], [ -97.345, 17.7641 ], [ -97.3519, 17.7414 ], [ -97.3465, 17.7267 ], [ -97.3457, 17.7022 ], [ -97.3621, 17.7053 ], [ -97.3749, 17.7007 ], [ -97.39, 17.6872 ], [ -97.4021, 17.6833 ], [ -97.4322, 17.7135 ], [ -97.4085, 17.7388 ], [ -97.4184, 17.7369 ], [ -97.4206, 17.7426 ], [ -97.4162, 17.7407 ], [ -97.4023, 17.7457 ], [ -97.3681, 17.7693 ] ] ] } },
{ "type": "Feature", "properties": { "cvegeo": "20130", "municipio_inegi": "San Dionisio del Mar", "clave": "san dionisio del mar", "region": "Istmo", "sin_dato_siap": false }, "geometry": { "type": "Polygon", "coordinates": [ [ [ -94.6417, 16.4352 ], [ -94.6086, 16.3766 ], [ -94.6125, 16.3528 ], [ -94.6669, 16.3649 ], [ -94.738, 16.2252 ], [ -94.7332, 16.2196 ], [ -94.7127, 16.2168 ], [ -94.7255, 16.2143 ], [ -94.7253, 16.2135 ], [ -94.7189, 16.2135 ], [ -94.715, 16.2119 ], [ -94.7361, 16.2116 ], [ -94.7381, 16.2144 ], [ -94.741, 16.212 ], [ -94.7394, 16.2081 ], [ -94.7437, 16.2081 ], [ -94.7566, 16.2101 ], [ -94.7675, 16.2231 ], [ -94.8073, 16.2224 ], [ -94.8371, 16.2272 ], [ -94.8467, 16.2509 ], [ -94.8559, 16.2615 ], [ -94.8456, 16.2721 ], [ -94.8571, 16.274 ], [ -94.857, 16.2771 ], [ -94.8662, 16.2814 ], [ -94.8262, 16.2923 ], [ -94.7919, 16.3077 ], [ -94.7717, 16.3297 ], [ -94.799, 16.3466 ], [ -94.8063, 16.3648 ], [ -94.8167, 16.3683 ], [ -94.8154, 16.3746 ], [ -94.8224, 16.3782 ], [ -94.8118, 16.384 ], [ -94.8084, 16.3907 ], [ -94.8105, 16.3968 ], [ -94.8233, 16.4035 ], [ -94.8203, 16.4073 ], [ -94.8137, 16.404 ], [ -94.8093, 16.4073 ], [ -94.8103, 16.4119 ], [ -94.8043, 16.4231 ], [ -94.8054, 16.4323 ], [ -94.7982, 16.443 ], [ -94.7889, 16.4461 ], [ -94.7741, 16.4378 ], [ -94.766, 16.4189 ], [ -94.7641, 16.4021 ], [ -94.7545, 16.4098 ], [ -94.7319, 16.416 ], [ -94.7082, 16.4444 ], [ -94.6417, 16.4352 ] ] ] } },
{ "type": "Feature", "properties": { "cvegeo": "20132", "municipio_inegi": "San Dionisio Ocotlán", "clave": "san dionisio ocotlan", "region": "Valles Centrales", "sin_dato_siap": false }, "geometry": { "type": "Polygon", "coordinates": [ [ [ -96.6473, 16.7648 ], [ -96.6565, 16.7599 ], [ -96.651, 16.7523 ], [ -96.6456, 16.7537 ], [ -96.6384, 16.7493 ], [ -96.6434, 16.7457 ], [ -96.6482, 16.7479 ], [ -96.6526, 16.743 ], [ -96.6633, 16.7456 ], [ -96.6623, 16.7424 ], [ -96.6454, 16.7419 ], [ -96.6488, 16.7358 ], [ -96.6595, 16.734 ], [ -96.6635, 16.7383 ], [ -96.6742, 16.7381 ], [ -96.6735, 16.7427 ], [ -96.6901, 16.7458 ], [ -96.6838, 16.756 ], [ -96.679, 16.7541 ], [ -96.6725, 16.7595 ], [ -96.6709, 16.7662 ], [ -96.6473, 16.7648 ] ] ] } },
{ "type": "Feature", "properties": { "cvegeo": "20133", "municipio_inegi": "San Esteban Atatlahuca", "clave": "san esteban atatlahuca", "region": "Mixteca", "sin_dato_siap": false }, "geometry": { "type": "Polygon", "coordinates": [ [ [ -97.6537, 17.13 ], [ -97.6533, 17.1227 ], [ -97.6332, 17.0906 ], [ -97.646, 17.0436 ], [ -97.6632, 17.04 ], [ -97.6955, 17.0222 ], [ -97.7179, 17.0235 ], [ -97.7301, 17.0187 ], [ -97.728, 17.0264 ], [ -97.7343, 17.0335 ], [ -97.7381, 17.0547 ], [ -97.7522, 17.059 ], [ -97.7525, 17.0632 ], [ -97.7426, 17.0709 ], [ -97.7424, 17.0963 ], [ -97.7459, 17.1041 ], [ -97.7376, 17.1148 ], [ -97.7385, 17.1195 ], [ -97.7326, 17.1263 ], [ -97.7275, 17.118 ], [ -97.7174, 17.1137 ], [ -97.6861, 17.1287 ], [ -97.6807, 17.1266 ], [ -97.6537, 17.13 ] ] ] } },
{ "type": "Feature", "properties": { "cvegeo": "20134", "municipio_inegi": "San Felipe Jalapa de Díaz", "clave": "san felipe jalapa de diaz", "region": "Papaloapan", "sin_dato_siap": false }, "geometry": { "type": "Polygon", "coordinates": [ [ [ -96.4801, 18.1139 ], [ -96.4625, 18.1105 ], [ -96.4469, 18.1008 ], [ -96.4599, 18.0852 ], [ -96.4625, 18.0769 ], [ -96.4582, 18.0717 ], [ -96.4629, 18.0705 ], [ -96.4699, 18.0566 ], [ -96.4704, 18.0513 ], [ -96.4659, 18.0512 ], [ -96.4651, 18.0475 ], [ -96.4935, 18.0384 ], [ -96.4935, 18.0164 ], [ -96.5106, 18.0254 ], [ -96.5167, 18.0206 ], [ -96.5246, 18.0226 ], [ -96.5348, 18.0321 ], [ -96.5492, 18.0382 ], [ -96.5814, 18.0336 ], [ -96.5877, 18.0281 ], [ -96.602, 18.0287 ], [ -96.6088, 18.0316 ], [ -96.6086, 18.0386 ], [ -96.6133, 18.0449 ], [ -96.6233, 18.0412 ], [ -96.6325, 18.0509 ], [ -96.648, 18.054 ], [ -96.6479, 18.0592 ], [ -96.6394, 18.0649 ], [ -96.6286, 18.064 ], [ -96.6215, 18.0753 ], [ -96.6037, 18.0702 ], [ -96.592, 18.0831 ], [ -96.5823, 18.085 ], [ -96.5768, 18.0817 ], [ -96.5702, 18.0948 ], [ -96.5606, 18.1014 ], [ -96.5566, 18.1161 ], [ -96.4801, 18.1139 ] ] ] } },
{ "type": "Feature", "properties": { "cvegeo": "20135", "municipio_inegi": "San Felipe Tejalápam", "clave": "san felipe tejalapam", "region": "Valles Centrales", "sin_dato_siap": false }, "geometry": { "type": "Polygon", "coordinates": [ [ [ -96.8316, 17.1435 ], [ -96.8265, 17.1469 ], [ -96.8221, 17.1249 ], [ -96.8326, 17.0961 ], [ -96.8395, 17.0901 ], [ -96.8507, 17.0881 ], [ -96.8459, 17.0835 ], [ -96.8429, 17.0847 ], [ -96.8504, 17.0736 ], [ -96.8567, 17.0717 ], [ -96.8627, 17.0777 ], [ -96.8651, 17.0886 ], [ -96.8704, 17.0917 ], [ -96.8767, 17.0557 ], [ -96.9089, 17.0498 ], [ -96.9076, 17.0222 ], [ -96.9033, 17.0214 ], [ -96.9241, 17.0068 ], [ -96.9323, 17.0192 ], [ -96.9297, 17.0264 ], [ -96.9364, 17.0345 ], [ -96.936, 17.0593 ], [ -96.9468, 17.0618 ], [ -96.9259, 17.0816 ], [ -96.9248, 17.0964 ], [ -96.934, 17.0996 ], [ -96.9308, 17.106 ], [ -96.9216, 17.1194 ], [ -96.8711, 17.1387 ], [ -96.8712, 17.143 ], [ -96.8538, 17.156 ], [ -96.8356, 17.1548 ], [ -96.8316, 17.1435 ] ] ] } },
{ "type": "Feature", "properties": { "cvegeo": "20136", "municipio_inegi": "San Felipe Usila", "clave": "san felipe usila", "region": "Papaloapan", "sin_dato_siap": false }, "geometry": { "type": "Polygon", "coordinates": [ [ [ -96.488, 17.9658 ], [ -96.4652, 17.9635 ], [ -96.4429, 17.9752 ], [ -96.4361, 17.9694 ], [ -96.4405, 17.9618 ], [ -96.4232, 17.9441 ], [ -96.415, 17.9398 ], [ -96.4169, 17.9615 ], [ -96.4045, 17.9594 ], [ -96.3989, 17.9472 ], [ -96.4361, 17.8637 ], [ -96.4327, 17.8505 ], [ -96.4516, 17.8409 ], [ -96.4482, 17.8161 ], [ -96.4367, 17.8085 ], [ -96.4351, 17.801 ], [ -96.4401, 17.7926 ], [ -96.4478, 17.7459 ], [ -96.4619, 17.7379 ], [ -96.4763, 17.718 ], [ -96.4917, 17.7183 ], [ -96.4983, 17.7113 ], [ -96.5054, 17.6501 ], [ -96.5105, 17.6418 ], [ -96.5428, 17.6525 ], [ -96.5577, 17.666 ], [ -96.566, 17.6665 ], [ -96.5758, 17.6905 ], [ -96.6111, 17.7041 ], [ -96.6051, 17.7092 ], [ -96.5977, 17.734 ], [ -96.6027, 17.7331 ], [ -96.5957, 17.7485 ], [ -96.595, 17.7671 ], [ -96.5916, 17.7654 ], [ -96.5829, 17.7713 ], [ -96.5624, 17.7943 ], [ -96.5626, 17.8058 ], [ -96.578, 17.8356 ], [ -96.5732, 17.8459 ], [ -96.5644, 17.8483 ], [ -96.5644, 17.8527 ], [ -96.5537, 17.8592 ], [ -96.5537, 17.8651 ], [ -96.5468, 17.8696 ], [ -96.5612, 17.8931 ], [ -96.5654, 17.9233 ], [ -96.5566, 17.9441 ], [ -96.5193, 17.9429 ], [ -96.5111, 17.9521 ], [ -96.49, 17.9979 ], [ -96.4906, 17.9799 ], [ -96.4855, 17.9779 ], [ -96.488, 17.9658 ] ] ] } },
{ "type": "Feature", "properties": { "cvegeo": "20137", "municipio_inegi": "San Francisco Cahuacuá", "clave": "san francisco cahuacua", "region": "Valles Centrales", "sin_dato_siap": false }, "geometry": { "type": "Polygon", "coordinates": [ [ [ -97.3007, 16.9518 ], [ -97.2088, 16.9187 ], [ -97.23, 16.9006 ], [ -97.2442, 16.9025 ], [ -97.2659, 16.8963 ], [ -97.2807, 16.8963 ], [ -97.2839, 16.8921 ], [ -97.282, 16.8777 ], [ -97.2913, 16.8656 ], [ -97.2915, 16.8547 ], [ -97.295, 16.8494 ], [ -97.3002, 16.8506 ], [ -97.3062, 16.8368 ], [ -97.3201, 16.8242 ], [ -97.3245, 16.8153 ], [ -97.332, 16.8138 ], [ -97.3336, 16.8103 ], [ -97.3389, 16.8112 ], [ -97.3428, 16.8135 ], [ -97.3406, 16.8169 ], [ -97.3461, 16.8191 ], [ -97.3548, 16.8087 ], [ -97.356, 16.8016 ], [ -97.3854, 16.8036 ], [ -97.4144, 16.7494 ], [ -97.4499, 16.7093 ], [ -97.4482, 16.7134 ], [ -97.4644, 16.7515 ], [ -97.4999, 16.763 ], [ -97.5147, 16.7833 ], [ -97.4896, 16.803 ], [ -97.4517, 16.8121 ], [ -97.38, 16.8144 ], [ -97.3712, 16.8189 ], [ -97.3671, 16.8275 ], [ -97.3834, 16.8641 ], [ -97.408, 16.8679 ], [ -97.4125, 16.8724 ], [ -97.4106, 16.8762 ], [ -97.4284, 16.8884 ], [ -97.4168, 16.8932 ], [ -97.4061, 16.9106 ], [ -97.4077, 16.9153 ], [ -97.4147, 16.914 ], [ -97.4185, 16.9277 ], [ -97.4287, 16.9334 ], [ -97.4338, 16.9319 ], [ -97.4337, 16.9359 ], [ -97.4388, 16.9353 ], [ -97.4392, 16.9386 ], [ -97.3794, 16.9408 ], [ -97.3541, 16.945 ], [ -97.3485, 16.9425 ], [ -97.3246, 16.9501 ], [ -97.3007, 16.9518 ] ] ] } },
{ "type": "Feature", "properties": { "cvegeo": "20138", "municipio_inegi": "San Francisco Cajonos", "clave": "san francisco cajonos", "region": "Sierra Juárez", "sin_dato_siap": false }, "geometry": { "type": "Polygon", "coordinates": [ [ [ -96.2476, 17.2021 ], [ -96.2459, 17.1949 ], [ -96.2174, 17.1931 ], [ -96.2157, 17.1958 ], [ -96.2108, 17.1917 ], [ -96.1935, 17.1908 ], [ -96.1955, 17.1785 ], [ -96.2106, 17.1775 ], [ -96.2151, 17.1683 ], [ -96.2293, 17.1572 ], [ -96.2334, 17.1595 ], [ -96.2494, 17.1573 ], [ -96.2564, 17.1713 ], [ -96.2692, 17.1691 ], [ -96.2713, 17.1653 ], [ -96.2878, 17.1648 ], [ -96.3014, 17.1682 ], [ -96.3155, 17.1786 ], [ -96.3411, 17.1676 ], [ -96.3401, 17.1798 ], [ -96.314, 17.204 ], [ -96.3094, 17.2041 ], [ -96.3066, 17.1977 ], [ -96.2833, 17.1926 ], [ -96.2638, 17.1947 ], [ -96.2476, 17.2021 ] ] ] } },
{ "type": "Feature", "properties": { "cvegeo": "20139", "municipio_inegi": "San Francisco Chapulapa", "clave": "san francisco chapulapa", "region": "Cañada", "sin_dato_siap": false }, "geometry": { "type": "Polygon", "coordinates": [ [ [ -96.744, 17.9647 ], [ -96.748, 17.9511 ], [ -96.7411, 17.9409 ], [ -96.7428, 17.9256 ], [ -96.7524, 17.9169 ], [ -96.7508, 17.9073 ], [ -96.7608, 17.8908 ], [ -96.7624, 17.8672 ], [ -96.7307, 17.8923 ], [ -96.739, 17.8961 ], [ -96.7404, 17.9068 ], [ -96.7317, 17.9159 ], [ -96.7245, 17.9167 ], [ -96.7214, 17.9229 ], [ -96.7129, 17.9222 ], [ -96.7099, 17.9265 ], [ -96.7, 17.8997 ], [ -96.6809, 17.8905 ], [ -96.6974, 17.8744 ], [ -96.7128, 17.8681 ], [ -96.7345, 17.8693 ], [ -96.7579, 17.8596 ], [ -96.7893, 17.8781 ], [ -96.7877, 17.8875 ], [ -96.7919, 17.8908 ], [ -96.7733, 17.917 ], [ -96.7832, 17.9472 ], [ -96.774, 17.9652 ], [ -96.744, 17.9647 ] ] ] } },
{ "type": "Feature", "properties": { "cvegeo": "20142", "municipio_inegi": "San Francisco Huehuetlán", "clave": "san francisco huehuetlan", "region": "Cañada", "sin_dato_siap": false }, "geometry": { "type": "Polygon", "coordinates": [ [ [ -96.9249, 18.2123 ], [ -96.929, 18.201 ], [ -96.9204, 18.1904 ], [ -96.9259, 18.1712 ], [ -96.9349, 18.17 ], [ -96.9533, 18.1781 ], [ -96.9536, 18.1946 ], [ -96.9499, 18.204 ], [ -96.9299, 18.2229 ], [ -96.9277, 18.2327 ], [ -96.9204, 18.2387 ], [ -96.9246, 18.2332 ], [ -96.9249, 18.2123 ] ] ] } },
{ "type": "Feature", "properties": { "cvegeo": "20143", "municipio_inegi": "San Francisco Ixhuatán", "clave": "san francisco ixhuatan", "region": "Istmo", "sin_dato_siap": false }, "geometry": { "type": "Polygon", "coordinates": [ [ [ -94.5659, 16.4461 ], [ -94.5651, 16.442 ], [ -94.4975, 16.4393 ], [ -94.4651, 16.4158 ], [ -94.4758, 16.4058 ], [ -94.468, 16.402 ], [ -94.4706, 16.3912 ], [ -94.4604, 16.3835 ], [ -94.4629, 16.3774 ], [ -94.4566, 16.3772 ], [ -94.4656, 16.3393 ], [ -94.455, 16.3437 ], [ -94.4534, 16.3399 ], [ -94.4604, 16.3344 ], [ -94.4534, 16.3291 ], [ -94.4547, 16.3247 ], [ -94.4484, 16.3242 ], [ -94.4455, 16.3166 ], [ -94.4395, 16.3135 ], [ -94.441, 16.3092 ], [ -94.4477, 16.3082 ], [ -94.451, 16.2986 ], [ -94.4615, 16.2989 ], [ -94.462, 16.2847 ], [ -94.4513, 16.2832 ], [ -94.4507, 16.2713 ], [ -94.4446, 16.2713 ], [ -94.4457, 16.2824 ], [ -94.4333, 16.2809 ], [ -94.4338, 16.2686 ], [ -94.429, 16.2632 ], [ -94.4456, 16.2457 ], [ -94.464, 16.2476 ], [ -94.465, 16.2257 ], [ -94.4933, 16.2258 ], [ -94.4934, 16.2307 ], [ -94.5047, 16.2404 ], [ -94.505, 16.2507 ], [ -94.5259, 16.2818 ], [ -94.5336, 16.2683 ], [ -94.5364, 16.2753 ], [ -94.5339, 16.283 ], [ -94.5475, 16.2835 ], [ -94.5511, 16.2689 ], [ -94.5588, 16.2597 ], [ -94.5539, 16.2789 ], [ -94.5566, 16.2819 ], [ -94.5575, 16.2785 ], [ -94.5624, 16.2855 ], [ -94.5539, 16.2941 ], [ -94.5445, 16.2926 ], [ -94.5431, 16.3015 ], [ -94.5336, 16.2975 ], [ -94.5253, 16.2991 ], [ -94.523, 16.3058 ], [ -94.5144, 16.3076 ], [ -94.5158, 16.3127 ], [ -94.5094, 16.3091 ], [ -94.5132, 16.3002 ], [ -94.5105, 16.2968 ], [ -94.4942, 16.3065 ], [ -94.4975, 16.3109 ], [ -94.4887, 16.3218 ], [ -94.4922, 16.3259 ], [ -94.4916, 16.3338 ], [ -94.4861, 16.3407 ], [ -94.4893, 16.3508 ], [ -94.5075, 16.3413 ], [ -94.5135, 16.3647 ], [ -94.5522, 16.3606 ], [ -94.5727, 16.368 ], [ -94.5669, 16.3887 ], [ -94.5715, 16.397 ], [ -94.5795, 16.3962 ], [ -94.5796, 16.4117 ], [ -94.6265, 16.409 ], [ -94.6417, 16.4352 ], [ -94.6108, 16.4373 ], [ -94.5659, 16.4461 ] ] ] } },
{ "type": "Feature", "properties": { "cvegeo": "20140", "municipio_inegi": "San Francisco Chindúa", "clave": "san francisco chindua", "region": "Mixteca", "sin_dato_siap": false }, "geometry": { "type": "Polygon", "coordinates": [ [ [ -97.2993, 17.4466 ], [ -97.2878, 17.4367 ], [ -97.2818, 17.4238 ], [ -97.2921, 17.4247 ], [ -97.2878, 17.4195 ], [ -97.2953, 17.398 ], [ -97.311, 17.3837 ], [ -97.3162, 17.3879 ], [ -97.3195, 17.4095 ], [ -97.3468, 17.4131 ], [ -97.3504, 17.4169 ], [ -97.3619, 17.4128 ], [ -97.3631, 17.426 ], [ -97.3293, 17.4233 ], [ -97.326, 17.431 ], [ -97.3142, 17.4315 ], [ -97.3024, 17.438 ], [ -97.3072, 17.4432 ], [ -97.2993, 17.4466 ] ] ] } },
{ "type": "Feature", "properties": { "cvegeo": "20141", "municipio_inegi": "San Francisco del Mar", "clave": "san francisco del mar", "region": "Istmo", "sin_dato_siap": false }, "geometry": { "type": "Polygon", "coordinates": [ [ [ -94.5796, 16.4117 ], [ -94.5795, 16.3962 ], [ -94.5715, 16.397 ], [ -94.5714, 16.3931 ], [ -94.5676, 16.3933 ], [ -94.5727, 16.368 ], [ -94.5522, 16.3606 ], [ -94.5135, 16.3647 ], [ -94.5075, 16.3413 ], [ -94.4907, 16.351 ], [ -94.4861, 16.3421 ], [ -94.4916, 16.3338 ], [ -94.4922, 16.3259 ], [ -94.4887, 16.3218 ], [ -94.4975, 16.3109 ], [ -94.4942, 16.3065 ], [ -94.5105, 16.2968 ], [ -94.5132, 16.3002 ], [ -94.5094, 16.3091 ], [ -94.5158, 16.3127 ], [ -94.5144, 16.3076 ], [ -94.523, 16.3058 ], [ -94.5249, 16.2993 ], [ -94.5321, 16.2973 ], [ -94.5431, 16.3015 ], [ -94.5445, 16.2926 ], [ -94.5531, 16.2946 ], [ -94.5622, 16.2867 ], [ -94.5589, 16.2797 ], [ -94.556, 16.2783 ], [ -94.5588, 16.2804 ], [ -94.5566, 16.2819 ], [ -94.5539, 16.2789 ], [ -94.5588, 16.2597 ], [ -94.5511, 16.2689 ], [ -94.5475, 16.2835 ], [ -94.5339, 16.283 ], [ -94.5364, 16.2753 ], [ -94.5336, 16.2683 ], [ -94.5259, 16.2818 ], [ -94.505, 16.2507 ], [ -94.5047, 16.2404 ], [ -94.4934, 16.2307 ], [ -94.4933, 16.2258 ], [ -94.465, 16.2257 ], [ -94.464, 16.2476 ], [ -94.4456, 16.2457 ], [ -94.429, 16.2632 ], [ -94.4338, 16.2686 ], [ -94.4333, 16.2809 ], [ -94.4457, 16.2824 ], [ -94.4446, 16.2713 ], [ -94.4507, 16.2713 ], [ -94.4513, 16.2832 ], [ -94.462, 16.2847 ], [ -94.4615, 16.2989 ], [ -94.451, 16.2986 ], [ -94.4477, 16.3082 ], [ -94.441, 16.3092 ], [ -94.4395, 16.3135 ], [ -94.4455, 16.3166 ], [ -94.4484, 16.3242 ], [ -94.4547, 16.3247 ], [ -94.4534, 16.3291 ], [ -94.4604, 16.3344 ], [ -94.4534, 16.3399 ], [ -94.455, 16.3437 ], [ -94.4656, 16.3393 ], [ -94.4629, 16.3541 ], [ -94.4109, 16.3533 ], [ -94.4071, 16.3476 ], [ -94.4213, 16.2838 ], [ -94.4148, 16.2855 ], [ -94.4181, 16.2742 ], [ -94.413, 16.2737 ], [ -94.4154, 16.266 ], [ -94.4066, 16.2585 ], [ -94.4107, 16.2499 ], [ -94.4158, 16.2488 ], [ -94.4158, 16.2417 ], [ -94.4089, 16.2356 ], [ -94.4227, 16.2373 ], [ -94.4239, 16.2435 ], [ -94.4313, 16.2474 ], [ -94.4308, 16.2447 ], [ -94.4344, 16.2451 ], [ -94.4435, 16.2364 ], [ -94.4397, 16.2335 ], [ -94.44, 16.227 ], [ -94.4051, 16.2218 ], [ -94.391, 16.217 ], [ -94.3865, 16.2119 ], [ -94.3898, 16.2107 ], [ -94.4071, 16.2198 ], [ -94.4288, 16.2216 ], [ -94.4368, 16.2214 ], [ -94.4439, 16.2152 ], [ -94.4286, 16.206 ], [ -94.4212, 16.1965 ], [ -94.4118, 16.1946 ], [ -94.3881, 16.1793 ], [ -94.3973, 16.1778 ], [ -94.3339, 16.166 ], [ -94.2825, 16.1432 ], [ -94.2494, 16.1466 ], [ -94.217, 16.1356 ], [ -94.2029, 16.1531 ], [ -94.1693, 16.1356 ], [ -94.153, 16.1231 ], [ -94.1064, 16.1509 ], [ -94.036, 16.0221 ], [ -94.0002, 16.0066 ], [ -94.0002, 16.0031 ], [ -94.2024, 16.0968 ], [ -94.2948, 16.1306 ], [ -94.384, 16.1583 ], [ -94.4801, 16.1817 ], [ -94.54, 16.1919 ], [ -94.6998, 16.2099 ], [ -94.7394, 16.2081 ], [ -94.7386, 16.2143 ], [ -94.7361, 16.2116 ], [ -94.7153, 16.2118 ], [ -94.7255, 16.2143 ], [ -94.7117, 16.2156 ], [ -94.7332, 16.2196 ], [ -94.738, 16.2252 ], [ -94.6669, 16.3649 ], [ -94.6125, 16.3528 ], [ -94.6086, 16.3766 ], [ -94.6265, 16.409 ], [ -94.5796, 16.4117 ] ] ] } },
{ "type": "Feature", "properties": { "cvegeo": "20144", "municipio_inegi": "San Francisco Jaltepetongo", "clave": "san francisco jaltepetongo", "region": "Mixteca", "sin_dato_siap": false }, "geometry": { "type": "Polygon", "coordinates": [ [ [ -97.2495, 17.3932 ], [ -97.2454, 17.3853 ], [ -97.2432, 17.3637 ], [ -97.258, 17.3207 ], [ -97.302, 17.2903 ], [ -97.3, 17.3212 ], [ -97.3061, 17.3365 ], [ -97.2992, 17.3582 ], [ -97.289, 17.3732 ], [ -97.2892, 17.38 ], [ -97.2732, 17.3889 ], [ -97.2495, 17.3932 ] ] ] } },
{ "type": "Feature", "properties": { "cvegeo": "20145", "municipio_inegi": "San Francisco Lachigoló", "clave": "san francisco lachigolo", "region": "Valles Centrales", "sin_dato_siap": false }, "geometry": { "type": "Polygon", "coordinates": [ [ [ -96.5813, 17.0174 ], [ -96.595, 17.0065 ], [ -96.6139, 17.011 ], [ -96.6071, 17.0258 ], [ -96.6123, 17.027 ], [ -96.6093, 17.0397 ], [ -96.5983, 17.0432 ], [ -96.596, 17.048 ], [ -96.5871, 17.0431 ], [ -96.5784, 17.0297 ], [ -96.5813, 17.0174 ] ] ] } },
{ "type": "Feature", "properties": { "cvegeo": "20152", "municipio_inegi": "San Francisco Tlapancingo", "clave": "san francisco tlapancingo", "region": "Mixteca", "sin_dato_siap": false }, "geometry": { "type": "Polygon", "coordinates": [ [ [ -98.3114, 17.5146 ], [ -98.277, 17.5153 ], [ -98.2685, 17.5193 ], [ -98.2338, 17.5038 ], [ -98.2129, 17.5027 ], [ -98.2121, 17.4866 ], [ -98.202, 17.4825 ], [ -98.2036, 17.4314 ], [ -98.2197, 17.429 ], [ -98.2636, 17.4399 ], [ -98.2956, 17.4427 ], [ -98.2999, 17.453 ], [ -98.3296, 17.4687 ], [ -98.3324, 17.472 ], [ -98.329, 17.4787 ], [ -98.3119, 17.4775 ], [ -98.3203, 17.5069 ], [ -98.3308, 17.5118 ], [ -98.3336, 17.5255 ], [ -98.3296, 17.5333 ], [ -98.3193, 17.5315 ], [ -98.3114, 17.5146 ] ] ] } },
{ "type": "Feature", "properties": { "cvegeo": "20153", "municipio_inegi": "San Gabriel Mixtepec", "clave": "san gabriel mixtepec", "region": "Costa", "sin_dato_siap": false }, "geometry": { "type": "Polygon", "coordinates": [ [ [ -97.0304, 16.0859 ], [ -97.0213, 16.0738 ], [ -97.0311, 16.0651 ], [ -97.0184, 16.0631 ], [ -97.0232, 16.0556 ], [ -97.0206, 16.0502 ], [ -97.0231, 16.0439 ], [ -97.0145, 16.0483 ], [ -97.0141, 16.044 ], [ -97.0033, 16.0359 ], [ -96.9539, 16.0204 ], [ -96.9557, 16.0298 ], [ -96.9334, 16.0216 ], [ -96.9345, 16.0192 ], [ -96.9087, 16.0129 ], [ -96.9006, 15.989 ], [ -96.9184, 15.9944 ], [ -96.9342, 15.9872 ], [ -96.959, 15.9895 ], [ -96.9628, 15.9858 ], [ -96.9705, 15.986 ], [ -96.9804, 15.9894 ], [ -96.9865, 15.9864 ], [ -96.9906, 15.9878 ], [ -96.9914, 15.994 ], [ -96.9978, 15.9876 ], [ -96.9978, 16.0174 ], [ -97.0102, 16.0174 ], [ -97.0116, 16.005 ], [ -97.0403, 16.0031 ], [ -97.0635, 16.0096 ], [ -97.1018, 16.0132 ], [ -97.1217, 16.025 ], [ -97.1187, 16.0302 ], [ -97.1223, 16.033 ], [ -97.1307, 16.0305 ], [ -97.1355, 16.0164 ], [ -97.1529, 16.0177 ], [ -97.1186, 16.0578 ], [ -97.128, 16.055 ], [ -97.1276, 16.0656 ], [ -97.1244, 16.0657 ], [ -97.1237, 16.0608 ], [ -97.1173, 16.0603 ], [ -97.1117, 16.0659 ], [ -97.111, 16.0711 ], [ -97.1158, 16.0699 ], [ -97.1188, 16.08 ], [ -97.1063, 16.0978 ], [ -97.1026, 16.1306 ], [ -97.0604, 16.1367 ], [ -97.034, 16.1184 ], [ -97.0304, 16.0859 ] ] ] } },
{ "type": "Feature", "properties": { "cvegeo": "20154", "municipio_inegi": "San Ildefonso Amatlán", "clave": "san ildefonso amatlan", "region": "Valles Centrales", "sin_dato_siap": false }, "geometry": { "type": "Polygon", "coordinates": [ [ [ -96.4799, 16.3499 ], [ -96.4774, 16.3482 ], [ -96.4794, 16.3394 ], [ -96.4664, 16.332 ], [ -96.4525, 16.3129 ], [ -96.4363, 16.3198 ], [ -96.4347, 16.3021 ], [ -96.4222, 16.2827 ], [ -96.4045, 16.2731 ], [ -96.3968, 16.2645 ], [ -96.3888, 16.2675 ], [ -96.3897, 16.2491 ], [ -96.4069, 16.2629 ], [ -96.4203, 16.2472 ], [ -96.4326, 16.2568 ], [ -96.4437, 16.2387 ], [ -96.4616, 16.2474 ], [ -96.4643, 16.241 ], [ -96.4743, 16.278 ], [ -96.4861, 16.3025 ], [ -96.4943, 16.3164 ], [ -96.5051, 16.3246 ], [ -96.4959, 16.3457 ], [ -96.485, 16.3504 ], [ -96.4862, 16.3465 ], [ -96.4795, 16.347 ], [ -96.4799, 16.3499 ] ] ] } },
{ "type": "Feature", "properties": { "cvegeo": "20155", "municipio_inegi": "San Ildefonso Sola", "clave": "san ildefonso sola", "region": "Valles Centrales", "sin_dato_siap": false }, "geometry": { "type": "Polygon", "coordinates": [ [ [ -96.9358, 16.6379 ], [ -96.9256, 16.6377 ], [ -96.9292, 16.6095 ], [ -96.9277, 16.5841 ], [ -96.932, 16.5791 ], [ -96.9236, 16.5751 ], [ -96.956, 16.5756 ], [ -96.9598, 16.5675 ], [ -96.953, 16.556 ], [ -96.9665, 16.5566 ], [ -96.9724, 16.5498 ], [ -96.9714, 16.546 ], [ -96.9775, 16.5452 ], [ -96.9803, 16.5394 ], [ -96.9765, 16.5352 ], [ -96.9766, 16.5278 ], [ -96.9811, 16.516 ], [ -96.9883, 16.5145 ], [ -96.9928, 16.5174 ], [ -96.9937, 16.5297 ], [ -96.9839, 16.5367 ], [ -96.9861, 16.543 ], [ -96.9801, 16.5524 ], [ -96.9812, 16.5604 ], [ -96.9722, 16.5671 ], [ -96.9639, 16.5895 ], [ -96.9752, 16.6171 ], [ -96.9865, 16.63 ], [ -96.9799, 16.6315 ], [ -96.9685, 16.6277 ], [ -96.9612, 16.6316 ], [ -96.9454, 16.6302 ], [ -96.9358, 16.6379 ] ] ] } },
{ "type": "Feature", "properties": { "cvegeo": "20156", "municipio_inegi": "San Ildefonso Villa Alta", "clave": "san ildefonso villa alta", "region": "Sierra Juárez", "sin_dato_siap": false }, "geometry": { "type": "Polygon", "coordinates": [ [ [ -96.166, 17.4587 ], [ -96.1389, 17.454 ], [ -96.1301, 17.4405 ], [ -96.1263, 17.4421 ], [ -96.1176, 17.4356 ], [ -96.1008, 17.4119 ], [ -96.1025, 17.4041 ], [ -96.0979, 17.3965 ], [ -96.0922, 17.3924 ], [ -96.0863, 17.3957 ], [ -96.0854, 17.3904 ], [ -96.0771, 17.3825 ], [ -96.0775, 17.3709 ], [ -96.085, 17.3528 ], [ -96.1241, 17.3506 ], [ -96.1307, 17.3281 ], [ -96.1467, 17.3237 ], [ -96.152, 17.3122 ], [ -96.1452, 17.3099 ], [ -96.1504, 17.3044 ], [ -96.1803, 17.287 ], [ -96.1899, 17.2864 ], [ -96.1962, 17.2903 ], [ -96.195, 17.2987 ], [ -96.1908, 17.3017 ], [ -96.1957, 17.3102 ], [ -96.1938, 17.3262 ], [ -96.1976, 17.3329 ], [ -96.1927, 17.3424 ], [ -96.1817, 17.3411 ], [ -96.1743, 17.3274 ], [ -96.1617, 17.3264 ], [ -96.1617, 17.3341 ], [ -96.1541, 17.3381 ], [ -96.1565, 17.3606 ], [ -96.1503, 17.3584 ], [ -96.1522, 17.353 ], [ -96.1425, 17.3592 ], [ -96.1428, 17.3645 ], [ -96.1358, 17.3712 ], [ -96.1433, 17.3776 ], [ -96.1451, 17.3854 ], [ -96.1414, 17.3943 ], [ -96.1514, 17.4081 ], [ -96.1507, 17.4192 ], [ -96.1606, 17.4237 ], [ -96.1632, 17.4424 ], [ -96.1733, 17.4556 ], [ -96.166, 17.4587 ] ] ] } },
{ "type": "Feature", "properties": { "cvegeo": "20146", "municipio_inegi": "San Francisco Logueche", "clave": "san francisco logueche", "region": "Valles Centrales", "sin_dato_siap": false }, "geometry": { "type": "Polygon", "coordinates": [ [ [ -96.3733, 16.4185 ], [ -96.3656, 16.4093 ], [ -96.3662, 16.4018 ], [ -96.3548, 16.392 ], [ -96.3563, 16.3723 ], [ -96.36, 16.3704 ], [ -96.3577, 16.3668 ], [ -96.362, 16.3595 ], [ -96.3529, 16.3418 ], [ -96.3526, 16.3296 ], [ -96.3756, 16.3316 ], [ -96.386, 16.3389 ], [ -96.3911, 16.3509 ], [ -96.4005, 16.3524 ], [ -96.4158, 16.3672 ], [ -96.3855, 16.4193 ], [ -96.3733, 16.4185 ] ] ] } },
{ "type": "Feature", "properties": { "cvegeo": "20147", "municipio_inegi": "San Francisco Nuxaño", "clave": "san francisco nuxano", "region": "Mixteca", "sin_dato_siap": false }, "geometry": { "type": "Polygon", "coordinates": [ [ [ -97.311, 17.3837 ], [ -97.3185, 17.3409 ], [ -97.3389, 17.3335 ], [ -97.3546, 17.3486 ], [ -97.3602, 17.3652 ], [ -97.3552, 17.3674 ], [ -97.3461, 17.3863 ], [ -97.3285, 17.3906 ], [ -97.311, 17.3837 ] ] ] } },
{ "type": "Feature", "properties": { "cvegeo": "20148", "municipio_inegi": "San Francisco Ozolotepec", "clave": "san francisco ozolotepec", "region": "Valles Centrales", "sin_dato_siap": false }, "geometry": { "type": "Polygon", "coordinates": [ [ [ -96.2081, 16.1458 ], [ -96.1971, 16.1161 ], [ -96.1745, 16.1125 ], [ -96.1622, 16.1052 ], [ -96.1602, 16.1015 ], [ -96.1647, 16.1003 ], [ -96.1651, 16.0947 ], [ -96.1627, 16.0825 ], [ -96.1755, 16.0756 ], [ -96.1717, 16.0708 ], [ -96.1794, 16.0663 ], [ -96.1765, 16.0564 ], [ -96.1792, 16.0545 ], [ -96.2083, 16.0506 ], [ -96.2302, 16.0634 ], [ -96.2223, 16.0772 ], [ -96.2115, 16.0838 ], [ -96.2066, 16.0831 ], [ -96.2097, 16.0863 ], [ -96.2215, 16.0861 ], [ -96.2432, 16.117 ], [ -96.2081, 16.1458 ] ] ] } },
{ "type": "Feature", "properties": { "cvegeo": "20149", "municipio_inegi": "San Francisco Sola", "clave": "san francisco sola", "region": "Valles Centrales", "sin_dato_siap": false }, "geometry": { "type": "Polygon", "coordinates": [ [ [ -96.9253, 16.5751 ], [ -96.8955, 16.5615 ], [ -96.8953, 16.5577 ], [ -96.8652, 16.5385 ], [ -96.862, 16.5302 ], [ -96.8297, 16.5205 ], [ -96.845, 16.4943 ], [ -96.8541, 16.4968 ], [ -96.865, 16.4808 ], [ -96.8544, 16.4718 ], [ -96.8545, 16.4622 ], [ -96.9093, 16.4779 ], [ -96.922, 16.4698 ], [ -96.9345, 16.4676 ], [ -96.9404, 16.4742 ], [ -96.9342, 16.4847 ], [ -96.9451, 16.4823 ], [ -96.9551, 16.4871 ], [ -96.9644, 16.4957 ], [ -96.9632, 16.5005 ], [ -96.9752, 16.507 ], [ -96.9762, 16.5188 ], [ -96.9614, 16.526 ], [ -96.9519, 16.5442 ], [ -96.9469, 16.5482 ], [ -96.9402, 16.5458 ], [ -96.9393, 16.5543 ], [ -96.9295, 16.5589 ], [ -96.9237, 16.5579 ], [ -96.924, 16.5689 ], [ -96.9324, 16.5679 ], [ -96.9297, 16.5722 ], [ -96.9365, 16.5743 ], [ -96.9253, 16.5751 ] ] ] } },
{ "type": "Feature", "properties": { "cvegeo": "20150", "municipio_inegi": "San Francisco Telixtlahuaca", "clave": "san francisco telixtlahuaca", "region": "Valles Centrales", "sin_dato_siap": false }, "geometry": { "type": "Polygon", "coordinates": [ [ [ -96.9494, 17.4512 ], [ -96.9281, 17.4489 ], [ -96.9332, 17.4313 ], [ -96.9302, 17.4131 ], [ -96.8725, 17.4471 ], [ -96.8436, 17.3839 ], [ -96.8528, 17.3841 ], [ -96.8925, 17.3244 ], [ -96.9006, 17.2885 ], [ -96.8986, 17.284 ], [ -96.9396, 17.2874 ], [ -96.9473, 17.2827 ], [ -96.9568, 17.2882 ], [ -96.9629, 17.2817 ], [ -96.9598, 17.3138 ], [ -96.9629, 17.3145 ], [ -96.9746, 17.3413 ], [ -96.9823, 17.3451 ], [ -96.9883, 17.374 ], [ -96.9963, 17.3791 ], [ -96.9965, 17.3879 ], [ -97.015, 17.4107 ], [ -97.0106, 17.4252 ], [ -97.0176, 17.4334 ], [ -97.0146, 17.4394 ], [ -96.9954, 17.4279 ], [ -96.9967, 17.4122 ], [ -96.9822, 17.411 ], [ -96.9754, 17.4068 ], [ -96.9714, 17.4182 ], [ -96.9848, 17.421 ], [ -96.9871, 17.4252 ], [ -96.9758, 17.426 ], [ -96.9638, 17.4334 ], [ -96.9574, 17.4304 ], [ -96.9505, 17.4332 ], [ -96.9545, 17.4454 ], [ -96.9494, 17.4512 ] ] ] } },
{ "type": "Feature", "properties": { "cvegeo": "20151", "municipio_inegi": "San Francisco Teopan", "clave": "san francisco teopan", "region": "Mixteca", "sin_dato_siap": false }, "geometry": { "type": "Polygon", "coordinates": [ [ [ -97.5363, 17.9409 ], [ -97.5362, 17.9324 ], [ -97.5305, 17.9308 ], [ -97.5396, 17.9203 ], [ -97.5257, 17.9176 ], [ -97.529, 17.9022 ], [ -97.5213, 17.883 ], [ -97.4931, 17.8641 ], [ -97.4689, 17.838 ], [ -97.47, 17.8238 ], [ -97.4991, 17.8271 ], [ -97.5435, 17.8543 ], [ -97.5528, 17.8559 ], [ -97.5611, 17.8643 ], [ -97.5757, 17.8711 ], [ -97.5833, 17.8674 ], [ -97.5809, 17.871 ], [ -97.5844, 17.8834 ], [ -97.6169, 17.902 ], [ -97.5947, 17.9017 ], [ -97.5788, 17.9079 ], [ -97.5668, 17.9219 ], [ -97.5688, 17.9282 ], [ -97.5794, 17.9315 ], [ -97.5908, 17.9458 ], [ -97.5875, 17.9683 ], [ -97.5793, 17.974 ], [ -97.5604, 17.9522 ], [ -97.5363, 17.9409 ] ] ] } },
{ "type": "Feature", "properties": { "cvegeo": "20157", "municipio_inegi": "San Jacinto Amilpas", "clave": "san jacinto amilpas", "region": "Valles Centrales", "sin_dato_siap": false }, "geometry": { "type": "Polygon", "coordinates": [ [ [ -96.7616, 17.114 ], [ -96.7518, 17.1016 ], [ -96.7545, 17.0913 ], [ -96.7471, 17.0785 ], [ -96.7462, 17.0728 ], [ -96.7483, 17.0787 ], [ -96.7539, 17.0753 ], [ -96.7578, 17.0797 ], [ -96.7673, 17.1046 ], [ -96.766, 17.1129 ], [ -96.7616, 17.114 ] ] ] } },
{ "type": "Feature", "properties": { "cvegeo": "20160", "municipio_inegi": "San Jerónimo Silacayoapilla", "clave": "san jeronimo silacayoapilla", "region": "Mixteca", "sin_dato_siap": false }, "geometry": { "type": "Polygon", "coordinates": [ [ [ -97.826, 17.7847 ], [ -97.8287, 17.7663 ], [ -97.837, 17.7809 ], [ -97.8438, 17.7759 ], [ -97.8481, 17.781 ], [ -97.8563, 17.7707 ], [ -97.8808, 17.7696 ], [ -97.9035, 17.7864 ], [ -97.9106, 17.8034 ], [ -97.9078, 17.8354 ], [ -97.8536, 17.8469 ], [ -97.8448, 17.8325 ], [ -97.8338, 17.8235 ], [ -97.826, 17.7847 ] ] ] } },
{ "type": "Feature", "properties": { "cvegeo": "20161", "municipio_inegi": "San Jerónimo Sosola", "clave": "san jeronimo sosola", "region": "Valles Centrales", "sin_dato_siap": false }, "geometry": { "type": "Polygon", "coordinates": [ [ [ -96.9559, 17.5366 ], [ -96.9453, 17.4846 ], [ -96.9281, 17.4489 ], [ -96.9494, 17.4512 ], [ -96.9545, 17.4454 ], [ -96.9505, 17.4332 ], [ -96.9574, 17.4304 ], [ -96.9638, 17.4334 ], [ -96.9758, 17.426 ], [ -96.9861, 17.4263 ], [ -96.9848, 17.421 ], [ -96.9714, 17.4182 ], [ -96.9754, 17.4068 ], [ -96.9822, 17.411 ], [ -96.9967, 17.4122 ], [ -96.9954, 17.4279 ], [ -97.0128, 17.4392 ], [ -97.0174, 17.436 ], [ -97.0106, 17.4252 ], [ -97.015, 17.4107 ], [ -96.9965, 17.3879 ], [ -97.0104, 17.3762 ], [ -97.0124, 17.364 ], [ -97.0232, 17.3423 ], [ -97.0202, 17.3381 ], [ -97.0336, 17.329 ], [ -97.0342, 17.2975 ], [ -97.0281, 17.2873 ], [ -97.0338, 17.2844 ], [ -97.0319, 17.2316 ], [ -97.0478, 17.2489 ], [ -97.0436, 17.2532 ], [ -97.0767, 17.2795 ], [ -97.1057, 17.3131 ], [ -97.1052, 17.3273 ], [ -97.0921, 17.3457 ], [ -97.0944, 17.3514 ], [ -97.0858, 17.362 ], [ -97.083, 17.3769 ], [ -97.0903, 17.376 ], [ -97.1271, 17.3891 ], [ -97.1443, 17.4014 ], [ -97.1054, 17.4318 ], [ -97.0906, 17.4198 ], [ -97.0438, 17.4201 ], [ -97.021, 17.4412 ], [ -97.021, 17.4494 ], [ -96.9987, 17.444 ], [ -97.0053, 17.4839 ], [ -97.019, 17.4802 ], [ -97.0175, 17.498 ], [ -96.9907, 17.5008 ], [ -96.9861, 17.5074 ], [ -96.976, 17.5088 ], [ -96.9559, 17.5366 ] ] ] } },
{ "type": "Feature", "properties": { "cvegeo": "20158", "municipio_inegi": "San Jacinto Tlacotepec", "clave": "san jacinto tlacotepec", "region": "Valles Centrales", "sin_dato_siap": false }, "geometry": { "type": "Polygon", "coordinates": [ [ [ -97.3517, 16.5349 ], [ -97.3319, 16.5108 ], [ -97.3321, 16.4997 ], [ -97.3277, 16.491 ], [ -97.3149, 16.477 ], [ -97.3216, 16.4729 ], [ -97.3274, 16.4766 ], [ -97.3287, 16.4668 ], [ -97.3348, 16.4688 ], [ -97.3341, 16.464 ], [ -97.3443, 16.4685 ], [ -97.3488, 16.4618 ], [ -97.3692, 16.4613 ], [ -97.3813, 16.4525 ], [ -97.3874, 16.455 ], [ -97.392, 16.4703 ], [ -97.3929, 16.4788 ], [ -97.3862, 16.4917 ], [ -97.3903, 16.5014 ], [ -97.403, 16.5124 ], [ -97.4, 16.5231 ], [ -97.405, 16.5348 ], [ -97.4036, 16.54 ], [ -97.38, 16.5598 ], [ -97.3517, 16.5349 ] ] ] } },
{ "type": "Feature", "properties": { "cvegeo": "20159", "municipio_inegi": "San Jerónimo Coatlán", "clave": "san jeronimo coatlan", "region": "Valles Centrales", "sin_dato_siap": false }, "geometry": { "type": "Polygon", "coordinates": [ [ [ -97.06, 16.3685 ], [ -97.0578, 16.3585 ], [ -97.0547, 16.3605 ], [ -97.0534, 16.3536 ], [ -97.0467, 16.3548 ], [ -97.0476, 16.3476 ], [ -97.0316, 16.3539 ], [ -97.0203, 16.35 ], [ -97.0202, 16.3437 ], [ -97.0127, 16.3341 ], [ -97.0051, 16.3375 ], [ -96.9992, 16.3351 ], [ -96.9924, 16.3221 ], [ -96.985, 16.3253 ], [ -96.9834, 16.3206 ], [ -96.9732, 16.3179 ], [ -96.9582, 16.323 ], [ -96.9414, 16.3217 ], [ -96.9373, 16.3263 ], [ -96.9343, 16.321 ], [ -96.9399, 16.3165 ], [ -96.9275, 16.3123 ], [ -96.925, 16.3206 ], [ -96.9143, 16.3264 ], [ -96.9172, 16.3212 ], [ -96.9086, 16.315 ], [ -96.9097, 16.3032 ], [ -96.8999, 16.3014 ], [ -96.8943, 16.2924 ], [ -96.8837, 16.2931 ], [ -96.886, 16.2865 ], [ -96.877, 16.2856 ], [ -96.8777, 16.276 ], [ -96.8724, 16.2858 ], [ -96.8666, 16.2856 ], [ -96.8683, 16.2907 ], [ -96.865, 16.2956 ], [ -96.8623, 16.2931 ], [ -96.8607, 16.2995 ], [ -96.8552, 16.2967 ], [ -96.8553, 16.2916 ], [ -96.8497, 16.2895 ], [ -96.8477, 16.2941 ], [ -96.8447, 16.2954 ], [ -96.8444, 16.2904 ], [ -96.8398, 16.2962 ], [ -96.8382, 16.2875 ], [ -96.8347, 16.289 ], [ -96.8368, 16.2664 ], [ -96.8504, 16.2461 ], [ -96.85, 16.2311 ], [ -96.8578, 16.215 ], [ -96.8636, 16.2124 ], [ -96.8642, 16.1845 ], [ -96.8932, 16.1368 ], [ -96.909, 16.1048 ], [ -96.9098, 16.0941 ], [ -96.9284, 16.0767 ], [ -96.9562, 16.0323 ], [ -96.9539, 16.0204 ], [ -97.0033, 16.0359 ], [ -97.0141, 16.044 ], [ -97.0145, 16.0483 ], [ -97.0231, 16.0439 ], [ -97.0206, 16.0502 ], [ -97.0232, 16.0556 ], [ -97.0184, 16.0631 ], [ -97.0311, 16.0651 ], [ -97.0213, 16.0738 ], [ -97.0304, 16.0859 ], [ -97.034, 16.1184 ], [ -97.065, 16.1398 ], [ -97.0563, 16.1364 ], [ -97.0646, 16.202 ], [ -97.0605, 16.2067 ], [ -97.0287, 16.2126 ], [ -97.0283, 16.2002 ], [ -97.0342, 16.1936 ], [ -97.0295, 16.1886 ], [ -97.0216, 16.1934 ], [ -97.0184, 16.1879 ], [ -97.0148, 16.1909 ], [ -97.0215, 16.201 ], [ -97.019, 16.2161 ], [ -97.0271, 16.2324 ], [ -97.0429, 16.2356 ], [ -97.0513, 16.2448 ], [ -97.062, 16.2453 ], [ -97.0758, 16.2628 ], [ -97.0776, 16.2712 ], [ -97.0878, 16.2672 ], [ -97.081, 16.2765 ], [ -97.0849, 16.2796 ], [ -97.0887, 16.2777 ], [ -97.0853, 16.2851 ], [ -97.0884, 16.2872 ], [ -97.0868, 16.2901 ], [ -97.0904, 16.2905 ], [ -97.0847, 16.2963 ], [ -97.0817, 16.2938 ], [ -97.085, 16.3004 ], [ -97.08, 16.3079 ], [ -97.0825, 16.3096 ], [ -97.0733, 16.3125 ], [ -97.0702, 16.3186 ], [ -97.0777, 16.3531 ], [ -97.0743, 16.3591 ], [ -97.0782, 16.3658 ], [ -97.0727, 16.3626 ], [ -97.0698, 16.3668 ], [ -97.0641, 16.3622 ], [ -97.06, 16.3685 ] ] ] } },
{ "type": "Feature", "properties": { "cvegeo": "20162", "municipio_inegi": "San Jerónimo Taviche", "clave": "san jeronimo taviche", "region": "Valles Centrales", "sin_dato_siap": false }, "geometry": { "type": "Polygon", "coordinates": [ [ [ -96.6339, 16.7486 ], [ -96.6105, 16.7449 ], [ -96.6025, 16.7393 ], [ -96.597, 16.7439 ], [ -96.5836, 16.7344 ], [ -96.5762, 16.7409 ], [ -96.5655, 16.7398 ], [ -96.5574, 16.7368 ], [ -96.5521, 16.7291 ], [ -96.5472, 16.7309 ], [ -96.542, 16.7264 ], [ -96.5257, 16.7366 ], [ -96.5156, 16.7374 ], [ -96.5182, 16.7061 ], [ -96.5281, 16.705 ], [ -96.5393, 16.6637 ], [ -96.5695, 16.6713 ], [ -96.5947, 16.6567 ], [ -96.6226, 16.7065 ], [ -96.6114, 16.7208 ], [ -96.6064, 16.7168 ], [ -96.6006, 16.7256 ], [ -96.6066, 16.7264 ], [ -96.6092, 16.7333 ], [ -96.6207, 16.7422 ], [ -96.6362, 16.7456 ], [ -96.6339, 16.7486 ] ] ] } },
{ "type": "Feature", "properties": { "cvegeo": "20163", "municipio_inegi": "San Jerónimo Tecóatl", "clave": "san jeronimo tecoatl", "region": "Cañada", "sin_dato_siap": false }, "geometry": { "type": "Polygon", "coordinates": [ [ [ -96.9014, 18.1716 ], [ -96.8913, 18.1652 ], [ -96.9028, 18.1488 ], [ -96.9184, 18.1482 ], [ -96.9253, 18.1441 ], [ -96.9318, 18.1464 ], [ -96.9439, 18.1348 ], [ -96.9504, 18.1356 ], [ -96.9609, 18.1293 ], [ -96.9653, 18.1203 ], [ -96.9696, 18.1321 ], [ -96.952, 18.146 ], [ -96.9394, 18.1715 ], [ -96.9014, 18.1716 ] ] ] } },
{ "type": "Feature", "properties": { "cvegeo": "20164", "municipio_inegi": "San Jorge Nuchita", "clave": "san jorge nuchita", "region": "Mixteca", "sin_dato_siap": false }, "geometry": { "type": "Polygon", "coordinates": [ [ [ -98.1237, 17.7285 ], [ -98.1206, 17.7229 ], [ -98.1111, 17.7257 ], [ -98.1116, 17.7225 ], [ -98.1074, 17.7211 ], [ -98.1106, 17.7152 ], [ -98.1075, 17.7147 ], [ -98.1026, 17.7151 ], [ -98.0956, 17.7229 ], [ -98.0782, 17.7175 ], [ -98.0718, 17.7222 ], [ -98.0715, 17.7179 ], [ -98.0702, 17.7218 ], [ -98.0645, 17.7187 ], [ -98.0581, 17.7225 ], [ -98.0498, 17.7206 ], [ -98.0515, 17.7016 ], [ -98.0478, 17.6943 ], [ -98.0601, 17.6949 ], [ -98.061, 17.6735 ], [ -98.0699, 17.646 ], [ -98.0853, 17.6445 ], [ -98.0965, 17.6479 ], [ -98.1023, 17.6436 ], [ -98.1042, 17.6477 ], [ -98.0978, 17.6544 ], [ -98.1084, 17.6513 ], [ -98.1131, 17.6547 ], [ -98.1199, 17.6733 ], [ -98.1159, 17.6839 ], [ -98.1235, 17.6835 ], [ -98.1351, 17.7035 ], [ -98.1331, 17.7061 ], [ -98.1211, 17.7029 ], [ -98.1312, 17.7077 ], [ -98.1366, 17.7191 ], [ -98.1319, 17.722 ], [ -98.1346, 17.7252 ], [ -98.1237, 17.7285 ] ] ] } },
{ "type": "Feature", "properties": { "cvegeo": "20172", "municipio_inegi": "San Juan Achiutla", "clave": "san juan achiutla", "region": "Mixteca", "sin_dato_siap": false }, "geometry": { "type": "Polygon", "coordinates": [ [ [ -97.4427, 17.3495 ], [ -97.4883, 17.3342 ], [ -97.4917, 17.326 ], [ -97.5092, 17.3159 ], [ -97.5292, 17.3306 ], [ -97.5329, 17.3585 ], [ -97.5294, 17.3774 ], [ -97.5086, 17.3779 ], [ -97.4427, 17.3495 ] ] ] } },
{ "type": "Feature", "properties": { "cvegeo": "20165", "municipio_inegi": "San José Ayuquila", "clave": "san jose ayuquila", "region": "Mixteca", "sin_dato_siap": false }, "geometry": { "type": "Polygon", "coordinates": [ [ [ -97.9867, 17.9787 ], [ -97.9794, 17.9644 ], [ -97.9676, 17.9707 ], [ -97.9517, 17.9666 ], [ -97.9374, 17.9679 ], [ -97.935, 17.961 ], [ -97.9397, 17.9603 ], [ -97.9488, 17.9482 ], [ -97.9443, 17.9481 ], [ -97.938, 17.9407 ], [ -97.9397, 17.9339 ], [ -97.9363, 17.9253 ], [ -97.9582, 17.9505 ], [ -97.9647, 17.945 ], [ -97.967, 17.9364 ], [ -97.9821, 17.9275 ], [ -97.9834, 17.9419 ], [ -98.0052, 17.9493 ], [ -98.0049, 17.9666 ], [ -97.9867, 17.9787 ] ] ] } },
{ "type": "Feature", "properties": { "cvegeo": "20166", "municipio_inegi": "San José Chiltepec", "clave": "san jose chiltepec", "region": "Papaloapan", "sin_dato_siap": false }, "geometry": { "type": "Polygon", "coordinates": [ [ [ -96.1316, 18.0043 ], [ -96.1299, 17.9875 ], [ -96.1012, 17.9636 ], [ -96.1038, 17.9497 ], [ -96.0936, 17.9413 ], [ -96.101, 17.9441 ], [ -96.101, 17.9319 ], [ -96.0934, 17.9325 ], [ -96.091, 17.9201 ], [ -96.0699, 17.933 ], [ -96.0648, 17.9251 ], [ -96.055, 17.9287 ], [ -96.0417, 17.9171 ], [ -96.0453, 17.9097 ], [ -96.0266, 17.8999 ], [ -96.0421, 17.8618 ], [ -96.0513, 17.877 ], [ -96.0537, 17.8897 ], [ -96.0618, 17.8832 ], [ -96.0771, 17.8783 ], [ -96.0694, 17.8368 ], [ -96.0818, 17.8235 ], [ -96.0853, 17.8258 ], [ -96.1054, 17.8199 ], [ -96.1423, 17.8244 ], [ -96.1483, 17.879 ], [ -96.148, 17.8831 ], [ -96.1397, 17.8846 ], [ -96.1395, 17.8879 ], [ -96.1519, 17.9095 ], [ -96.1482, 17.9178 ], [ -96.1623, 17.9254 ], [ -96.1622, 17.9148 ], [ -96.1744, 17.9121 ], [ -96.1728, 17.9316 ], [ -96.1853, 17.9214 ], [ -96.2055, 17.9292 ], [ -96.2039, 17.9357 ], [ -96.2068, 17.9362 ], [ -96.2021, 17.9409 ], [ -96.2054, 17.9483 ], [ -96.2022, 17.9712 ], [ -96.1959, 17.9753 ], [ -96.2023, 17.9837 ], [ -96.1928, 17.9921 ], [ -96.2016, 17.9942 ], [ -96.1948, 18.0069 ], [ -96.1779, 17.9945 ], [ -96.157, 18.0063 ], [ -96.144, 18.0074 ], [ -96.1316, 18.0043 ] ] ] } },
{ "type": "Feature", "properties": { "cvegeo": "20167", "municipio_inegi": "San José del Peñasco", "clave": "san jose del penasco", "region": "Valles Centrales", "sin_dato_siap": false }, "geometry": { "type": "Polygon", "coordinates": [ [ [ -96.5051, 16.3246 ], [ -96.4943, 16.3164 ], [ -96.4743, 16.278 ], [ -96.4644, 16.2411 ], [ -96.4769, 16.2317 ], [ -96.4883, 16.2509 ], [ -96.5087, 16.2719 ], [ -96.5092, 16.2924 ], [ -96.5158, 16.2979 ], [ -96.5297, 16.3007 ], [ -96.5292, 16.3131 ], [ -96.5123, 16.31 ], [ -96.5051, 16.3246 ] ] ] } },
{ "type": "Feature", "properties": { "cvegeo": "20168", "municipio_inegi": "San José Estancia Grande", "clave": "san jose estancia grande", "region": "Costa", "sin_dato_siap": false }, "geometry": { "type": "Polygon", "coordinates": [ [ [ -98.2008, 16.373 ], [ -98.2376, 16.3474 ], [ -98.2382, 16.3407 ], [ -98.2957, 16.3574 ], [ -98.3094, 16.3528 ], [ -98.3155, 16.3929 ], [ -98.2661, 16.4023 ], [ -98.2569, 16.4111 ], [ -98.2124, 16.4046 ], [ -98.1978, 16.3874 ], [ -98.2008, 16.373 ] ] ] } },
{ "type": "Feature", "properties": { "cvegeo": "20169", "municipio_inegi": "San José Independencia", "clave": "san jose independencia", "region": "Papaloapan", "sin_dato_siap": false }, "geometry": { "type": "Polygon", "coordinates": [ [ [ -96.6271, 18.2984 ], [ -96.6236, 18.277 ], [ -96.6096, 18.2754 ], [ -96.6082, 18.2717 ], [ -96.5932, 18.2678 ], [ -96.5953, 18.2617 ], [ -96.5904, 18.258 ], [ -96.6, 18.2577 ], [ -96.6017, 18.2508 ], [ -96.6049, 18.2537 ], [ -96.6097, 18.2547 ], [ -96.6057, 18.2524 ], [ -96.6091, 18.2471 ], [ -96.6038, 18.2426 ], [ -96.6143, 18.2371 ], [ -96.6261, 18.2101 ], [ -96.6356, 18.2127 ], [ -96.6343, 18.2199 ], [ -96.661, 18.2292 ], [ -96.6673, 18.2372 ], [ -96.6673, 18.2432 ], [ -96.6751, 18.2492 ], [ -96.679, 18.2467 ], [ -96.69, 18.2781 ], [ -96.688, 18.2852 ], [ -96.6805, 18.2886 ], [ -96.6669, 18.2881 ], [ -96.6617, 18.282 ], [ -96.6541, 18.2832 ], [ -96.631, 18.3001 ], [ -96.6271, 18.2984 ] ] ] } },
{ "type": "Feature", "properties": { "cvegeo": "20170", "municipio_inegi": "San José Lachiguiri", "clave": "san jose lachiguiri", "region": "Valles Centrales", "sin_dato_siap": false }, "geometry": { "type": "Polygon", "coordinates": [ [ [ -96.31, 16.4461 ], [ -96.3076, 16.438 ], [ -96.3101, 16.4295 ], [ -96.2928, 16.4006 ], [ -96.2928, 16.3954 ], [ -96.305, 16.3759 ], [ -96.3039, 16.3597 ], [ -96.3079, 16.3539 ], [ -96.3387, 16.3479 ], [ -96.3364, 16.3454 ], [ -96.3526, 16.3296 ], [ -96.3529, 16.3418 ], [ -96.362, 16.3595 ], [ -96.3577, 16.3668 ], [ -96.36, 16.3704 ], [ -96.3563, 16.3723 ], [ -96.3548, 16.392 ], [ -96.3662, 16.4018 ], [ -96.3656, 16.4093 ], [ -96.373, 16.4185 ], [ -96.3855, 16.4193 ], [ -96.3762, 16.4372 ], [ -96.3368, 16.4575 ], [ -96.3122, 16.4505 ], [ -96.3074, 16.4479 ], [ -96.31, 16.4461 ] ] ] } },
{ "type": "Feature", "properties": { "cvegeo": "20171", "municipio_inegi": "San José Tenango", "clave": "san jose tenango", "region": "Cañada", "sin_dato_siap": false }, "geometry": { "type": "Polygon", "coordinates": [ [ [ -96.6991, 18.2661 ], [ -96.6826, 18.2614 ], [ -96.679, 18.2467 ], [ -96.6751, 18.2492 ], [ -96.6673, 18.2432 ], [ -96.6673, 18.2372 ], [ -96.661, 18.2292 ], [ -96.6343, 18.2199 ], [ -96.6366, 18.2165 ], [ -96.6337, 18.211 ], [ -96.6258, 18.2103 ], [ -96.6237, 18.2198 ], [ -96.6133, 18.2088 ], [ -96.6163, 18.2024 ], [ -96.6238, 18.204 ], [ -96.6207, 18.1935 ], [ -96.6251, 18.1925 ], [ -96.5969, 18.1804 ], [ -96.5821, 18.1676 ], [ -96.5975, 18.1642 ], [ -96.5794, 18.1402 ], [ -96.5958, 18.1259 ], [ -96.5959, 18.1184 ], [ -96.588, 18.1165 ], [ -96.5835, 18.1087 ], [ -96.5575, 18.113 ], [ -96.5606, 18.1014 ], [ -96.5702, 18.0948 ], [ -96.5768, 18.0817 ], [ -96.5823, 18.085 ], [ -96.592, 18.0831 ], [ -96.6037, 18.0702 ], [ -96.6215, 18.0753 ], [ -96.6286, 18.064 ], [ -96.6391, 18.0643 ], [ -96.6618, 18.1036 ], [ -96.6802, 18.1106 ], [ -96.6967, 18.103 ], [ -96.7062, 18.1109 ], [ -96.7229, 18.1052 ], [ -96.7384, 18.111 ], [ -96.7425, 18.129 ], [ -96.7481, 18.1316 ], [ -96.7449, 18.1411 ], [ -96.7482, 18.1512 ], [ -96.7451, 18.1746 ], [ -96.755, 18.1893 ], [ -96.75, 18.193 ], [ -96.753, 18.2262 ], [ -96.7129, 18.2508 ], [ -96.7007, 18.2543 ], [ -96.6991, 18.2661 ] ] ] } },
{ "type": "Feature", "properties": { "cvegeo": "20173", "municipio_inegi": "San Juan Atepec", "clave": "san juan atepec", "region": "Sierra Juárez", "sin_dato_siap": false }, "geometry": { "type": "Polygon", "coordinates": [ [ [ -96.3906, 17.5391 ], [ -96.4002, 17.5094 ], [ -96.3981, 17.5011 ], [ -96.4083, 17.4951 ], [ -96.4161, 17.4787 ], [ -96.4219, 17.4774 ], [ -96.431, 17.463 ], [ -96.4534, 17.4476 ], [ -96.4648, 17.4322 ], [ -96.4942, 17.4128 ], [ -96.5004, 17.4068 ], [ -96.4986, 17.4038 ], [ -96.5113, 17.4055 ], [ -96.5333, 17.4149 ], [ -96.5684, 17.4102 ], [ -96.5718, 17.4127 ], [ -96.5727, 17.4357 ], [ -96.5828, 17.4416 ], [ -96.5808, 17.4505 ], [ -96.5769, 17.4489 ], [ -96.5715, 17.4539 ], [ -96.585, 17.4564 ], [ -96.5827, 17.4638 ], [ -96.5591, 17.471 ], [ -96.513, 17.4767 ], [ -96.496, 17.485 ], [ -96.4857, 17.486 ], [ -96.4784, 17.5028 ], [ -96.4708, 17.5105 ], [ -96.4722, 17.5134 ], [ -96.4334, 17.5187 ], [ -96.4256, 17.524 ], [ -96.4257, 17.529 ], [ -96.4121, 17.5305 ], [ -96.3961, 17.5442 ], [ -96.3906, 17.5391 ] ] ] } },
{ "type": "Feature", "properties": { "cvegeo": "20174", "municipio_inegi": "Ánimas Trujano", "clave": "animas trujano", "region": "Valles Centrales", "sin_dato_siap": false }, "geometry": { "type": "Polygon", "coordinates": [ [ [ -96.7183, 17.0 ], [ -96.7111, 16.9986 ], [ -96.7073, 16.9826 ], [ -96.7173, 16.9759 ], [ -96.7254, 16.9813 ], [ -96.7183, 17.0 ] ] ] } },
{ "type": "Feature", "properties": { "cvegeo": "20175", "municipio_inegi": "San Juan Bautista Atatlahuca", "clave": "san juan bautista atatlahuca", "region": "Valles Centrales", "sin_dato_siap": false }, "geometry": { "type": "Polygon", "coordinates": [ [ [ -96.7515, 17.6917 ], [ -96.7311, 17.6774 ], [ -96.7249, 17.6821 ], [ -96.7183, 17.6814 ], [ -96.7038, 17.665 ], [ -96.7012, 17.6687 ], [ -96.6896, 17.6656 ], [ -96.6888, 17.653 ], [ -96.6808, 17.6589 ], [ -96.6803, 17.6494 ], [ -96.6733, 17.6513 ], [ -96.6726, 17.6448 ], [ -96.6648, 17.6452 ], [ -96.6684, 17.6412 ], [ -96.6735, 17.6424 ], [ -96.6727, 17.6363 ], [ -96.6677, 17.6366 ], [ -96.6664, 17.6313 ], [ -96.6609, 17.6342 ], [ -96.662, 17.6294 ], [ -96.6584, 17.6305 ], [ -96.6571, 17.6266 ], [ -96.6598, 17.6233 ], [ -96.6533, 17.6191 ], [ -96.6469, 17.6215 ], [ -96.6505, 17.6157 ], [ -96.6491, 17.6095 ], [ -96.6462, 17.6119 ], [ -96.6438, 17.6073 ], [ -96.6401, 17.6104 ], [ -96.6407, 17.6024 ], [ -96.6301, 17.6037 ], [ -96.6298, 17.5973 ], [ -96.6328, 17.5945 ], [ -96.6477, 17.5949 ], [ -96.6591, 17.5714 ], [ -96.651, 17.5602 ], [ -96.6967, 17.5313 ], [ -96.7185, 17.495 ], [ -96.7722, 17.4756 ], [ -96.7878, 17.4874 ], [ -96.7959, 17.4895 ], [ -96.7996, 17.4989 ], [ -96.8299, 17.504 ], [ -96.8377, 17.509 ], [ -96.8387, 17.515 ], [ -96.8537, 17.518 ], [ -96.8666, 17.5282 ], [ -96.8806, 17.6221 ], [ -96.8677, 17.6588 ], [ -96.8548, 17.6737 ], [ -96.8362, 17.6779 ], [ -96.8318, 17.6732 ], [ -96.833, 17.6685 ], [ -96.8285, 17.6675 ], [ -96.8207, 17.6737 ], [ -96.8216, 17.6697 ], [ -96.8156, 17.6631 ], [ -96.8075, 17.6675 ], [ -96.8121, 17.6736 ], [ -96.8032, 17.6802 ], [ -96.7803, 17.6782 ], [ -96.7761, 17.682 ], [ -96.7715, 17.6759 ], [ -96.7661, 17.6869 ], [ -96.7596, 17.6833 ], [ -96.7515, 17.6917 ] ] ] } },
{ "type": "Feature", "properties": { "cvegeo": "20187", "municipio_inegi": "San Juan Coatzóspam", "clave": "san juan coatzospam", "region": "Cañada", "sin_dato_siap": false }, "geometry": { "type": "Polygon", "coordinates": [ [ [ -96.7372, 18.1103 ], [ -96.7256, 18.1053 ], [ -96.7112, 18.1074 ], [ -96.6707, 18.0827 ], [ -96.6783, 18.0443 ], [ -96.7064, 18.0552 ], [ -96.7209, 18.0474 ], [ -96.7253, 18.0518 ], [ -96.7253, 18.0437 ], [ -96.7195, 18.0361 ], [ -96.7198, 18.0142 ], [ -96.739, 18.0206 ], [ -96.7492, 18.0173 ], [ -96.7853, 18.016 ], [ -96.7918, 18.0283 ], [ -96.7847, 18.0367 ], [ -96.7813, 18.0548 ], [ -96.7773, 18.0588 ], [ -96.7619, 18.0554 ], [ -96.731, 18.0728 ], [ -96.7425, 18.129 ], [ -96.7372, 18.1103 ] ] ] } },
{ "type": "Feature", "properties": { "cvegeo": "20176", "municipio_inegi": "San Juan Bautista Coixtlahuaca", "clave": "san juan bautista coixtlahuaca", "region": "Mixteca", "sin_dato_siap": false }, "geometry": { "type": "Polygon", "coordinates": [ [ [ -97.1612, 17.7064 ], [ -97.1795, 17.6733 ], [ -97.2309, 17.6424 ], [ -97.2379, 17.6416 ], [ -97.2676, 17.6506 ], [ -97.2837, 17.6476 ], [ -97.2872, 17.6523 ], [ -97.2878, 17.6424 ], [ -97.2997, 17.6548 ], [ -97.3093, 17.656 ], [ -97.3064, 17.6691 ], [ -97.334, 17.6804 ], [ -97.3426, 17.6785 ], [ -97.3833, 17.6535 ], [ -97.4016, 17.6844 ], [ -97.39, 17.6872 ], [ -97.3749, 17.7007 ], [ -97.3621, 17.7053 ], [ -97.3457, 17.7022 ], [ -97.3465, 17.7267 ], [ -97.3519, 17.7414 ], [ -97.3451, 17.7638 ], [ -97.3022, 17.7693 ], [ -97.2531, 17.8161 ], [ -97.1987, 17.7966 ], [ -97.1927, 17.7764 ], [ -97.1777, 17.7584 ], [ -97.1746, 17.7449 ], [ -97.1666, 17.7345 ], [ -97.1612, 17.7064 ] ] ] } },
{ "type": "Feature", "properties": { "cvegeo": "20177", "municipio_inegi": "San Juan Bautista Cuicatlán", "clave": "san juan bautista cuicatlan", "region": "Cañada", "sin_dato_siap": false }, "geometry": { "type": "Polygon", "coordinates": [ [ [ -96.9211, 17.9446 ], [ -96.864, 17.928 ], [ -96.8855, 17.9066 ], [ -96.9176, 17.9033 ], [ -96.9272, 17.9057 ], [ -96.9494, 17.8697 ], [ -96.9458, 17.8321 ], [ -96.9431, 17.8212 ], [ -96.9364, 17.8168 ], [ -96.9422, 17.8048 ], [ -96.9368, 17.7992 ], [ -96.9195, 17.7937 ], [ -96.9276, 17.7932 ], [ -96.9298, 17.7849 ], [ -96.9035, 17.7624 ], [ -96.8825, 17.7529 ], [ -96.8698, 17.7538 ], [ -96.875, 17.7482 ], [ -96.8802, 17.7289 ], [ -96.8765, 17.7244 ], [ -96.8746, 17.6975 ], [ -96.8716, 17.6955 ], [ -96.863, 17.6998 ], [ -96.8583, 17.6947 ], [ -96.8563, 17.6875 ], [ -96.8646, 17.6778 ], [ -96.8561, 17.6769 ], [ -96.8548, 17.6737 ], [ -96.8677, 17.6588 ], [ -96.8806, 17.6221 ], [ -96.8779, 17.5889 ], [ -96.946, 17.6013 ], [ -96.941, 17.6041 ], [ -96.9475, 17.6162 ], [ -96.9788, 17.6035 ], [ -97.0007, 17.5885 ], [ -97.0015, 17.5791 ], [ -97.0051, 17.5789 ], [ -97.0024, 17.5732 ], [ -97.0084, 17.567 ], [ -96.9874, 17.556 ], [ -96.9933, 17.546 ], [ -97.0116, 17.5516 ], [ -97.0164, 17.5408 ], [ -96.9936, 17.5224 ], [ -96.9954, 17.5064 ], [ -97.0217, 17.5151 ], [ -97.0414, 17.5348 ], [ -97.0348, 17.5556 ], [ -97.04, 17.558 ], [ -97.036, 17.5683 ], [ -97.0415, 17.587 ], [ -97.0383, 17.5903 ], [ -97.0433, 17.6432 ], [ -97.0264, 17.6436 ], [ -97.0128, 17.6493 ], [ -96.9812, 17.7174 ], [ -96.969, 17.722 ], [ -96.961, 17.7343 ], [ -96.9443, 17.7354 ], [ -96.9507, 17.744 ], [ -96.9482, 17.7549 ], [ -96.9516, 17.7643 ], [ -96.9642, 17.7643 ], [ -96.9637, 17.7719 ], [ -96.9584, 17.7746 ], [ -96.96, 17.7843 ], [ -96.9842, 17.7933 ], [ -96.9923, 17.8137 ], [ -96.999, 17.8177 ], [ -97.0025, 17.8251 ], [ -97.0151, 17.8097 ], [ -97.029, 17.8018 ], [ -97.0277, 17.7941 ], [ -97.0426, 17.7958 ], [ -97.0526, 17.7902 ], [ -97.0705, 17.7907 ], [ -97.0702, 17.795 ], [ -97.0749, 17.7985 ], [ -97.0914, 17.794 ], [ -97.0936, 17.7797 ], [ -97.1, 17.7915 ], [ -97.1059, 17.7952 ], [ -97.1147, 17.779 ], [ -97.1198, 17.7847 ], [ -97.1362, 17.7895 ], [ -97.1362, 17.7998 ], [ -97.1261, 17.8078 ], [ -97.1177, 17.8065 ], [ -97.1162, 17.8109 ], [ -97.1084, 17.8108 ], [ -97.0925, 17.8379 ], [ -97.0872, 17.839 ], [ -97.0791, 17.8495 ], [ -97.0707, 17.8508 ], [ -97.0524, 17.864 ], [ -97.0117, 17.8697 ], [ -97.0309, 17.8954 ], [ -97.0198, 17.9023 ], [ -97.002, 17.9259 ], [ -97.0038, 17.929 ], [ -96.9991, 17.9227 ], [ -96.9854, 17.9167 ], [ -96.9775, 17.9212 ], [ -96.9718, 17.9173 ], [ -96.9629, 17.9348 ], [ -96.9471, 17.9337 ], [ -96.9418, 17.9382 ], [ -96.9361, 17.9362 ], [ -96.9326, 17.9407 ], [ -96.9245, 17.938 ], [ -96.9211, 17.9446 ] ] ] } },
{ "type": "Feature", "properties": { "cvegeo": "20188", "municipio_inegi": "San Juan Colorado", "clave": "san juan colorado", "region": "Costa", "sin_dato_siap": false }, "geometry": { "type": "Polygon", "coordinates": [ [ [ -97.8825, 16.4793 ], [ -97.8593, 16.4571 ], [ -97.8792, 16.4407 ], [ -97.8937, 16.4375 ], [ -97.9012, 16.4402 ], [ -97.908, 16.4328 ], [ -97.9131, 16.4347 ], [ -97.923, 16.4257 ], [ -97.9591, 16.4427 ], [ -97.9908, 16.4506 ], [ -97.9899, 16.4615 ], [ -97.9132, 16.5184 ], [ -97.9209, 16.5471 ], [ -97.9446, 16.564 ], [ -97.8693, 16.5771 ], [ -97.8594, 16.5657 ], [ -97.8545, 16.5542 ], [ -97.8754, 16.5153 ], [ -97.8689, 16.5037 ], [ -97.8825, 16.4793 ] ] ] } },
{ "type": "Feature", "properties": { "cvegeo": "20178", "municipio_inegi": "San Juan Bautista Guelache", "clave": "san juan bautista guelache", "region": "Valles Centrales", "sin_dato_siap": false }, "geometry": { "type": "Polygon", "coordinates": [ [ [ -96.739, 17.2142 ], [ -96.7826, 17.2001 ], [ -96.7821, 17.1955 ], [ -96.7875, 17.2009 ], [ -96.792, 17.2004 ], [ -96.796, 17.212 ], [ -96.8043, 17.212 ], [ -96.7997, 17.2146 ], [ -96.8011, 17.2168 ], [ -96.7956, 17.217 ], [ -96.7977, 17.2302 ], [ -96.7873, 17.2461 ], [ -96.78, 17.2681 ], [ -96.7474, 17.2835 ], [ -96.7272, 17.2496 ], [ -96.7054, 17.2368 ], [ -96.739, 17.2142 ] ] ] } },
{ "type": "Feature", "properties": { "cvegeo": "20179", "municipio_inegi": "San Juan Bautista Jayacatlán", "clave": "san juan bautista jayacatlan", "region": "Valles Centrales", "sin_dato_siap": false }, "geometry": { "type": "Polygon", "coordinates": [ [ [ -96.8239, 17.491 ], [ -96.7878, 17.4874 ], [ -96.7722, 17.4756 ], [ -96.7522, 17.4751 ], [ -96.7446, 17.4696 ], [ -96.7644, 17.3821 ], [ -96.8175, 17.4055 ], [ -96.8224, 17.4003 ], [ -96.8206, 17.3936 ], [ -96.8437, 17.3831 ], [ -96.854, 17.404 ], [ -96.8725, 17.4471 ], [ -96.8531, 17.477 ], [ -96.8431, 17.4769 ], [ -96.8375, 17.4822 ], [ -96.8295, 17.4812 ], [ -96.8239, 17.491 ] ] ] } },
{ "type": "Feature", "properties": { "cvegeo": "20180", "municipio_inegi": "San Juan Bautista Lo de Soto", "clave": "san juan bautista lo de soto", "region": "Costa", "sin_dato_siap": false }, "geometry": { "type": "Polygon", "coordinates": [ [ [ -98.3166, 16.5699 ], [ -98.3186, 16.539 ], [ -98.3122, 16.509 ], [ -98.3133, 16.4911 ], [ -98.3085, 16.4832 ], [ -98.3134, 16.4751 ], [ -98.3087, 16.4705 ], [ -98.2981, 16.4746 ], [ -98.2924, 16.469 ], [ -98.2992, 16.4668 ], [ -98.3079, 16.4564 ], [ -98.3121, 16.4449 ], [ -98.3188, 16.4448 ], [ -98.3178, 16.4573 ], [ -98.3221, 16.4544 ], [ -98.328, 16.4564 ], [ -98.3271, 16.4629 ], [ -98.3323, 16.4636 ], [ -98.3326, 16.4685 ], [ -98.3375, 16.4674 ], [ -98.3353, 16.4706 ], [ -98.3409, 16.4734 ], [ -98.3383, 16.4778 ], [ -98.3319, 16.4724 ], [ -98.336, 16.4811 ], [ -98.3547, 16.4766 ], [ -98.3575, 16.4809 ], [ -98.3523, 16.485 ], [ -98.3525, 16.4894 ], [ -98.3577, 16.4926 ], [ -98.3688, 16.4912 ], [ -98.3676, 16.5006 ], [ -98.3873, 16.4978 ], [ -98.3833, 16.5127 ], [ -98.3925, 16.5274 ], [ -98.3951, 16.5468 ], [ -98.3837, 16.5452 ], [ -98.3834, 16.5496 ], [ -98.3761, 16.5523 ], [ -98.3403, 16.5582 ], [ -98.33, 16.5727 ], [ -98.3166, 16.5699 ] ] ] } },
{ "type": "Feature", "properties": { "cvegeo": "20191", "municipio_inegi": "San Juan Chicomezúchil", "clave": "san juan chicomezuchil", "region": "Sierra Juárez", "sin_dato_siap": false }, "geometry": { "type": "Polygon", "coordinates": [ [ [ -96.5173, 17.3114 ], [ -96.4988, 17.3033 ], [ -96.4916, 17.2933 ], [ -96.479, 17.2941 ], [ -96.4907, 17.2815 ], [ -96.4905, 17.2719 ], [ -96.4942, 17.2695 ], [ -96.498, 17.2524 ], [ -96.5169, 17.2376 ], [ -96.5202, 17.2602 ], [ -96.5127, 17.2718 ], [ -96.5169, 17.2807 ], [ -96.528, 17.2842 ], [ -96.5288, 17.2889 ], [ -96.5239, 17.2947 ], [ -96.5278, 17.3097 ], [ -96.521, 17.3072 ], [ -96.5173, 17.3114 ] ] ] } },
{ "type": "Feature", "properties": { "cvegeo": "20181", "municipio_inegi": "San Juan Bautista Suchitepec", "clave": "san juan bautista suchitepec", "region": "Mixteca", "sin_dato_siap": false }, "geometry": { "type": "Polygon", "coordinates": [ [ [ -97.6853, 18.0652 ], [ -97.6686, 18.0645 ], [ -97.6642, 18.0439 ], [ -97.6526, 18.043 ], [ -97.6486, 18.046 ], [ -97.6185, 18.0411 ], [ -97.6124, 18.0317 ], [ -97.5968, 18.0194 ], [ -97.598, 17.961 ], [ -97.5892, 17.9587 ], [ -97.5908, 17.9458 ], [ -97.6059, 17.9549 ], [ -97.6335, 17.9548 ], [ -97.6433, 17.9582 ], [ -97.6801, 17.9501 ], [ -97.6826, 17.958 ], [ -97.6743, 17.9644 ], [ -97.6754, 17.9743 ], [ -97.6832, 17.9763 ], [ -97.6874, 17.983 ], [ -97.686, 18.0158 ], [ -97.6938, 18.0173 ], [ -97.6897, 18.0204 ], [ -97.6815, 18.0492 ], [ -97.6853, 18.0652 ] ] ] } },
{ "type": "Feature", "properties": { "cvegeo": "20196", "municipio_inegi": "San Juan Evangelista Analco", "clave": "san juan evangelista analco", "region": "Sierra Juárez", "sin_dato_siap": false }, "geometry": { "type": "Polygon", "coordinates": [ [ [ -96.527, 17.4134 ], [ -96.5113, 17.4055 ], [ -96.4986, 17.4038 ], [ -96.5249, 17.3852 ], [ -96.5694, 17.3966 ], [ -96.5748, 17.3924 ], [ -96.5802, 17.3938 ], [ -96.5682, 17.4104 ], [ -96.527, 17.4134 ] ] ] } },
{ "type": "Feature", "properties": { "cvegeo": "20182", "municipio_inegi": "San Juan Bautista Tlacoatzintepec", "clave": "san juan bautista tlacoatzintepec", "region": "Cañada", "sin_dato_siap": false }, "geometry": { "type": "Polygon", "coordinates": [ [ [ -96.569, 17.9082 ], [ -96.5735, 17.8927 ], [ -96.5692, 17.892 ], [ -96.5468, 17.8696 ], [ -96.5537, 17.8651 ], [ -96.5537, 17.8592 ], [ -96.5644, 17.8527 ], [ -96.5644, 17.8483 ], [ -96.5732, 17.8459 ], [ -96.5768, 17.8379 ], [ -96.5961, 17.8284 ], [ -96.6128, 17.8547 ], [ -96.6365, 17.8716 ], [ -96.6424, 17.8842 ], [ -96.6233, 17.8855 ], [ -96.6181, 17.8913 ], [ -96.6153, 17.9066 ], [ -96.6065, 17.9058 ], [ -96.5912, 17.9118 ], [ -96.569, 17.9082 ] ] ] } },
{ "type": "Feature", "properties": { "cvegeo": "20197", "municipio_inegi": "San Juan Guelavía", "clave": "san juan guelavia", "region": "Valles Centrales", "sin_dato_siap": false }, "geometry": { "type": "Polygon", "coordinates": [ [ [ -96.5505, 16.9766 ], [ -96.5193, 16.9709 ], [ -96.5066, 16.9548 ], [ -96.5087, 16.9296 ], [ -96.5309, 16.9321 ], [ -96.5623, 16.9298 ], [ -96.5677, 16.9338 ], [ -96.5724, 16.9797 ], [ -96.5609, 16.9873 ], [ -96.5505, 16.9766 ] ] ] } },
{ "type": "Feature", "properties": { "cvegeo": "20198", "municipio_inegi": "San Juan Guichicovi", "clave": "san juan guichicovi", "region": "Istmo", "sin_dato_siap": false }, "geometry": { "type": "MultiPolygon", "coordinates": [ [ [ [ -95.1538, 17.3106 ], [ -95.1521, 17.2958 ], [ -95.148, 17.2956 ], [ -95.1487, 17.2739 ], [ -95.1406, 17.2728 ], [ -95.1481, 17.2621 ], [ -95.1555, 17.27 ], [ -95.1535, 17.2439 ], [ -95.1655, 17.2414 ], [ -95.1661, 17.2317 ], [ -95.1553, 17.2214 ], [ -95.158, 17.2071 ], [ -95.1536, 17.2053 ], [ -95.1587, 17.2021 ], [ -95.1585, 17.1895 ], [ -95.1369, 17.1783 ], [ -95.137, 17.1829 ], [ -95.1223, 17.1872 ], [ -95.128, 17.1909 ], [ -95.1297, 17.1973 ], [ -95.1133, 17.1932 ], [ -95.1071, 17.1667 ], [ -95.0961, 17.1633 ], [ -95.0849, 17.1488 ], [ -95.0701, 17.1447 ], [ -95.072, 17.1343 ], [ -95.0685, 17.1278 ], [ -95.0714, 17.1227 ], [ -95.0684, 17.1162 ], [ -95.0754, 17.0992 ], [ -95.0676, 17.0973 ], [ -95.0646, 17.0897 ], [ -95.0565, 17.0895 ], [ -95.05, 17.1013 ], [ -95.0444, 17.1035 ], [ -95.0546, 17.1133 ], [ -95.0522, 17.1192 ], [ -95.0364, 17.117 ], [ -95.0267, 17.1005 ], [ -95.0251, 17.1169 ], [ -95.0145, 17.1205 ], [ -94.9968, 17.107 ], [ -94.995, 17.0934 ], [ -94.9933, 17.0937 ], [ -94.9941, 17.1131 ], [ -94.9867, 17.1196 ], [ -94.9799, 17.12 ], [ -94.9744, 17.1286 ], [ -94.9768, 17.1476 ], [ -94.9662, 17.1395 ], [ -94.9598, 17.1426 ], [ -94.9552, 17.1378 ], [ -94.9535, 17.1436 ], [ -94.9519, 17.1255 ], [ -94.9428, 17.1192 ], [ -94.9452, 17.1151 ], [ -94.9418, 17.1129 ], [ -94.959, 17.1035 ], [ -94.9605, 17.0994 ], [ -94.9606, 17.0831 ], [ -94.9651, 17.0705 ], [ -94.9576, 17.0682 ], [ -94.9761, 17.0556 ], [ -94.9804, 17.0482 ], [ -94.9787, 17.0336 ], [ -94.9706, 17.0375 ], [ -94.9655, 17.0341 ], [ -94.9585, 17.0371 ], [ -94.9481, 17.0293 ], [ -94.9475, 17.0239 ], [ -94.943, 17.0234 ], [ -94.9402, 17.0282 ], [ -94.9333, 17.0229 ], [ -94.9478, 17.0114 ], [ -94.9453, 17.0098 ], [ -94.9469, 16.9976 ], [ -94.9624, 17.0032 ], [ -94.9603, 16.9961 ], [ -94.9668, 16.9895 ], [ -94.9623, 16.9764 ], [ -94.9688, 16.9695 ], [ -94.9691, 16.9595 ], [ -94.9772, 16.9523 ], [ -94.9908, 16.9601 ], [ -95.0076, 16.9462 ], [ -95.0127, 16.9473 ], [ -95.0101, 16.9441 ], [ -95.018, 16.9343 ], [ -95.0374, 16.9449 ], [ -95.0401, 16.9403 ], [ -95.0326, 16.9326 ], [ -95.0332, 16.9245 ], [ -95.0555, 16.9171 ], [ -95.056, 16.9063 ], [ -95.0594, 16.9099 ], [ -95.0635, 16.9053 ], [ -95.0725, 16.9072 ], [ -95.0835, 16.8977 ], [ -95.0851, 16.9013 ], [ -95.0982, 16.8973 ], [ -95.0987, 16.9022 ], [ -95.1054, 16.9046 ], [ -95.1138, 16.9033 ], [ -95.125, 16.907 ], [ -95.1661, 16.9271 ], [ -95.1535, 16.927 ], [ -95.1637, 16.9366 ], [ -95.17, 16.9276 ], [ -95.2177, 16.9335 ], [ -95.2413, 16.9857 ], [ -95.2288, 16.9964 ], [ -95.2357, 17.0043 ], [ -95.2508, 17.0066 ], [ -95.2641, 17.0356 ], [ -95.2556, 17.0336 ], [ -95.2518, 17.0574 ], [ -95.24, 17.0816 ], [ -95.2816, 17.0795 ], [ -95.2951, 17.0884 ], [ -95.2911, 17.1224 ], [ -95.2353, 17.1272 ], [ -95.2294, 17.1271 ], [ -95.2295, 17.1187 ], [ -95.2152, 17.1177 ], [ -95.2147, 17.1078 ], [ -95.162, 17.1053 ], [ -95.1619, 17.1116 ], [ -95.1572, 17.1116 ], [ -95.1554, 17.0873 ], [ -95.1503, 17.1193 ], [ -95.1415, 17.1196 ], [ -95.1417, 17.1394 ], [ -95.1541, 17.1392 ], [ -95.1541, 17.1489 ], [ -95.1689, 17.1488 ], [ -95.1756, 17.1392 ], [ -95.201, 17.139 ], [ -95.2008, 17.1435 ], [ -95.2457, 17.144 ], [ -95.2484, 17.1703 ], [ -95.2327, 17.1771 ], [ -95.2325, 17.1801 ], [ -95.2231, 17.1799 ], [ -95.2103, 17.1863 ], [ -95.1865, 17.1918 ], [ -95.182, 17.1865 ], [ -95.1837, 17.2045 ], [ -95.1731, 17.2037 ], [ -95.1754, 17.2228 ], [ -95.168, 17.2223 ], [ -95.1711, 17.232 ], [ -95.176, 17.2324 ], [ -95.1777, 17.2414 ], [ -95.1758, 17.283 ], [ -95.1743, 17.2872 ], [ -95.1589, 17.2877 ], [ -95.1595, 17.3041 ], [ -95.1713, 17.3038 ], [ -95.1714, 17.3128 ], [ -95.1538, 17.3106 ] ] ], [ [ [ -94.9838, 17.2651 ], [ -94.9818, 17.258 ], [ -94.9852, 17.2501 ], [ -94.9588, 17.2454 ], [ -94.9543, 17.2328 ], [ -94.9461, 17.2292 ], [ -94.9463, 17.2232 ], [ -94.9372, 17.2202 ], [ -94.934, 17.2082 ], [ -94.9566, 17.215 ], [ -94.9709, 17.2111 ], [ -94.9776, 17.2155 ], [ -94.9831, 17.1992 ], [ -94.9864, 17.2008 ], [ -94.9876, 17.2303 ], [ -94.9938, 17.2302 ], [ -94.9892, 17.2371 ], [ -94.9943, 17.24 ], [ -94.9986, 17.2524 ], [ -94.9931, 17.257 ], [ -94.9928, 17.2638 ], [ -94.9838, 17.2651 ] ] ] ] } },
{ "type": "Feature", "properties": { "cvegeo": "20183", "municipio_inegi": "San Juan Bautista Tlachichilco", "clave": "san juan bautista tlachichilco", "region": "Mixteca", "sin_dato_siap": false }, "geometry": { "type": "Polygon", "coordinates": [ [ [ -98.3036, 17.6279 ], [ -98.3047, 17.6226 ], [ -98.2685, 17.6178 ], [ -98.2733, 17.614 ], [ -98.2723, 17.6016 ], [ -98.2873, 17.5806 ], [ -98.2796, 17.5715 ], [ -98.2846, 17.5704 ], [ -98.279, 17.5471 ], [ -98.2827, 17.5442 ], [ -98.2833, 17.5335 ], [ -98.292, 17.5333 ], [ -98.3001, 17.5268 ], [ -98.3296, 17.5333 ], [ -98.3412, 17.5419 ], [ -98.3453, 17.5626 ], [ -98.3535, 17.5649 ], [ -98.351, 17.5714 ], [ -98.3546, 17.579 ], [ -98.3614, 17.5793 ], [ -98.3592, 17.5841 ], [ -98.3647, 17.5826 ], [ -98.377, 17.6053 ], [ -98.3714, 17.6157 ], [ -98.368, 17.6358 ], [ -98.3517, 17.6403 ], [ -98.3492, 17.6444 ], [ -98.3048, 17.6451 ], [ -98.3088, 17.6293 ], [ -98.3036, 17.6279 ] ], [ [ -98.3258, 17.6062 ], [ -98.3409, 17.5741 ], [ -98.3195, 17.5691 ], [ -98.3061, 17.5775 ], [ -98.3135, 17.5831 ], [ -98.314, 17.5952 ], [ -98.303, 17.5927 ], [ -98.3172, 17.6022 ], [ -98.3208, 17.5962 ], [ -98.3195, 17.6033 ], [ -98.3258, 17.6062 ] ] ] } },
{ "type": "Feature", "properties": { "cvegeo": "20184", "municipio_inegi": "San Juan Bautista Tuxtepec", "clave": "san juan bautista tuxtepec", "region": "Papaloapan", "sin_dato_siap": false }, "geometry": { "type": "Polygon", "coordinates": [ [ [ -96.301, 18.3175 ], [ -96.2848, 18.3094 ], [ -96.2855, 18.3017 ], [ -96.2708, 18.2978 ], [ -96.2774, 18.294 ], [ -96.2739, 18.2859 ], [ -96.2786, 18.2838 ], [ -96.2692, 18.274 ], [ -96.2773, 18.2714 ], [ -96.276, 18.2658 ], [ -96.2831, 18.2689 ], [ -96.2882, 18.2598 ], [ -96.2813, 18.2591 ], [ -96.2668, 18.2457 ], [ -96.2658, 18.2431 ], [ -96.268, 18.2245 ], [ -96.2436, 18.1971 ], [ -96.231, 18.1897 ], [ -96.2175, 18.162 ], [ -96.2031, 18.1749 ], [ -96.1697, 18.1857 ], [ -96.1702, 18.1698 ], [ -96.1876, 18.1662 ], [ -96.1828, 18.1578 ], [ -96.1883, 18.1513 ], [ -96.1797, 18.1406 ], [ -96.1542, 18.1318 ], [ -96.1486, 18.1322 ], [ -96.1436, 18.1401 ], [ -96.1356, 18.1341 ], [ -96.1226, 18.1416 ], [ -96.123, 18.1542 ], [ -96.1172, 18.1552 ], [ -96.1143, 18.1641 ], [ -96.0992, 18.1668 ], [ -96.0842, 18.1625 ], [ -96.0795, 18.1498 ], [ -96.0689, 18.1408 ], [ -96.0664, 18.1316 ], [ -96.057, 18.134 ], [ -96.0514, 18.1267 ], [ -96.0469, 18.1366 ], [ -96.0431, 18.1347 ], [ -96.0411, 18.1385 ], [ -96.026, 18.1334 ], [ -96.0004, 18.1444 ], [ -95.9933, 18.1516 ], [ -95.9859, 18.15 ], [ -95.9817, 18.1429 ], [ -95.9793, 18.1467 ], [ -95.976, 18.1347 ], [ -95.9785, 18.1203 ], [ -95.9729, 18.1182 ], [ -95.9733, 18.0937 ], [ -95.9668, 18.0936 ], [ -95.9679, 18.0836 ], [ -95.9733, 18.0807 ], [ -95.9835, 18.0962 ], [ -95.9871, 18.0555 ], [ -95.9856, 18.049 ], [ -95.9786, 18.0432 ], [ -95.9888, 18.0234 ], [ -95.9676, 18.0046 ], [ -95.9679, 17.998 ], [ -95.955, 17.9852 ], [ -95.9421, 17.9822 ], [ -95.9497, 17.9714 ], [ -95.9514, 17.9511 ], [ -95.9443, 17.9462 ], [ -95.9443, 17.9419 ], [ -95.9517, 17.941 ], [ -95.9519, 17.9352 ], [ -95.951, 17.9294 ], [ -95.9457, 17.9282 ], [ -95.945, 17.9133 ], [ -95.9233, 17.9095 ], [ -95.9244, 17.8974 ], [ -95.9003, 17.8951 ], [ -95.907, 17.8892 ], [ -95.9011, 17.8831 ], [ -95.8951, 17.8886 ], [ -95.8885, 17.8818 ], [ -95.9049, 17.8749 ], [ -95.8956, 17.8561 ], [ -95.8693, 17.8568 ], [ -95.8682, 17.8603 ], [ -95.8503, 17.8553 ], [ -95.8545, 17.8495 ], [ -95.8485, 17.8481 ], [ -95.8502, 17.8445 ], [ -95.8573, 17.8465 ], [ -95.8635, 17.8416 ], [ -95.8612, 17.8299 ], [ -95.8652, 17.8291 ], [ -95.8664, 17.8208 ], [ -95.8795, 17.8155 ], [ -95.8805, 17.8206 ], [ -95.8971, 17.82 ], [ -95.9013, 17.8237 ], [ -95.9075, 17.8202 ], [ -95.906, 17.8165 ], [ -95.9027, 17.8177 ], [ -95.901, 17.8131 ], [ -95.8905, 17.8171 ], [ -95.8852, 17.8156 ], [ -95.8845, 17.8089 ], [ -95.8989, 17.8016 ], [ -95.9235, 17.7999 ], [ -95.9198, 17.7887 ], [ -95.9134, 17.79 ], [ -95.9228, 17.7834 ], [ -95.9346, 17.7873 ], [ -95.9677, 17.8263 ], [ -95.9761, 17.8531 ], [ -95.985, 17.8598 ], [ -95.9872, 17.8611 ], [ -95.9902, 17.8626 ], [ -95.9904, 17.8627 ], [ -95.9911, 17.8536 ], [ -95.9845, 17.8494 ], [ -95.9852, 17.8431 ], [ -96.0305, 17.8901 ], [ -96.0266, 17.8999 ], [ -96.0453, 17.9097 ], [ -96.0417, 17.9171 ], [ -96.0496, 17.9249 ], [ -96.055, 17.9287 ], [ -96.0648, 17.9251 ], [ -96.0699, 17.933 ], [ -96.091, 17.9201 ], [ -96.0934, 17.9325 ], [ -96.101, 17.9319 ], [ -96.101, 17.9441 ], [ -96.0936, 17.9413 ], [ -96.1038, 17.9497 ], [ -96.1012, 17.9636 ], [ -96.1299, 17.9875 ], [ -96.1316, 18.0043 ], [ -96.157, 18.0063 ], [ -96.1779, 17.9945 ], [ -96.1948, 18.0069 ], [ -96.2089, 17.9805 ], [ -96.2496, 17.994 ], [ -96.2398, 17.9728 ], [ -96.2529, 17.9716 ], [ -96.2576, 17.9901 ], [ -96.2555, 17.9966 ], [ -96.2638, 18.005 ], [ -96.2607, 18.016 ], [ -96.253, 18.0121 ], [ -96.2427, 18.0147 ], [ -96.2422, 18.026 ], [ -96.2544, 18.0437 ], [ -96.2434, 18.0467 ], [ -96.2431, 18.0502 ], [ -96.2509, 18.0566 ], [ -96.28, 18.0399 ], [ -96.3131, 18.089 ], [ -96.2687, 18.1122 ], [ -96.2821, 18.1235 ], [ -96.2758, 18.127 ], [ -96.3026, 18.1534 ], [ -96.2864, 18.1675 ], [ -96.283, 18.165 ], [ -96.2757, 18.1678 ], [ -96.2737, 18.2021 ], [ -96.2564, 18.2001 ], [ -96.2554, 18.2077 ], [ -96.2623, 18.2093 ], [ -96.2594, 18.214 ], [ -96.2689, 18.2247 ], [ -96.2674, 18.2451 ], [ -96.2815, 18.2584 ], [ -96.2965, 18.2586 ], [ -96.2919, 18.2657 ], [ -96.3039, 18.2733 ], [ -96.3047, 18.2804 ], [ -96.3107, 18.2863 ], [ -96.3056, 18.3114 ], [ -96.301, 18.3175 ] ] ] } },
{ "type": "Feature", "properties": { "cvegeo": "20185", "municipio_inegi": "San Juan Cacahuatepec", "clave": "san juan cacahuatepec", "region": "Costa", "sin_dato_siap": false }, "geometry": { "type": "Polygon", "coordinates": [ [ [ -98.1354, 16.7574 ], [ -98.1264, 16.7554 ], [ -98.1085, 16.7416 ], [ -98.1311, 16.6794 ], [ -98.1428, 16.6795 ], [ -98.1515, 16.6746 ], [ -98.1548, 16.6564 ], [ -98.1448, 16.6494 ], [ -98.1435, 16.6412 ], [ -98.1262, 16.6432 ], [ -98.1143, 16.6344 ], [ -98.097, 16.6292 ], [ -98.0938, 16.6247 ], [ -98.0759, 16.6235 ], [ -98.0741, 16.6176 ], [ -98.0663, 16.6129 ], [ -98.0733, 16.6093 ], [ -98.0672, 16.6051 ], [ -98.068, 16.5963 ], [ -98.0734, 16.5964 ], [ -98.0709, 16.5929 ], [ -98.0882, 16.5929 ], [ -98.0942, 16.5887 ], [ -98.0941, 16.5822 ], [ -98.0884, 16.5792 ], [ -98.0917, 16.5774 ], [ -98.088, 16.5705 ], [ -98.0903, 16.5622 ], [ -98.1033, 16.5603 ], [ -98.1051, 16.5699 ], [ -98.1133, 16.5701 ], [ -98.1133, 16.5851 ], [ -98.129, 16.5865 ], [ -98.1454, 16.5842 ], [ -98.1468, 16.5681 ], [ -98.1421, 16.562 ], [ -98.1452, 16.5596 ], [ -98.1543, 16.5618 ], [ -98.1557, 16.5576 ], [ -98.1639, 16.5549 ], [ -98.1663, 16.5583 ], [ -98.1706, 16.5554 ], [ -98.1875, 16.5578 ], [ -98.1944, 16.553 ], [ -98.2136, 16.5559 ], [ -98.2012, 16.5724 ], [ -98.2107, 16.5725 ], [ -98.1938, 16.6215 ], [ -98.2142, 16.6188 ], [ -98.22, 16.632 ], [ -98.2285, 16.6395 ], [ -98.2343, 16.6564 ], [ -98.2331, 16.6706 ], [ -98.2463, 16.6724 ], [ -98.2434, 16.6967 ], [ -98.238, 16.7074 ], [ -98.2349, 16.7071 ], [ -98.2335, 16.7174 ], [ -98.2213, 16.7085 ], [ -98.2015, 16.7127 ], [ -98.2055, 16.698 ], [ -98.2003, 16.6972 ], [ -98.1952, 16.6988 ], [ -98.1921, 16.7064 ], [ -98.1844, 16.7051 ], [ -98.1752, 16.718 ], [ -98.1659, 16.7217 ], [ -98.1598, 16.7195 ], [ -98.1537, 16.7253 ], [ -98.139, 16.7238 ], [ -98.1365, 16.7319 ], [ -98.1257, 16.7391 ], [ -98.128, 16.7452 ], [ -98.1242, 16.7496 ], [ -98.1339, 16.7509 ], [ -98.1354, 16.7574 ] ] ] } },
{ "type": "Feature", "properties": { "cvegeo": "20186", "municipio_inegi": "San Juan Cieneguilla", "clave": "san juan cieneguilla", "region": "Mixteca", "sin_dato_siap": false }, "geometry": { "type": "Polygon", "coordinates": [ [ [ -98.2821, 17.9345 ], [ -98.2733, 17.9224 ], [ -98.2627, 17.9277 ], [ -98.2612, 17.9223 ], [ -98.2702, 17.9156 ], [ -98.2585, 17.9033 ], [ -98.2583, 17.8955 ], [ -98.2535, 17.8894 ], [ -98.2548, 17.8836 ], [ -98.2475, 17.8832 ], [ -98.2465, 17.8784 ], [ -98.2097, 17.8798 ], [ -98.2071, 17.887 ], [ -98.2009, 17.8739 ], [ -98.1992, 17.8419 ], [ -98.2079, 17.8245 ], [ -98.2169, 17.8167 ], [ -98.2259, 17.819 ], [ -98.2313, 17.8154 ], [ -98.2409, 17.8188 ], [ -98.2491, 17.8414 ], [ -98.2494, 17.8612 ], [ -98.2464, 17.8651 ], [ -98.2546, 17.877 ], [ -98.2788, 17.8827 ], [ -98.2853, 17.8741 ], [ -98.2853, 17.8677 ], [ -98.2941, 17.8628 ], [ -98.2835, 17.8559 ], [ -98.2772, 17.8602 ], [ -98.269, 17.854 ], [ -98.2747, 17.8459 ], [ -98.2698, 17.8398 ], [ -98.2682, 17.8253 ], [ -98.276, 17.8313 ], [ -98.2868, 17.8338 ], [ -98.2997, 17.8315 ], [ -98.3061, 17.8369 ], [ -98.3205, 17.8294 ], [ -98.3493, 17.8595 ], [ -98.3318, 17.88 ], [ -98.3285, 17.8791 ], [ -98.32, 17.8879 ], [ -98.3168, 17.8864 ], [ -98.3159, 17.8896 ], [ -98.3024, 17.8927 ], [ -98.3008, 17.9079 ], [ -98.2904, 17.9146 ], [ -98.292, 17.9197 ], [ -98.2821, 17.9345 ] ] ] } },
{ "type": "Feature", "properties": { "cvegeo": "20189", "municipio_inegi": "San Juan Comaltepec", "clave": "san juan comaltepec", "region": "Papaloapan", "sin_dato_siap": false }, "geometry": { "type": "Polygon", "coordinates": [ [ [ -95.9923, 17.3809 ], [ -95.9692, 17.3799 ], [ -95.9555, 17.3715 ], [ -95.9449, 17.3435 ], [ -95.9325, 17.341 ], [ -95.9331, 17.3386 ], [ -95.9302, 17.3423 ], [ -95.9193, 17.3384 ], [ -95.9156, 17.3406 ], [ -95.9164, 17.3365 ], [ -95.9082, 17.3331 ], [ -95.8864, 17.335 ], [ -95.8834, 17.3393 ], [ -95.8809, 17.3351 ], [ -95.887, 17.3304 ], [ -95.8843, 17.3265 ], [ -95.8905, 17.315 ], [ -95.8887, 17.3053 ], [ -95.8939, 17.303 ], [ -95.9021, 17.2789 ], [ -95.8996, 17.273 ], [ -95.9246, 17.2725 ], [ -95.9353, 17.2795 ], [ -95.9384, 17.2765 ], [ -95.9413, 17.2785 ], [ -95.9395, 17.2823 ], [ -95.9498, 17.2912 ], [ -95.9696, 17.2866 ], [ -95.9727, 17.2942 ], [ -95.9677, 17.3019 ], [ -95.9781, 17.3129 ], [ -95.9866, 17.31 ], [ -95.9964, 17.3167 ], [ -95.9895, 17.3199 ], [ -95.9934, 17.3331 ], [ -96.0096, 17.3419 ], [ -96.0284, 17.342 ], [ -96.0316, 17.3472 ], [ -96.0384, 17.3437 ], [ -96.0449, 17.3651 ], [ -96.0367, 17.3626 ], [ -96.0312, 17.3686 ], [ -96.0241, 17.3649 ], [ -96.0195, 17.3703 ], [ -96.0097, 17.3709 ], [ -96.0077, 17.3781 ], [ -95.9995, 17.3804 ], [ -95.9986, 17.3855 ], [ -95.9923, 17.3809 ] ] ] } },
{ "type": "Feature", "properties": { "cvegeo": "20190", "municipio_inegi": "San Juan Cotzocón", "clave": "san juan cotzocon", "region": "Papaloapan", "sin_dato_siap": false }, "geometry": { "type": "Polygon", "coordinates": [ [ [ -95.2532, 17.6015 ], [ -95.1221, 17.432 ], [ -95.1438, 17.4289 ], [ -95.1389, 17.412 ], [ -95.1526, 17.4113 ], [ -95.1527, 17.4276 ], [ -95.1825, 17.4232 ], [ -95.1868, 17.3722 ], [ -95.1977, 17.3795 ], [ -95.2057, 17.3757 ], [ -95.2166, 17.3796 ], [ -95.2142, 17.368 ], [ -95.2178, 17.3677 ], [ -95.2183, 17.3419 ], [ -95.2279, 17.3532 ], [ -95.2367, 17.3463 ], [ -95.2598, 17.3455 ], [ -95.2607, 17.3723 ], [ -95.2672, 17.3625 ], [ -95.2716, 17.368 ], [ -95.2832, 17.3633 ], [ -95.2859, 17.3613 ], [ -95.2834, 17.3601 ], [ -95.2848, 17.3515 ], [ -95.295, 17.347 ], [ -95.2997, 17.3478 ], [ -95.2983, 17.3583 ], [ -95.3014, 17.3647 ], [ -95.3048, 17.3669 ], [ -95.3183, 17.3552 ], [ -95.3236, 17.3592 ], [ -95.3205, 17.3645 ], [ -95.3296, 17.3617 ], [ -95.3298, 17.372 ], [ -95.3522, 17.3542 ], [ -95.3634, 17.3547 ], [ -95.3677, 17.3588 ], [ -95.3767, 17.3496 ], [ -95.3897, 17.3537 ], [ -95.4097, 17.3514 ], [ -95.4061, 17.3374 ], [ -95.4113, 17.3225 ], [ -95.4044, 17.3073 ], [ -95.4067, 17.3023 ], [ -95.3866, 17.278 ], [ -95.3935, 17.2647 ], [ -95.4005, 17.2689 ], [ -95.4077, 17.2679 ], [ -95.4033, 17.2621 ], [ -95.409, 17.2611 ], [ -95.4149, 17.2655 ], [ -95.4139, 17.2697 ], [ -95.4176, 17.2699 ], [ -95.4234, 17.2607 ], [ -95.4356, 17.2622 ], [ -95.4389, 17.2561 ], [ -95.4426, 17.2677 ], [ -95.4616, 17.264 ], [ -95.4649, 17.2681 ], [ -95.4702, 17.2623 ], [ -95.4795, 17.2611 ], [ -95.5009, 17.2653 ], [ -95.5415, 17.2387 ], [ -95.5278, 17.2748 ], [ -95.536, 17.2759 ], [ -95.5361, 17.2819 ], [ -95.5422, 17.2861 ], [ -95.5352, 17.2861 ], [ -95.5323, 17.292 ], [ -95.5443, 17.2948 ], [ -95.5523, 17.2838 ], [ -95.5585, 17.2845 ], [ -95.5696, 17.2742 ], [ -95.5656, 17.2595 ], [ -95.5567, 17.2564 ], [ -95.5577, 17.2337 ], [ -95.5613, 17.2263 ], [ -95.6016, 17.2101 ], [ -95.6015, 17.168 ], [ -95.633, 17.1584 ], [ -95.637, 17.1311 ], [ -95.6475, 17.1037 ], [ -95.6649, 17.0619 ], [ -95.6715, 17.0577 ], [ -95.6689, 17.0464 ], [ -95.6832, 17.0582 ], [ -95.6927, 17.0233 ], [ -95.698, 17.0259 ], [ -95.6986, 17.0302 ], [ -95.7041, 17.0277 ], [ -95.7096, 17.0329 ], [ -95.7182, 17.0278 ], [ -95.7374, 17.0346 ], [ -95.747, 17.0324 ], [ -95.7639, 17.0429 ], [ -95.7666, 17.05 ], [ -95.775, 17.0476 ], [ -95.7755, 17.0526 ], [ -95.7785, 17.051 ], [ -95.7874, 17.0602 ], [ -95.7874, 17.0667 ], [ -95.7787, 17.0729 ], [ -95.7855, 17.0759 ], [ -95.7824, 17.0801 ], [ -95.8234, 17.1293 ], [ -95.8035, 17.1548 ], [ -95.8156, 17.1735 ], [ -95.8113, 17.1865 ], [ -95.8238, 17.1855 ], [ -95.8421, 17.2041 ], [ -95.8198, 17.208 ], [ -95.7968, 17.2043 ], [ -95.7907, 17.2149 ], [ -95.7798, 17.2191 ], [ -95.7908, 17.222 ], [ -95.8053, 17.2361 ], [ -95.7887, 17.2546 ], [ -95.7731, 17.2646 ], [ -95.7683, 17.2624 ], [ -95.7505, 17.2657 ], [ -95.7429, 17.2836 ], [ -95.739, 17.2833 ], [ -95.7392, 17.2788 ], [ -95.7302, 17.2818 ], [ -95.73, 17.2752 ], [ -95.7256, 17.2766 ], [ -95.7152, 17.2703 ], [ -95.7125, 17.2636 ], [ -95.7153, 17.254 ], [ -95.6959, 17.242 ], [ -95.6951, 17.2362 ], [ -95.6811, 17.2348 ], [ -95.6738, 17.2413 ], [ -95.6787, 17.2492 ], [ -95.6754, 17.2519 ], [ -95.6722, 17.2473 ], [ -95.6677, 17.2548 ], [ -95.665, 17.2718 ], [ -95.672, 17.2734 ], [ -95.6724, 17.2776 ], [ -95.6657, 17.2775 ], [ -95.6705, 17.284 ], [ -95.6678, 17.2884 ], [ -95.66, 17.2906 ], [ -95.6587, 17.2972 ], [ -95.6625, 17.2991 ], [ -95.6471, 17.3088 ], [ -95.652, 17.3124 ], [ -95.6483, 17.319 ], [ -95.6324, 17.3218 ], [ -95.6156, 17.3407 ], [ -95.6104, 17.342 ], [ -95.6037, 17.3509 ], [ -95.6037, 17.3633 ], [ -95.5929, 17.3685 ], [ -95.5978, 17.3745 ], [ -95.579, 17.3752 ], [ -95.5783, 17.3833 ], [ -95.5721, 17.3859 ], [ -95.5693, 17.3967 ], [ -95.5659, 17.3938 ], [ -95.5574, 17.3972 ], [ -95.5511, 17.3953 ], [ -95.5509, 17.399 ], [ -95.5631, 17.4076 ], [ -95.5603, 17.4227 ], [ -95.5533, 17.4228 ], [ -95.5513, 17.4295 ], [ -95.5457, 17.4212 ], [ -95.5357, 17.4223 ], [ -95.5276, 17.4354 ], [ -95.5153, 17.4441 ], [ -95.5133, 17.4536 ], [ -95.509, 17.4506 ], [ -95.5089, 17.4428 ], [ -95.5042, 17.4407 ], [ -95.4985, 17.4469 ], [ -95.49, 17.4418 ], [ -95.4769, 17.4529 ], [ -95.4679, 17.4486 ], [ -95.4566, 17.451 ], [ -95.446, 17.4414 ], [ -95.443, 17.4484 ], [ -95.431, 17.4525 ], [ -95.4341, 17.4622 ], [ -95.427, 17.4579 ], [ -95.4197, 17.462 ], [ -95.4067, 17.4539 ], [ -95.4104, 17.4706 ], [ -95.3961, 17.4621 ], [ -95.3924, 17.464 ], [ -95.3923, 17.4708 ], [ -95.3866, 17.4731 ], [ -95.3893, 17.4798 ], [ -95.3801, 17.4761 ], [ -95.3716, 17.4815 ], [ -95.3701, 17.4882 ], [ -95.3605, 17.4917 ], [ -95.3537, 17.4876 ], [ -95.3509, 17.4898 ], [ -95.3556, 17.4936 ], [ -95.3498, 17.4933 ], [ -95.3485, 17.501 ], [ -95.342, 17.503 ], [ -95.3476, 17.5116 ], [ -95.3452, 17.5172 ], [ -95.3298, 17.5107 ], [ -95.3257, 17.5043 ], [ -95.3146, 17.5084 ], [ -95.3128, 17.5157 ], [ -95.3276, 17.5255 ], [ -95.327, 17.531 ], [ -95.3145, 17.5394 ], [ -95.3016, 17.5402 ], [ -95.2912, 17.5342 ], [ -95.285, 17.5464 ], [ -95.2662, 17.5463 ], [ -95.2675, 17.5521 ], [ -95.275, 17.5519 ], [ -95.2778, 17.5552 ], [ -95.2687, 17.5558 ], [ -95.2642, 17.5599 ], [ -95.2708, 17.5709 ], [ -95.2637, 17.5724 ], [ -95.2642, 17.5817 ], [ -95.2567, 17.5815 ], [ -95.2556, 17.5897 ], [ -95.2601, 17.594 ], [ -95.2532, 17.6015 ] ] ] } },
{ "type": "Feature", "properties": { "cvegeo": "20192", "municipio_inegi": "San Juan Chilateca", "clave": "san juan chilateca", "region": "Valles Centrales", "sin_dato_siap": false }, "geometry": { "type": "Polygon", "coordinates": [ [ [ -96.6817, 16.8367 ], [ -96.662, 16.8361 ], [ -96.6557, 16.8274 ], [ -96.6591, 16.816 ], [ -96.6724, 16.8236 ], [ -96.6764, 16.8245 ], [ -96.6748, 16.8215 ], [ -96.6894, 16.8268 ], [ -96.6881, 16.8356 ], [ -96.6823, 16.8338 ], [ -96.6813, 16.8393 ], [ -96.6817, 16.8367 ] ] ] } },
{ "type": "Feature", "properties": { "cvegeo": "20193", "municipio_inegi": "San Juan del Estado", "clave": "san juan del estado", "region": "Valles Centrales", "sin_dato_siap": false }, "geometry": { "type": "Polygon", "coordinates": [ [ [ -96.8175, 17.4055 ], [ -96.7236, 17.3608 ], [ -96.7338, 17.3551 ], [ -96.7196, 17.3294 ], [ -96.7137, 17.3043 ], [ -96.7295, 17.2917 ], [ -96.7796, 17.2682 ], [ -96.8065, 17.262 ], [ -96.8071, 17.2684 ], [ -96.8162, 17.2786 ], [ -96.833, 17.2842 ], [ -96.8224, 17.3489 ], [ -96.8109, 17.3834 ], [ -96.8222, 17.3795 ], [ -96.8437, 17.3831 ], [ -96.8206, 17.3936 ], [ -96.8224, 17.4003 ], [ -96.8175, 17.4055 ] ] ] } },
{ "type": "Feature", "properties": { "cvegeo": "20480", "municipio_inegi": "Santiago Nundiche", "clave": "santiago nundiche", "region": "Mixteca", "sin_dato_siap": false }, "geometry": { "type": "Polygon", "coordinates": [ [ [ -97.6259, 17.369 ], [ -97.6346, 17.3457 ], [ -97.6457, 17.3433 ], [ -97.6463, 17.334 ], [ -97.6586, 17.3221 ], [ -97.6797, 17.3215 ], [ -97.6933, 17.311 ], [ -97.7508, 17.2968 ], [ -97.7694, 17.2999 ], [ -97.7605, 17.3484 ], [ -97.7471, 17.352 ], [ -97.7398, 17.3481 ], [ -97.6981, 17.352 ], [ -97.6815, 17.3587 ], [ -97.6503, 17.3796 ], [ -97.6259, 17.369 ] ] ] } },
{ "type": "Feature", "properties": { "cvegeo": "20194", "municipio_inegi": "San Juan del Río", "clave": "san juan del rio", "region": "Valles Centrales", "sin_dato_siap": false }, "geometry": { "type": "Polygon", "coordinates": [ [ [ -96.1418, 16.9215 ], [ -96.1247, 16.9192 ], [ -96.1117, 16.9076 ], [ -96.1044, 16.9082 ], [ -96.09, 16.8983 ], [ -96.1363, 16.8648 ], [ -96.1605, 16.8585 ], [ -96.1818, 16.8576 ], [ -96.1899, 16.8638 ], [ -96.2024, 16.8649 ], [ -96.2304, 16.8778 ], [ -96.2178, 16.8975 ], [ -96.2127, 16.8996 ], [ -96.2039, 16.8952 ], [ -96.1916, 16.9157 ], [ -96.1659, 16.9244 ], [ -96.1565, 16.9372 ], [ -96.1418, 16.9215 ] ] ] } },
{ "type": "Feature", "properties": { "cvegeo": "20195", "municipio_inegi": "San Juan Diuxi", "clave": "san juan diuxi", "region": "Mixteca", "sin_dato_siap": false }, "geometry": { "type": "Polygon", "coordinates": [ [ [ -97.3902, 17.3018 ], [ -97.3685, 17.2964 ], [ -97.3489, 17.284 ], [ -97.3559, 17.279 ], [ -97.3619, 17.2675 ], [ -97.3603, 17.2554 ], [ -97.3574, 17.2546 ], [ -97.3793, 17.2555 ], [ -97.3902, 17.2495 ], [ -97.3993, 17.2492 ], [ -97.3997, 17.2382 ], [ -97.4102, 17.2327 ], [ -97.4134, 17.2343 ], [ -97.4085, 17.2526 ], [ -97.4104, 17.2826 ], [ -97.4141, 17.2856 ], [ -97.4206, 17.3156 ], [ -97.3915, 17.3083 ], [ -97.3961, 17.3065 ], [ -97.3902, 17.3018 ] ] ] } },
{ "type": "Feature", "properties": { "cvegeo": "20200", "municipio_inegi": "San Juan Juquila Mixes", "clave": "san juan juquila mixes", "region": "Sierra Juárez", "sin_dato_siap": false }, "geometry": { "type": "Polygon", "coordinates": [ [ [ -95.9335, 17.0002 ], [ -95.9089, 16.9958 ], [ -95.9064, 16.9914 ], [ -95.9039, 16.9954 ], [ -95.8919, 16.9889 ], [ -95.8789, 16.9935 ], [ -95.8741, 16.988 ], [ -95.8696, 16.9881 ], [ -95.8765, 16.9722 ], [ -95.8573, 16.9627 ], [ -95.8667, 16.9604 ], [ -95.8735, 16.9641 ], [ -95.8804, 16.9601 ], [ -95.8777, 16.9564 ], [ -95.8698, 16.9569 ], [ -95.8739, 16.9407 ], [ -95.867, 16.9325 ], [ -95.8441, 16.9381 ], [ -95.8437, 16.9222 ], [ -95.8477, 16.919 ], [ -95.8482, 16.9122 ], [ -95.846, 16.9035 ], [ -95.8255, 16.9082 ], [ -95.8366, 16.8995 ], [ -95.8394, 16.8908 ], [ -95.8363, 16.887 ], [ -95.8142, 16.8902 ], [ -95.7776, 16.8864 ], [ -95.7929, 16.8552 ], [ -95.8373, 16.7997 ], [ -95.8421, 16.7784 ], [ -95.8587, 16.7788 ], [ -95.8815, 16.7646 ], [ -95.8774, 16.7478 ], [ -95.8821, 16.7491 ], [ -95.8893, 16.7426 ], [ -95.8965, 16.7431 ], [ -95.9075, 16.7376 ], [ -95.9128, 16.7679 ], [ -95.9073, 16.7927 ], [ -95.9509, 16.8244 ], [ -95.9715, 16.8447 ], [ -95.9765, 16.8596 ], [ -95.9643, 16.8773 ], [ -95.9703, 16.9068 ], [ -95.953, 16.9344 ], [ -95.9452, 16.995 ], [ -95.9355, 16.9957 ], [ -95.9335, 17.0002 ] ] ] } },
{ "type": "Feature", "properties": { "cvegeo": "20481", "municipio_inegi": "Santiago Nuyoó", "clave": "santiago nuyoo", "region": "Mixteca", "sin_dato_siap": false }, "geometry": { "type": "Polygon", "coordinates": [ [ [ -97.758, 17.0688 ], [ -97.7426, 17.0709 ], [ -97.7525, 17.0632 ], [ -97.7522, 17.0588 ], [ -97.7381, 17.0547 ], [ -97.7343, 17.0335 ], [ -97.728, 17.0264 ], [ -97.7301, 17.0171 ], [ -97.7183, 16.9941 ], [ -97.726, 16.9865 ], [ -97.744, 16.9782 ], [ -97.7341, 16.9714 ], [ -97.7277, 16.9721 ], [ -97.7317, 16.9668 ], [ -97.7372, 16.9679 ], [ -97.7546, 16.9583 ], [ -97.7595, 16.9609 ], [ -97.7553, 16.9734 ], [ -97.7756, 16.9717 ], [ -97.8104, 16.9602 ], [ -97.8234, 16.9504 ], [ -97.8262, 16.9441 ], [ -97.8304, 16.9452 ], [ -97.8238, 16.9645 ], [ -97.817, 16.967 ], [ -97.8085, 16.9617 ], [ -97.8014, 16.9654 ], [ -97.7982, 16.9757 ], [ -97.7895, 16.9791 ], [ -97.7871, 16.9947 ], [ -97.795, 17.0004 ], [ -97.794, 17.0113 ], [ -97.7822, 17.0179 ], [ -97.7721, 17.0084 ], [ -97.7611, 17.038 ], [ -97.7617, 17.0436 ], [ -97.7696, 17.0503 ], [ -97.7746, 17.0766 ], [ -97.758, 17.0688 ] ] ] } },
{ "type": "Feature", "properties": { "cvegeo": "20482", "municipio_inegi": "Santiago Pinotepa Nacional", "clave": "santiago pinotepa nacional", "region": "Costa", "sin_dato_siap": false }, "geometry": { "type": "Polygon", "coordinates": [ [ [ -98.1949, 16.4764 ], [ -98.1879, 16.4719 ], [ -98.1942, 16.4682 ], [ -98.1968, 16.4535 ], [ -98.157, 16.4511 ], [ -98.1544, 16.4291 ], [ -98.1486, 16.4273 ], [ -98.1446, 16.4336 ], [ -98.1427, 16.4203 ], [ -98.125, 16.4103 ], [ -98.1232, 16.4029 ], [ -98.1169, 16.4046 ], [ -98.1097, 16.3972 ], [ -98.0908, 16.3992 ], [ -98.0858, 16.3932 ], [ -98.0624, 16.3932 ], [ -98.0442, 16.4007 ], [ -98.0353, 16.3997 ], [ -98.0101, 16.4227 ], [ -97.9933, 16.4098 ], [ -98.0077, 16.3873 ], [ -98.0008, 16.381 ], [ -98.0061, 16.3786 ], [ -97.9834, 16.3556 ], [ -97.9961, 16.3491 ], [ -98.0015, 16.3419 ], [ -97.9846, 16.3307 ], [ -97.9758, 16.3363 ], [ -97.9512, 16.3137 ], [ -97.9739, 16.2996 ], [ -97.9887, 16.3179 ], [ -97.9949, 16.3153 ], [ -98.003, 16.2996 ], [ -97.9948, 16.294 ], [ -98.0074, 16.2854 ], [ -98.0046, 16.2768 ], [ -97.9918, 16.2737 ], [ -97.9675, 16.2489 ], [ -97.9748, 16.239 ], [ -97.9666, 16.2339 ], [ -97.9618, 16.2209 ], [ -97.9636, 16.2052 ], [ -97.9715, 16.1942 ], [ -97.965, 16.1799 ], [ -97.9725, 16.1565 ], [ -97.9841, 16.1441 ], [ -97.9837, 16.1341 ], [ -97.9949, 16.1296 ], [ -97.9895, 16.1154 ], [ -98.1054, 16.1784 ], [ -98.1862, 16.2122 ], [ -98.1917, 16.2212 ], [ -98.2067, 16.2296 ], [ -98.246, 16.2421 ], [ -98.3283, 16.2581 ], [ -98.3242, 16.3089 ], [ -98.3094, 16.3528 ], [ -98.2957, 16.3574 ], [ -98.2382, 16.3407 ], [ -98.2376, 16.3474 ], [ -98.2008, 16.373 ], [ -98.1978, 16.3874 ], [ -98.2124, 16.4046 ], [ -98.2203, 16.4057 ], [ -98.2166, 16.4366 ], [ -98.2069, 16.4393 ], [ -98.2067, 16.4528 ], [ -98.2126, 16.4591 ], [ -98.2079, 16.4759 ], [ -98.1949, 16.4764 ] ] ] } },
{ "type": "Feature", "properties": { "cvegeo": "20201", "municipio_inegi": "San Juan Juquila Vijanos", "clave": "san juan juquila vijanos", "region": "Sierra Juárez", "sin_dato_siap": false }, "geometry": { "type": "Polygon", "coordinates": [ [ [ -96.3132, 17.3682 ], [ -96.3048, 17.3622 ], [ -96.2873, 17.3626 ], [ -96.2774, 17.3528 ], [ -96.2734, 17.3603 ], [ -96.2711, 17.3582 ], [ -96.2758, 17.3523 ], [ -96.2734, 17.3438 ], [ -96.2771, 17.3411 ], [ -96.2639, 17.3329 ], [ -96.2546, 17.3362 ], [ -96.2442, 17.3126 ], [ -96.254, 17.3156 ], [ -96.2532, 17.3078 ], [ -96.2667, 17.3021 ], [ -96.2725, 17.2929 ], [ -96.2816, 17.297 ], [ -96.3402, 17.301 ], [ -96.3536, 17.292 ], [ -96.3543, 17.3009 ], [ -96.3633, 17.3123 ], [ -96.3419, 17.3321 ], [ -96.3153, 17.3381 ], [ -96.3202, 17.344 ], [ -96.311, 17.3485 ], [ -96.3172, 17.3546 ], [ -96.3187, 17.3644 ], [ -96.3132, 17.3682 ] ] ] } },
{ "type": "Feature", "properties": { "cvegeo": "20202", "municipio_inegi": "San Juan Lachao", "clave": "san juan lachao", "region": "Costa", "sin_dato_siap": false }, "geometry": { "type": "Polygon", "coordinates": [ [ [ -97.0887, 16.2669 ], [ -97.0776, 16.2712 ], [ -97.0758, 16.2628 ], [ -97.062, 16.2453 ], [ -97.0513, 16.2448 ], [ -97.0429, 16.2356 ], [ -97.0271, 16.2324 ], [ -97.019, 16.2161 ], [ -97.0215, 16.201 ], [ -97.0148, 16.1909 ], [ -97.0184, 16.1879 ], [ -97.0216, 16.1934 ], [ -97.0295, 16.1886 ], [ -97.0342, 16.1936 ], [ -97.0283, 16.2002 ], [ -97.0287, 16.2126 ], [ -97.0589, 16.2084 ], [ -97.0646, 16.202 ], [ -97.0563, 16.1364 ], [ -97.065, 16.1398 ], [ -97.0604, 16.1367 ], [ -97.1026, 16.1306 ], [ -97.1044, 16.1237 ], [ -97.1113, 16.1225 ], [ -97.1159, 16.1234 ], [ -97.1048, 16.1309 ], [ -97.1179, 16.1313 ], [ -97.1252, 16.136 ], [ -97.1244, 16.1391 ], [ -97.146, 16.1376 ], [ -97.1494, 16.1408 ], [ -97.1449, 16.1698 ], [ -97.1479, 16.1726 ], [ -97.1612, 16.1674 ], [ -97.1618, 16.1623 ], [ -97.1724, 16.1673 ], [ -97.18, 16.2069 ], [ -97.1993, 16.1938 ], [ -97.2163, 16.2465 ], [ -97.2138, 16.2479 ], [ -97.2127, 16.2439 ], [ -97.2047, 16.2493 ], [ -97.2001, 16.2466 ], [ -97.199, 16.2393 ], [ -97.1937, 16.2473 ], [ -97.1942, 16.2446 ], [ -97.1906, 16.2458 ], [ -97.1845, 16.2413 ], [ -97.1806, 16.2563 ], [ -97.1732, 16.2576 ], [ -97.1692, 16.2642 ], [ -97.1614, 16.2644 ], [ -97.1301, 16.2877 ], [ -97.1108, 16.2823 ], [ -97.0887, 16.2669 ] ] ] } },
{ "type": "Feature", "properties": { "cvegeo": "20203", "municipio_inegi": "San Juan Lachigalla", "clave": "san juan lachigalla", "region": "Valles Centrales", "sin_dato_siap": false }, "geometry": { "type": "Polygon", "coordinates": [ [ [ -96.545, 16.6101 ], [ -96.5135, 16.6088 ], [ -96.496, 16.5982 ], [ -96.477, 16.5925 ], [ -96.5033, 16.5443 ], [ -96.5057, 16.516 ], [ -96.5224, 16.5135 ], [ -96.5295, 16.5209 ], [ -96.5369, 16.5184 ], [ -96.5384, 16.5244 ], [ -96.561, 16.5205 ], [ -96.5742, 16.5291 ], [ -96.593, 16.5285 ], [ -96.6016, 16.602 ], [ -96.5937, 16.6185 ], [ -96.545, 16.6101 ] ] ] } },
{ "type": "Feature", "properties": { "cvegeo": "20206", "municipio_inegi": "San Juan de los Cués", "clave": "san juan de los cues", "region": "Cañada", "sin_dato_siap": false }, "geometry": { "type": "Polygon", "coordinates": [ [ [ -96.9663, 18.0902 ], [ -96.9889, 18.0602 ], [ -96.9832, 18.027 ], [ -97.0456, 17.9769 ], [ -97.0468, 17.9844 ], [ -97.0414, 17.9883 ], [ -97.0624, 17.9994 ], [ -97.0683, 17.9921 ], [ -97.0889, 18.0094 ], [ -97.1142, 18.0418 ], [ -97.1169, 18.0593 ], [ -97.1099, 18.0701 ], [ -97.0736, 18.067 ], [ -96.9677, 18.1105 ], [ -96.9663, 18.0902 ] ] ] } },
{ "type": "Feature", "properties": { "cvegeo": "20207", "municipio_inegi": "San Juan Mazatlán", "clave": "san juan mazatlan", "region": "Istmo", "sin_dato_siap": false }, "geometry": { "type": "Polygon", "coordinates": [ [ [ -95.2607, 17.3723 ], [ -95.2598, 17.3455 ], [ -95.2367, 17.3463 ], [ -95.2279, 17.3532 ], [ -95.2183, 17.3419 ], [ -95.2184, 17.3341 ], [ -95.2034, 17.3155 ], [ -95.1684, 17.3223 ], [ -95.1889, 17.3498 ], [ -95.1928, 17.3567 ], [ -95.1902, 17.359 ], [ -95.1898, 17.3558 ], [ -95.1791, 17.3565 ], [ -95.1782, 17.352 ], [ -95.1688, 17.352 ], [ -95.1684, 17.3546 ], [ -95.1442, 17.3511 ], [ -95.1436, 17.3557 ], [ -95.1353, 17.3544 ], [ -95.1416, 17.3131 ], [ -95.1925, 17.311 ], [ -95.1895, 17.2941 ], [ -95.1949, 17.2873 ], [ -95.195, 17.2782 ], [ -95.248, 17.2796 ], [ -95.2482, 17.308 ], [ -95.2441, 17.308 ], [ -95.2441, 17.3117 ], [ -95.2658, 17.3117 ], [ -95.27, 17.2814 ], [ -95.263, 17.2765 ], [ -95.2647, 17.265 ], [ -95.2717, 17.2696 ], [ -95.2749, 17.2452 ], [ -95.2609, 17.2472 ], [ -95.2616, 17.2385 ], [ -95.2343, 17.2366 ], [ -95.2346, 17.2408 ], [ -95.2243, 17.2398 ], [ -95.2257, 17.2445 ], [ -95.2078, 17.2439 ], [ -95.2086, 17.2487 ], [ -95.198, 17.2476 ], [ -95.199, 17.2524 ], [ -95.1955, 17.2523 ], [ -95.1925, 17.2335 ], [ -95.2189, 17.2354 ], [ -95.2022, 17.2118 ], [ -95.2018, 17.1983 ], [ -95.2086, 17.1989 ], [ -95.2088, 17.1945 ], [ -95.22, 17.1955 ], [ -95.2199, 17.1916 ], [ -95.2721, 17.1909 ], [ -95.2813, 17.1925 ], [ -95.2814, 17.1969 ], [ -95.2689, 17.1972 ], [ -95.2692, 17.208 ], [ -95.3005, 17.2074 ], [ -95.297, 17.1489 ], [ -95.2806, 17.1496 ], [ -95.282, 17.1737 ], [ -95.2488, 17.1752 ], [ -95.2457, 17.144 ], [ -95.2008, 17.1435 ], [ -95.201, 17.139 ], [ -95.1756, 17.1392 ], [ -95.1689, 17.1488 ], [ -95.1541, 17.1489 ], [ -95.1541, 17.1392 ], [ -95.1417, 17.1394 ], [ -95.1415, 17.1196 ], [ -95.1503, 17.1193 ], [ -95.1554, 17.0873 ], [ -95.1572, 17.1116 ], [ -95.1619, 17.1116 ], [ -95.162, 17.1053 ], [ -95.2147, 17.1078 ], [ -95.2152, 17.1177 ], [ -95.2295, 17.1187 ], [ -95.2294, 17.1271 ], [ -95.2911, 17.1224 ], [ -95.2951, 17.0884 ], [ -95.2816, 17.0795 ], [ -95.24, 17.0816 ], [ -95.2518, 17.0574 ], [ -95.2556, 17.0336 ], [ -95.2641, 17.0356 ], [ -95.2508, 17.0066 ], [ -95.2357, 17.0043 ], [ -95.2288, 16.9964 ], [ -95.2403, 16.9875 ], [ -95.243, 16.9809 ], [ -95.2586, 16.9851 ], [ -95.2677, 16.9919 ], [ -95.2724, 16.9888 ], [ -95.2835, 16.9911 ], [ -95.2882, 16.9861 ], [ -95.3008, 16.9855 ], [ -95.306, 16.9811 ], [ -95.312, 16.9832 ], [ -95.3165, 16.9774 ], [ -95.3142, 16.9561 ], [ -95.3221, 16.9585 ], [ -95.3211, 16.9511 ], [ -95.324, 16.9491 ], [ -95.3335, 16.9557 ], [ -95.3484, 16.9355 ], [ -95.3412, 16.9303 ], [ -95.3399, 16.9249 ], [ -95.347, 16.9272 ], [ -95.3539, 16.9238 ], [ -95.3599, 16.9283 ], [ -95.3659, 16.9217 ], [ -95.3788, 16.9285 ], [ -95.3829, 16.9411 ], [ -95.4061, 16.9484 ], [ -95.4084, 16.955 ], [ -95.4123, 16.949 ], [ -95.4328, 16.9377 ], [ -95.4407, 16.9481 ], [ -95.4484, 16.925 ], [ -95.4933, 16.9738 ], [ -95.4984, 16.972 ], [ -95.4976, 16.9679 ], [ -95.504, 16.96 ], [ -95.5399, 16.9482 ], [ -95.5506, 16.9658 ], [ -95.5574, 16.9636 ], [ -95.5619, 16.968 ], [ -95.5666, 16.9654 ], [ -95.5632, 16.9817 ], [ -95.5822, 16.9898 ], [ -95.6014, 16.9787 ], [ -95.6483, 16.9815 ], [ -95.649, 16.9638 ], [ -95.6687, 16.9595 ], [ -95.6907, 16.9881 ], [ -95.6965, 17.0093 ], [ -95.6832, 17.0582 ], [ -95.6689, 17.0464 ], [ -95.6715, 17.0577 ], [ -95.6649, 17.0619 ], [ -95.6475, 17.1037 ], [ -95.637, 17.1311 ], [ -95.633, 17.1584 ], [ -95.6015, 17.168 ], [ -95.6016, 17.2101 ], [ -95.5613, 17.2263 ], [ -95.5577, 17.2337 ], [ -95.5567, 17.2564 ], [ -95.5656, 17.2595 ], [ -95.5696, 17.2736 ], [ -95.5639, 17.2804 ], [ -95.5549, 17.2859 ], [ -95.5523, 17.2838 ], [ -95.5503, 17.2901 ], [ -95.5464, 17.2899 ], [ -95.5409, 17.2962 ], [ -95.5323, 17.292 ], [ -95.5352, 17.2861 ], [ -95.5422, 17.2861 ], [ -95.5361, 17.2819 ], [ -95.536, 17.2759 ], [ -95.5278, 17.2748 ], [ -95.5415, 17.2387 ], [ -95.5009, 17.2653 ], [ -95.4795, 17.2611 ], [ -95.4702, 17.2623 ], [ -95.4649, 17.2681 ], [ -95.4616, 17.264 ], [ -95.4426, 17.2677 ], [ -95.4389, 17.2561 ], [ -95.4356, 17.2622 ], [ -95.4234, 17.2607 ], [ -95.4176, 17.2699 ], [ -95.4139, 17.2697 ], [ -95.4149, 17.2655 ], [ -95.409, 17.2611 ], [ -95.4033, 17.2621 ], [ -95.4077, 17.2679 ], [ -95.4005, 17.2689 ], [ -95.3935, 17.2647 ], [ -95.3866, 17.278 ], [ -95.4067, 17.3023 ], [ -95.4044, 17.3073 ], [ -95.4113, 17.3225 ], [ -95.4061, 17.3374 ], [ -95.4102, 17.351 ], [ -95.3897, 17.3537 ], [ -95.3767, 17.3496 ], [ -95.3677, 17.3588 ], [ -95.3634, 17.3547 ], [ -95.3522, 17.3542 ], [ -95.3298, 17.372 ], [ -95.3296, 17.3617 ], [ -95.3205, 17.3645 ], [ -95.3236, 17.3592 ], [ -95.3183, 17.3552 ], [ -95.3048, 17.3669 ], [ -95.3014, 17.3647 ], [ -95.2983, 17.3583 ], [ -95.2997, 17.3478 ], [ -95.295, 17.347 ], [ -95.2848, 17.3515 ], [ -95.2834, 17.3601 ], [ -95.2859, 17.3613 ], [ -95.2832, 17.3633 ], [ -95.2716, 17.368 ], [ -95.2672, 17.3625 ], [ -95.2607, 17.3723 ] ] ] } },
{ "type": "Feature", "properties": { "cvegeo": "20210", "municipio_inegi": "San Juan Ñumí", "clave": "san juan numi", "region": "Mixteca", "sin_dato_siap": false }, "geometry": { "type": "Polygon", "coordinates": [ [ [ -97.8279, 17.525 ], [ -97.8153, 17.5211 ], [ -97.8041, 17.5251 ], [ -97.8034, 17.5086 ], [ -97.7937, 17.4918 ], [ -97.7831, 17.4834 ], [ -97.7014, 17.4553 ], [ -97.6982, 17.4452 ], [ -97.667, 17.4181 ], [ -97.6624, 17.4082 ], [ -97.6549, 17.4031 ], [ -97.6563, 17.3907 ], [ -97.6503, 17.3796 ], [ -97.6815, 17.3587 ], [ -97.6981, 17.352 ], [ -97.7398, 17.3481 ], [ -97.7471, 17.352 ], [ -97.7605, 17.3484 ], [ -97.7851, 17.397 ], [ -97.8372, 17.4351 ], [ -97.8458, 17.4632 ], [ -97.8456, 17.5028 ], [ -97.8355, 17.5218 ], [ -97.8279, 17.525 ] ] ] } },
{ "type": "Feature", "properties": { "cvegeo": "20211", "municipio_inegi": "San Juan Ozolotepec", "clave": "san juan ozolotepec", "region": "Valles Centrales", "sin_dato_siap": false }, "geometry": { "type": "Polygon", "coordinates": [ [ [ -96.2075, 16.1644 ], [ -96.1934, 16.1699 ], [ -96.1487, 16.1536 ], [ -96.1206, 16.1501 ], [ -96.1026, 16.1626 ], [ -96.0872, 16.1562 ], [ -96.1074, 16.1468 ], [ -96.1135, 16.1393 ], [ -96.1194, 16.1142 ], [ -96.1339, 16.0958 ], [ -96.1318, 16.0756 ], [ -96.142, 16.0505 ], [ -96.1371, 16.0379 ], [ -96.1423, 16.0457 ], [ -96.1714, 16.0432 ], [ -96.1719, 16.039 ], [ -96.1667, 16.0342 ], [ -96.1716, 16.0232 ], [ -96.1686, 16.0195 ], [ -96.1706, 16.0123 ], [ -96.176, 16.0095 ], [ -96.1862, 16.0089 ], [ -96.1872, 16.0166 ], [ -96.1931, 16.0193 ], [ -96.2014, 16.0194 ], [ -96.2101, 16.0136 ], [ -96.2148, 16.0291 ], [ -96.2241, 16.0231 ], [ -96.2363, 16.0309 ], [ -96.2337, 16.0361 ], [ -96.2382, 16.0352 ], [ -96.2567, 16.0462 ], [ -96.2648, 16.0468 ], [ -96.2686, 16.051 ], [ -96.2666, 16.0709 ], [ -96.2626, 16.0749 ], [ -96.2654, 16.0781 ], [ -96.2592, 16.079 ], [ -96.3097, 16.0885 ], [ -96.3115, 16.0921 ], [ -96.2744, 16.1649 ], [ -96.2546, 16.1869 ], [ -96.2174, 16.1853 ], [ -96.2176, 16.1736 ], [ -96.2075, 16.1644 ] ], [ [ -96.2432, 16.117 ], [ -96.2215, 16.0861 ], [ -96.2097, 16.0863 ], [ -96.2066, 16.0831 ], [ -96.2115, 16.0838 ], [ -96.2223, 16.0772 ], [ -96.2302, 16.0634 ], [ -96.2083, 16.0506 ], [ -96.1765, 16.0564 ], [ -96.1794, 16.0663 ], [ -96.1717, 16.0708 ], [ -96.1755, 16.0756 ], [ -96.1627, 16.0825 ], [ -96.1647, 16.1003 ], [ -96.1602, 16.1015 ], [ -96.1745, 16.1125 ], [ -96.1971, 16.1161 ], [ -96.2081, 16.1458 ], [ -96.2432, 16.117 ] ] ] } },
{ "type": "Feature", "properties": { "cvegeo": "20212", "municipio_inegi": "San Juan Petlapa", "clave": "san juan petlapa", "region": "Papaloapan", "sin_dato_siap": false }, "geometry": { "type": "Polygon", "coordinates": [ [ [ -96.0538, 17.5753 ], [ -96.0256, 17.5731 ], [ -96.0219, 17.563 ], [ -96.017, 17.5598 ], [ -96.0208, 17.5568 ], [ -96.0163, 17.5523 ], [ -96.0072, 17.5478 ], [ -95.9978, 17.5486 ], [ -95.9943, 17.5396 ], [ -95.9969, 17.5211 ], [ -95.9679, 17.5005 ], [ -95.9752, 17.4922 ], [ -95.962, 17.4609 ], [ -95.968, 17.4535 ], [ -95.9752, 17.4555 ], [ -95.9976, 17.4494 ], [ -96.0101, 17.4603 ], [ -96.0204, 17.4624 ], [ -96.0188, 17.4538 ], [ -96.0329, 17.4547 ], [ -96.0404, 17.4488 ], [ -96.0427, 17.4306 ], [ -96.0633, 17.4116 ], [ -96.064, 17.4036 ], [ -96.0692, 17.4049 ], [ -96.0854, 17.3905 ], [ -96.0863, 17.3957 ], [ -96.0922, 17.3924 ], [ -96.0979, 17.3965 ], [ -96.1025, 17.4041 ], [ -96.1008, 17.4119 ], [ -96.1263, 17.4444 ], [ -96.1144, 17.4471 ], [ -96.1109, 17.4581 ], [ -96.1007, 17.4665 ], [ -96.1009, 17.4843 ], [ -96.0885, 17.5008 ], [ -96.0903, 17.5089 ], [ -96.0975, 17.5138 ], [ -96.0974, 17.5237 ], [ -96.0928, 17.5288 ], [ -96.0856, 17.528 ], [ -96.0893, 17.538 ], [ -96.0812, 17.5436 ], [ -96.087, 17.5497 ], [ -96.0835, 17.5497 ], [ -96.0763, 17.5653 ], [ -96.0717, 17.5864 ], [ -96.0564, 17.587 ], [ -96.0538, 17.5753 ] ] ] } },
{ "type": "Feature", "properties": { "cvegeo": "20213", "municipio_inegi": "San Juan Quiahije", "clave": "san juan quiahije", "region": "Costa", "sin_dato_siap": false }, "geometry": { "type": "Polygon", "coordinates": [ [ [ -97.3707, 16.4301 ], [ -97.3654, 16.4292 ], [ -97.3599, 16.4184 ], [ -97.3519, 16.4199 ], [ -97.3453, 16.417 ], [ -97.3337, 16.423 ], [ -97.3307, 16.4156 ], [ -97.3224, 16.4167 ], [ -97.3205, 16.4112 ], [ -97.3289, 16.4043 ], [ -97.3239, 16.3957 ], [ -97.3185, 16.4019 ], [ -97.3105, 16.401 ], [ -97.3102, 16.3973 ], [ -97.3159, 16.3955 ], [ -97.3206, 16.3882 ], [ -97.3175, 16.3854 ], [ -97.3084, 16.3871 ], [ -97.3074, 16.3746 ], [ -97.3124, 16.362 ], [ -97.3202, 16.3548 ], [ -97.322, 16.3457 ], [ -97.3179, 16.3314 ], [ -97.3097, 16.3396 ], [ -97.2882, 16.3454 ], [ -97.2879, 16.3396 ], [ -97.2919, 16.3361 ], [ -97.2897, 16.3308 ], [ -97.2955, 16.3187 ], [ -97.2638, 16.3154 ], [ -97.242, 16.3228 ], [ -97.2406, 16.3119 ], [ -97.2565, 16.2961 ], [ -97.2575, 16.2848 ], [ -97.3238, 16.2677 ], [ -97.3225, 16.2751 ], [ -97.3257, 16.2775 ], [ -97.3534, 16.2683 ], [ -97.3555, 16.2852 ], [ -97.3653, 16.2997 ], [ -97.3736, 16.305 ], [ -97.3725, 16.3097 ], [ -97.4022, 16.3075 ], [ -97.4108, 16.303 ], [ -97.4159, 16.3032 ], [ -97.4217, 16.309 ], [ -97.4329, 16.3049 ], [ -97.4249, 16.2928 ], [ -97.4397, 16.2764 ], [ -97.4371, 16.3354 ], [ -97.445, 16.339 ], [ -97.4404, 16.3506 ], [ -97.4334, 16.3556 ], [ -97.4319, 16.3641 ], [ -97.4362, 16.3733 ], [ -97.4143, 16.3897 ], [ -97.3945, 16.3974 ], [ -97.3791, 16.4426 ], [ -97.3707, 16.4301 ] ] ] } },
{ "type": "Feature", "properties": { "cvegeo": "20214", "municipio_inegi": "San Juan Quiotepec", "clave": "san juan quiotepec", "region": "Sierra Juárez", "sin_dato_siap": false }, "geometry": { "type": "Polygon", "coordinates": [ [ [ -96.6718, 17.7883 ], [ -96.655, 17.7728 ], [ -96.6487, 17.7729 ], [ -96.6623, 17.756 ], [ -96.6371, 17.7648 ], [ -96.6342, 17.7745 ], [ -96.6248, 17.7669 ], [ -96.6164, 17.7534 ], [ -96.619, 17.7508 ], [ -96.6149, 17.7457 ], [ -96.6158, 17.7402 ], [ -96.6055, 17.7338 ], [ -96.5977, 17.734 ], [ -96.6051, 17.7092 ], [ -96.6111, 17.7041 ], [ -96.5758, 17.6905 ], [ -96.5685, 17.6705 ], [ -96.5796, 17.6604 ], [ -96.5878, 17.6605 ], [ -96.6041, 17.6477 ], [ -96.6197, 17.6441 ], [ -96.6277, 17.6367 ], [ -96.6163, 17.6314 ], [ -96.6185, 17.6256 ], [ -96.6144, 17.6149 ], [ -96.6077, 17.6209 ], [ -96.6021, 17.6212 ], [ -96.5924, 17.6339 ], [ -96.5483, 17.6356 ], [ -96.5225, 17.6328 ], [ -96.5167, 17.6242 ], [ -96.5245, 17.617 ], [ -96.5684, 17.6004 ], [ -96.5811, 17.5905 ], [ -96.5899, 17.5633 ], [ -96.6206, 17.5578 ], [ -96.6197, 17.567 ], [ -96.6345, 17.5615 ], [ -96.6453, 17.563 ], [ -96.651, 17.5602 ], [ -96.6551, 17.5634 ], [ -96.6591, 17.5714 ], [ -96.6543, 17.5774 ], [ -96.6535, 17.5876 ], [ -96.6432, 17.5968 ], [ -96.6328, 17.5945 ], [ -96.6299, 17.6034 ], [ -96.6404, 17.6022 ], [ -96.6401, 17.6104 ], [ -96.6438, 17.6073 ], [ -96.6462, 17.6119 ], [ -96.6491, 17.6095 ], [ -96.6505, 17.6157 ], [ -96.6469, 17.6215 ], [ -96.6533, 17.6191 ], [ -96.6598, 17.6233 ], [ -96.6571, 17.6266 ], [ -96.6584, 17.6305 ], [ -96.662, 17.6294 ], [ -96.6609, 17.6342 ], [ -96.6664, 17.6313 ], [ -96.6677, 17.6366 ], [ -96.6727, 17.6363 ], [ -96.6735, 17.6424 ], [ -96.6684, 17.6412 ], [ -96.6653, 17.6462 ], [ -96.6702, 17.6437 ], [ -96.6733, 17.6513 ], [ -96.6803, 17.6494 ], [ -96.6808, 17.6589 ], [ -96.6895, 17.6534 ], [ -96.6896, 17.6656 ], [ -96.7012, 17.6687 ], [ -96.701, 17.6651 ], [ -96.7044, 17.6654 ], [ -96.7006, 17.679 ], [ -96.6966, 17.6784 ], [ -96.694, 17.7073 ], [ -96.6722, 17.7088 ], [ -96.6563, 17.6958 ], [ -96.6425, 17.7013 ], [ -96.6332, 17.7156 ], [ -96.656, 17.7189 ], [ -96.6603, 17.7136 ], [ -96.6857, 17.7272 ], [ -96.6831, 17.7379 ], [ -96.6771, 17.7395 ], [ -96.6717, 17.7468 ], [ -96.6882, 17.7491 ], [ -96.6797, 17.7547 ], [ -96.6718, 17.7883 ] ] ] } },
{ "type": "Feature", "properties": { "cvegeo": "20208", "municipio_inegi": "San Juan Mixtepec", "clave": "san juan mixtepec", "region": "Mixteca", "sin_dato_siap": false }, "geometry": { "type": "Polygon", "coordinates": [ [ [ -97.8372, 17.4351 ], [ -97.7851, 17.397 ], [ -97.7605, 17.3484 ], [ -97.7684, 17.3107 ], [ -97.7729, 17.2602 ], [ -97.7827, 17.244 ], [ -97.7798, 17.2382 ], [ -97.816, 17.2286 ], [ -97.8086, 17.2371 ], [ -97.8098, 17.2434 ], [ -97.8208, 17.2384 ], [ -97.8365, 17.2418 ], [ -97.8285, 17.257 ], [ -97.8347, 17.265 ], [ -97.8613, 17.2492 ], [ -97.8649, 17.242 ], [ -97.877, 17.2442 ], [ -97.8878, 17.2366 ], [ -97.8842, 17.2331 ], [ -97.8918, 17.2324 ], [ -97.9268, 17.2637 ], [ -97.9488, 17.3046 ], [ -97.9441, 17.3168 ], [ -97.9116, 17.3297 ], [ -97.9029, 17.3493 ], [ -97.9351, 17.3356 ], [ -97.9402, 17.3464 ], [ -97.9602, 17.3599 ], [ -97.955, 17.3946 ], [ -97.9149, 17.4142 ], [ -97.9061, 17.4368 ], [ -97.902, 17.4269 ], [ -97.8912, 17.4265 ], [ -97.8857, 17.4201 ], [ -97.8636, 17.4359 ], [ -97.8636, 17.4447 ], [ -97.8544, 17.4508 ], [ -97.8574, 17.4819 ], [ -97.8456, 17.5028 ], [ -97.8458, 17.4632 ], [ -97.8372, 17.4351 ] ] ] } },
{ "type": "Feature", "properties": { "cvegeo": "20209", "municipio_inegi": "San Juan Mixtepec", "clave": "san juan mixtepec", "region": "Valles Centrales", "sin_dato_siap": false }, "geometry": { "type": "Polygon", "coordinates": [ [ [ -96.3062, 16.317 ], [ -96.2958, 16.3034 ], [ -96.2992, 16.2891 ], [ -96.2944, 16.2774 ], [ -96.2969, 16.2672 ], [ -96.29, 16.2617 ], [ -96.2918, 16.2483 ], [ -96.2781, 16.2377 ], [ -96.2683, 16.2137 ], [ -96.2733, 16.1982 ], [ -96.287, 16.2011 ], [ -96.3214, 16.1932 ], [ -96.3372, 16.1959 ], [ -96.3471, 16.2 ], [ -96.3351, 16.2065 ], [ -96.3441, 16.2269 ], [ -96.3488, 16.2556 ], [ -96.3472, 16.2798 ], [ -96.3398, 16.2897 ], [ -96.3334, 16.2898 ], [ -96.3112, 16.3208 ], [ -96.3062, 16.322 ], [ -96.3062, 16.317 ] ] ] } },
{ "type": "Feature", "properties": { "cvegeo": "20493", "municipio_inegi": "Santiago Tillo", "clave": "santiago tillo", "region": "Mixteca", "sin_dato_siap": false }, "geometry": { "type": "Polygon", "coordinates": [ [ [ -97.2956, 17.4667 ], [ -97.3041, 17.4604 ], [ -97.3017, 17.4512 ], [ -97.3221, 17.4486 ], [ -97.3269, 17.4437 ], [ -97.3389, 17.4493 ], [ -97.3377, 17.4691 ], [ -97.3408, 17.478 ], [ -97.3145, 17.4775 ], [ -97.3108, 17.4885 ], [ -97.3033, 17.491 ], [ -97.2955, 17.4908 ], [ -97.2903, 17.4857 ], [ -97.2838, 17.4884 ], [ -97.2829, 17.4818 ], [ -97.3007, 17.4715 ], [ -97.2956, 17.4667 ] ] ] } },
{ "type": "Feature", "properties": { "cvegeo": "20215", "municipio_inegi": "San Juan Sayultepec", "clave": "san juan sayultepec", "region": "Mixteca", "sin_dato_siap": false }, "geometry": { "type": "Polygon", "coordinates": [ [ [ -97.2956, 17.4667 ], [ -97.287, 17.4602 ], [ -97.2593, 17.4616 ], [ -97.2568, 17.4491 ], [ -97.2878, 17.4367 ], [ -97.2957, 17.4392 ], [ -97.2993, 17.4466 ], [ -97.3072, 17.4432 ], [ -97.3024, 17.438 ], [ -97.3107, 17.4327 ], [ -97.326, 17.431 ], [ -97.3251, 17.4476 ], [ -97.3017, 17.4512 ], [ -97.3041, 17.4604 ], [ -97.2956, 17.4667 ] ] ] } },
{ "type": "Feature", "properties": { "cvegeo": "20218", "municipio_inegi": "San Juan Teita", "clave": "san juan teita", "region": "Mixteca", "sin_dato_siap": false }, "geometry": { "type": "Polygon", "coordinates": [ [ [ -97.3918, 17.1139 ], [ -97.402, 17.0333 ], [ -97.4197, 17.0237 ], [ -97.4443, 17.0273 ], [ -97.4547, 17.0409 ], [ -97.456, 17.0666 ], [ -97.4606, 17.0748 ], [ -97.4723, 17.079 ], [ -97.4775, 17.0771 ], [ -97.4713, 17.0942 ], [ -97.4755, 17.1049 ], [ -97.4474, 17.1194 ], [ -97.442, 17.1256 ], [ -97.3918, 17.1139 ] ] ] } },
{ "type": "Feature", "properties": { "cvegeo": "20284", "municipio_inegi": "San Miguel Tilquiápam", "clave": "san miguel tilquiapam", "region": "Valles Centrales", "sin_dato_siap": false }, "geometry": { "type": "Polygon", "coordinates": [ [ [ -96.5233, 16.7622 ], [ -96.513, 16.756 ], [ -96.5156, 16.7374 ], [ -96.5257, 16.7366 ], [ -96.5411, 16.7265 ], [ -96.5472, 16.7309 ], [ -96.5521, 16.7291 ], [ -96.558, 16.7372 ], [ -96.5726, 16.7412 ], [ -96.5836, 16.7344 ], [ -96.6027, 16.749 ], [ -96.6074, 16.7624 ], [ -96.6044, 16.7797 ], [ -96.6005, 16.7795 ], [ -96.5953, 16.7913 ], [ -96.5803, 16.8399 ], [ -96.5567, 16.8447 ], [ -96.5607, 16.8264 ], [ -96.558, 16.8182 ], [ -96.5233, 16.7622 ] ] ] } },
{ "type": "Feature", "properties": { "cvegeo": "20216", "municipio_inegi": "San Juan Tabaá", "clave": "san juan tabaa", "region": "Sierra Juárez", "sin_dato_siap": false }, "geometry": { "type": "Polygon", "coordinates": [ [ [ -96.2172, 17.3402 ], [ -96.2064, 17.3361 ], [ -96.1927, 17.3401 ], [ -96.1976, 17.3329 ], [ -96.1938, 17.3262 ], [ -96.194, 17.3115 ], [ -96.2024, 17.3096 ], [ -96.2072, 17.2983 ], [ -96.2361, 17.298 ], [ -96.2469, 17.318 ], [ -96.2427, 17.3188 ], [ -96.2394, 17.3273 ], [ -96.2264, 17.3382 ], [ -96.2172, 17.3402 ] ] ] } },
{ "type": "Feature", "properties": { "cvegeo": "20217", "municipio_inegi": "San Juan Tamazola", "clave": "san juan tamazola", "region": "Mixteca", "sin_dato_siap": false }, "geometry": { "type": "Polygon", "coordinates": [ [ [ -97.1829, 17.2539 ], [ -97.1702, 17.2014 ], [ -97.1285, 17.1624 ], [ -97.1076, 17.1748 ], [ -97.0946, 17.1598 ], [ -97.0666, 17.1461 ], [ -97.0629, 17.1227 ], [ -97.0544, 17.1133 ], [ -97.0551, 17.0918 ], [ -97.0522, 17.0855 ], [ -97.0551, 17.0804 ], [ -97.0526, 17.0711 ], [ -97.0622, 17.0623 ], [ -97.0745, 17.061 ], [ -97.0725, 17.0757 ], [ -97.0809, 17.0763 ], [ -97.119, 17.0591 ], [ -97.1512, 17.0232 ], [ -97.1574, 17.021 ], [ -97.1512, 17.0008 ], [ -97.1466, 16.9972 ], [ -97.145, 16.9856 ], [ -97.1702, 16.9796 ], [ -97.1654, 16.9972 ], [ -97.175, 17.0086 ], [ -97.1889, 17.0156 ], [ -97.1983, 17.039 ], [ -97.2082, 17.0246 ], [ -97.2074, 17.0052 ], [ -97.2449, 17.0506 ], [ -97.2658, 17.1113 ], [ -97.2641, 17.1157 ], [ -97.2598, 17.1161 ], [ -97.2564, 17.1275 ], [ -97.2632, 17.1528 ], [ -97.2543, 17.1593 ], [ -97.2489, 17.1703 ], [ -97.2306, 17.1838 ], [ -97.2343, 17.1861 ], [ -97.232, 17.1895 ], [ -97.2364, 17.1925 ], [ -97.2404, 17.2076 ], [ -97.2244, 17.2208 ], [ -97.2135, 17.2423 ], [ -97.1951, 17.2563 ], [ -97.1829, 17.2539 ] ] ] } },
{ "type": "Feature", "properties": { "cvegeo": "20219", "municipio_inegi": "San Juan Teitipac", "clave": "san juan teitipac", "region": "Valles Centrales", "sin_dato_siap": false }, "geometry": { "type": "Polygon", "coordinates": [ [ [ -96.603, 16.9425 ], [ -96.5858, 16.9299 ], [ -96.5815, 16.9312 ], [ -96.5897, 16.9241 ], [ -96.5893, 16.9179 ], [ -96.577, 16.8822 ], [ -96.5567, 16.8447 ], [ -96.5803, 16.8399 ], [ -96.6105, 16.8831 ], [ -96.6099, 16.8925 ], [ -96.6151, 16.8962 ], [ -96.6284, 16.888 ], [ -96.6329, 16.9172 ], [ -96.6256, 16.9239 ], [ -96.6224, 16.9385 ], [ -96.603, 16.9425 ] ] ] } },
{ "type": "Feature", "properties": { "cvegeo": "20220", "municipio_inegi": "San Juan Tepeuxila", "clave": "san juan tepeuxila", "region": "Cañada", "sin_dato_siap": false }, "geometry": { "type": "Polygon", "coordinates": [ [ [ -96.7154, 17.8271 ], [ -96.6969, 17.7915 ], [ -96.6915, 17.794 ], [ -96.6718, 17.7883 ], [ -96.6797, 17.7547 ], [ -96.6882, 17.7491 ], [ -96.6717, 17.7468 ], [ -96.6771, 17.7395 ], [ -96.6831, 17.7379 ], [ -96.6857, 17.7272 ], [ -96.6603, 17.7136 ], [ -96.656, 17.7189 ], [ -96.6331, 17.7159 ], [ -96.6425, 17.7013 ], [ -96.6563, 17.6958 ], [ -96.6722, 17.7088 ], [ -96.694, 17.7073 ], [ -96.6966, 17.6784 ], [ -96.7006, 17.679 ], [ -96.7044, 17.6654 ], [ -96.7183, 17.6814 ], [ -96.7249, 17.6821 ], [ -96.7311, 17.6774 ], [ -96.7515, 17.6917 ], [ -96.7596, 17.6833 ], [ -96.767, 17.6864 ], [ -96.7715, 17.6759 ], [ -96.7761, 17.682 ], [ -96.7803, 17.6782 ], [ -96.8032, 17.6802 ], [ -96.8121, 17.6736 ], [ -96.8075, 17.6675 ], [ -96.8156, 17.6631 ], [ -96.8216, 17.6697 ], [ -96.8207, 17.6737 ], [ -96.8285, 17.6675 ], [ -96.833, 17.6685 ], [ -96.8318, 17.6732 ], [ -96.8362, 17.6779 ], [ -96.8514, 17.6729 ], [ -96.8646, 17.6778 ], [ -96.8592, 17.682 ], [ -96.8568, 17.6904 ], [ -96.863, 17.6998 ], [ -96.8716, 17.6955 ], [ -96.8745, 17.6973 ], [ -96.8765, 17.7244 ], [ -96.8802, 17.7282 ], [ -96.875, 17.7482 ], [ -96.8681, 17.7573 ], [ -96.8604, 17.751 ], [ -96.8313, 17.7648 ], [ -96.8155, 17.7464 ], [ -96.8074, 17.7489 ], [ -96.7891, 17.7367 ], [ -96.7818, 17.75 ], [ -96.7973, 17.7649 ], [ -96.7991, 17.7714 ], [ -96.79, 17.7804 ], [ -96.7768, 17.8186 ], [ -96.7451, 17.8363 ], [ -96.7453, 17.8313 ], [ -96.7154, 17.8271 ] ] ] } },
{ "type": "Feature", "properties": { "cvegeo": "20221", "municipio_inegi": "San Juan Teposcolula", "clave": "san juan teposcolula", "region": "Mixteca", "sin_dato_siap": false }, "geometry": { "type": "Polygon", "coordinates": [ [ [ -97.3773, 17.6419 ], [ -97.3686, 17.6367 ], [ -97.3726, 17.6328 ], [ -97.3711, 17.6105 ], [ -97.3812, 17.5963 ], [ -97.3734, 17.5892 ], [ -97.3698, 17.5767 ], [ -97.3994, 17.5728 ], [ -97.4019, 17.5598 ], [ -97.4058, 17.5563 ], [ -97.4016, 17.5511 ], [ -97.4052, 17.5419 ], [ -97.4003, 17.5277 ], [ -97.411, 17.5303 ], [ -97.439, 17.521 ], [ -97.461, 17.5463 ], [ -97.459, 17.5981 ], [ -97.4453, 17.6049 ], [ -97.4313, 17.6178 ], [ -97.4205, 17.6188 ], [ -97.4231, 17.621 ], [ -97.4093, 17.6481 ], [ -97.3846, 17.6569 ], [ -97.3773, 17.6419 ] ] ] } },
{ "type": "Feature", "properties": { "cvegeo": "20222", "municipio_inegi": "San Juan Yaeé", "clave": "san juan yaee", "region": "Sierra Juárez", "sin_dato_siap": false }, "geometry": { "type": "Polygon", "coordinates": [ [ [ -96.2399, 17.4484 ], [ -96.2518, 17.4423 ], [ -96.2607, 17.4274 ], [ -96.269, 17.4224 ], [ -96.2705, 17.4146 ], [ -96.2859, 17.4093 ], [ -96.2904, 17.4133 ], [ -96.2924, 17.4071 ], [ -96.3111, 17.4076 ], [ -96.3154, 17.4293 ], [ -96.3061, 17.441 ], [ -96.3069, 17.4498 ], [ -96.2944, 17.4619 ], [ -96.2719, 17.4729 ], [ -96.2683, 17.484 ], [ -96.2532, 17.4726 ], [ -96.2476, 17.4721 ], [ -96.2433, 17.449 ], [ -96.2399, 17.4484 ] ] ] } },
{ "type": "Feature", "properties": { "cvegeo": "20223", "municipio_inegi": "San Juan Yatzona", "clave": "san juan yatzona", "region": "Sierra Juárez", "sin_dato_siap": false }, "geometry": { "type": "Polygon", "coordinates": [ [ [ -96.1602, 17.4284 ], [ -96.1606, 17.4237 ], [ -96.1507, 17.4192 ], [ -96.1514, 17.4081 ], [ -96.1434, 17.4005 ], [ -96.16, 17.4 ], [ -96.1606, 17.3914 ], [ -96.18, 17.3833 ], [ -96.1983, 17.3888 ], [ -96.2128, 17.4048 ], [ -96.2132, 17.4198 ], [ -96.2193, 17.4215 ], [ -96.1957, 17.434 ], [ -96.1937, 17.4396 ], [ -96.1602, 17.4284 ] ] ] } },
{ "type": "Feature", "properties": { "cvegeo": "20233", "municipio_inegi": "San Lucas Quiaviní", "clave": "san lucas quiavini", "region": "Valles Centrales", "sin_dato_siap": false }, "geometry": { "type": "Polygon", "coordinates": [ [ [ -96.4267, 16.9301 ], [ -96.4152, 16.9185 ], [ -96.4269, 16.9114 ], [ -96.4219, 16.8847 ], [ -96.4263, 16.8412 ], [ -96.439, 16.8333 ], [ -96.4851, 16.8625 ], [ -96.4913, 16.8575 ], [ -96.4978, 16.8606 ], [ -96.5006, 16.8668 ], [ -96.4774, 16.9005 ], [ -96.476, 16.921 ], [ -96.4293, 16.9112 ], [ -96.4193, 16.9204 ], [ -96.4264, 16.9239 ], [ -96.4267, 16.9301 ] ] ] } },
{ "type": "Feature", "properties": { "cvegeo": "20224", "municipio_inegi": "San Juan Yucuita", "clave": "san juan yucuita", "region": "Mixteca", "sin_dato_siap": false }, "geometry": { "type": "Polygon", "coordinates": [ [ [ -97.2684, 17.5635 ], [ -97.2561, 17.5614 ], [ -97.259, 17.5474 ], [ -97.2522, 17.5523 ], [ -97.2464, 17.5425 ], [ -97.2557, 17.5292 ], [ -97.256, 17.511 ], [ -97.2499, 17.5078 ], [ -97.2602, 17.4989 ], [ -97.2579, 17.4807 ], [ -97.2727, 17.4919 ], [ -97.2939, 17.4993 ], [ -97.2904, 17.5033 ], [ -97.2971, 17.5152 ], [ -97.2757, 17.5177 ], [ -97.267, 17.5264 ], [ -97.27, 17.5308 ], [ -97.2736, 17.5286 ], [ -97.2739, 17.5357 ], [ -97.2836, 17.553 ], [ -97.2684, 17.5635 ] ] ] } },
{ "type": "Feature", "properties": { "cvegeo": "20238", "municipio_inegi": "San Martín de los Cansecos", "clave": "san martin de los cansecos", "region": "Valles Centrales", "sin_dato_siap": false }, "geometry": { "type": "Polygon", "coordinates": [ [ [ -96.7284, 16.677 ], [ -96.7096, 16.6553 ], [ -96.7102, 16.6469 ], [ -96.7165, 16.6412 ], [ -96.724, 16.6434 ], [ -96.7277, 16.6496 ], [ -96.7311, 16.6411 ], [ -96.7432, 16.6458 ], [ -96.7377, 16.6544 ], [ -96.7384, 16.6723 ], [ -96.7294, 16.6685 ], [ -96.7284, 16.677 ] ] ] } },
{ "type": "Feature", "properties": { "cvegeo": "20497", "municipio_inegi": "Santiago Yaitepec", "clave": "santiago yaitepec", "region": "Costa", "sin_dato_siap": false }, "geometry": { "type": "Polygon", "coordinates": [ [ [ -97.2163, 16.2465 ], [ -97.1993, 16.1939 ], [ -97.2198, 16.1827 ], [ -97.2251, 16.1771 ], [ -97.2241, 16.1726 ], [ -97.2351, 16.1822 ], [ -97.2506, 16.1755 ], [ -97.2688, 16.192 ], [ -97.2684, 16.2055 ], [ -97.2773, 16.224 ], [ -97.2758, 16.2299 ], [ -97.2685, 16.2342 ], [ -97.2566, 16.2304 ], [ -97.2164, 16.2389 ], [ -97.2209, 16.2447 ], [ -97.2163, 16.2465 ] ] ] } },
{ "type": "Feature", "properties": { "cvegeo": "20498", "municipio_inegi": "Santiago Yaveo", "clave": "santiago yaveo", "region": "Papaloapan", "sin_dato_siap": false }, "geometry": { "type": "Polygon", "coordinates": [ [ [ -95.259, 17.7287 ], [ -95.2389, 17.7393 ], [ -95.1903, 17.692 ], [ -95.1824, 17.6911 ], [ -95.1814, 17.6864 ], [ -95.1877, 17.6806 ], [ -95.1849, 17.6768 ], [ -95.1887, 17.6496 ], [ -95.1942, 17.6551 ], [ -95.2012, 17.6474 ], [ -95.2059, 17.6547 ], [ -95.2184, 17.6393 ], [ -95.2419, 17.635 ], [ -95.2429, 17.6437 ], [ -95.2482, 17.646 ], [ -95.2532, 17.6421 ], [ -95.253, 17.6334 ], [ -95.259, 17.629 ], [ -95.2484, 17.6256 ], [ -95.2555, 17.6216 ], [ -95.2713, 17.6247 ], [ -95.2702, 17.6157 ], [ -95.2789, 17.6148 ], [ -95.2747, 17.6095 ], [ -95.2676, 17.6083 ], [ -95.2648, 17.6016 ], [ -95.2592, 17.6077 ], [ -95.2521, 17.6062 ], [ -95.2601, 17.594 ], [ -95.2556, 17.5897 ], [ -95.2567, 17.5815 ], [ -95.2642, 17.5817 ], [ -95.2637, 17.5724 ], [ -95.2708, 17.5709 ], [ -95.2642, 17.5599 ], [ -95.2687, 17.5558 ], [ -95.2778, 17.5552 ], [ -95.275, 17.5519 ], [ -95.2675, 17.5521 ], [ -95.2662, 17.5463 ], [ -95.285, 17.5464 ], [ -95.2912, 17.5342 ], [ -95.3016, 17.5402 ], [ -95.3145, 17.5394 ], [ -95.327, 17.531 ], [ -95.3276, 17.5255 ], [ -95.3128, 17.5157 ], [ -95.3146, 17.5084 ], [ -95.3257, 17.5043 ], [ -95.3298, 17.5107 ], [ -95.3452, 17.5172 ], [ -95.3476, 17.5116 ], [ -95.342, 17.503 ], [ -95.3485, 17.501 ], [ -95.3498, 17.4933 ], [ -95.3556, 17.4936 ], [ -95.3509, 17.4898 ], [ -95.3537, 17.4876 ], [ -95.3605, 17.4917 ], [ -95.3701, 17.4882 ], [ -95.3716, 17.4815 ], [ -95.3801, 17.4761 ], [ -95.3893, 17.4798 ], [ -95.3866, 17.4731 ], [ -95.3923, 17.4708 ], [ -95.3924, 17.464 ], [ -95.3961, 17.4621 ], [ -95.4104, 17.4706 ], [ -95.4067, 17.4539 ], [ -95.4197, 17.462 ], [ -95.427, 17.4579 ], [ -95.4341, 17.4622 ], [ -95.431, 17.4525 ], [ -95.443, 17.4484 ], [ -95.4442, 17.4421 ], [ -95.446, 17.4414 ], [ -95.4566, 17.451 ], [ -95.4679, 17.4486 ], [ -95.4769, 17.4529 ], [ -95.49, 17.4418 ], [ -95.4985, 17.4469 ], [ -95.5042, 17.4407 ], [ -95.5089, 17.4428 ], [ -95.509, 17.4506 ], [ -95.5129, 17.4537 ], [ -95.5153, 17.4441 ], [ -95.5276, 17.4354 ], [ -95.5367, 17.4217 ], [ -95.5457, 17.4212 ], [ -95.5481, 17.4279 ], [ -95.5522, 17.429 ], [ -95.5533, 17.4228 ], [ -95.5612, 17.4218 ], [ -95.5637, 17.4111 ], [ -95.5509, 17.399 ], [ -95.5511, 17.3953 ], [ -95.5574, 17.3972 ], [ -95.5659, 17.3938 ], [ -95.5693, 17.3967 ], [ -95.5721, 17.3859 ], [ -95.5783, 17.3833 ], [ -95.579, 17.3752 ], [ -95.5978, 17.3745 ], [ -95.5929, 17.3685 ], [ -95.6037, 17.3633 ], [ -95.6037, 17.3509 ], [ -95.6104, 17.342 ], [ -95.6156, 17.3407 ], [ -95.6324, 17.3218 ], [ -95.6483, 17.319 ], [ -95.652, 17.3124 ], [ -95.6471, 17.3088 ], [ -95.6625, 17.2991 ], [ -95.6587, 17.2972 ], [ -95.66, 17.2906 ], [ -95.6678, 17.2884 ], [ -95.6705, 17.284 ], [ -95.6657, 17.2775 ], [ -95.6724, 17.2776 ], [ -95.6716, 17.2728 ], [ -95.665, 17.2718 ], [ -95.6677, 17.2548 ], [ -95.6722, 17.2473 ], [ -95.6754, 17.2519 ], [ -95.6787, 17.2492 ], [ -95.6738, 17.2413 ], [ -95.6811, 17.2348 ], [ -95.6951, 17.2362 ], [ -95.6959, 17.242 ], [ -95.7153, 17.254 ], [ -95.7125, 17.2636 ], [ -95.7152, 17.2703 ], [ -95.7256, 17.2766 ], [ -95.73, 17.2752 ], [ -95.7302, 17.2818 ], [ -95.7396, 17.2789 ], [ -95.7398, 17.2842 ], [ -95.7466, 17.2788 ], [ -95.7505, 17.2657 ], [ -95.7683, 17.2624 ], [ -95.7731, 17.2646 ], [ -95.7887, 17.2546 ], [ -95.8058, 17.235 ], [ -95.8245, 17.2562 ], [ -95.8374, 17.2596 ], [ -95.8065, 17.2938 ], [ -95.795, 17.3132 ], [ -95.7917, 17.3323 ], [ -95.778, 17.3331 ], [ -95.7694, 17.3228 ], [ -95.7489, 17.3185 ], [ -95.729, 17.3355 ], [ -95.7328, 17.3525 ], [ -95.7298, 17.3601 ], [ -95.7437, 17.3829 ], [ -95.7098, 17.4103 ], [ -95.6906, 17.4197 ], [ -95.6897, 17.4256 ], [ -95.6773, 17.427 ], [ -95.6729, 17.4354 ], [ -95.6657, 17.437 ], [ -95.6658, 17.4409 ], [ -95.6589, 17.4457 ], [ -95.6784, 17.4516 ], [ -95.667, 17.4626 ], [ -95.6835, 17.4735 ], [ -95.683, 17.477 ], [ -95.6675, 17.4837 ], [ -95.6627, 17.4748 ], [ -95.6383, 17.4689 ], [ -95.6219, 17.4767 ], [ -95.602, 17.4766 ], [ -95.6001, 17.4821 ], [ -95.5942, 17.4823 ], [ -95.5876, 17.4895 ], [ -95.5897, 17.4976 ], [ -95.5835, 17.5017 ], [ -95.5913, 17.5138 ], [ -95.5963, 17.5137 ], [ -95.5961, 17.5092 ], [ -95.6044, 17.5128 ], [ -95.6064, 17.5065 ], [ -95.6175, 17.5193 ], [ -95.6121, 17.5155 ], [ -95.6078, 17.5238 ], [ -95.5981, 17.5251 ], [ -95.5829, 17.5193 ], [ -95.5712, 17.5295 ], [ -95.5726, 17.5486 ], [ -95.568, 17.5513 ], [ -95.5594, 17.547 ], [ -95.5555, 17.5586 ], [ -95.5511, 17.5534 ], [ -95.5397, 17.5606 ], [ -95.532, 17.5558 ], [ -95.5251, 17.5621 ], [ -95.5311, 17.5706 ], [ -95.5248, 17.576 ], [ -95.5174, 17.5696 ], [ -95.5213, 17.577 ], [ -95.5147, 17.5797 ], [ -95.514, 17.5855 ], [ -95.5037, 17.5838 ], [ -95.5018, 17.5859 ], [ -95.5072, 17.588 ], [ -95.5063, 17.5908 ], [ -95.4977, 17.5919 ], [ -95.4842, 17.6019 ], [ -95.4781, 17.5949 ], [ -95.4793, 17.5878 ], [ -95.4706, 17.5952 ], [ -95.463, 17.5964 ], [ -95.4724, 17.6041 ], [ -95.4731, 17.6091 ], [ -95.4545, 17.6111 ], [ -95.4561, 17.6231 ], [ -95.4461, 17.6218 ], [ -95.4342, 17.6351 ], [ -95.4268, 17.6366 ], [ -95.4255, 17.6475 ], [ -95.4185, 17.644 ], [ -95.413, 17.6519 ], [ -95.4103, 17.6436 ], [ -95.4072, 17.6433 ], [ -95.403, 17.652 ], [ -95.3953, 17.6518 ], [ -95.3868, 17.6639 ], [ -95.3697, 17.6691 ], [ -95.3679, 17.6737 ], [ -95.3517, 17.6718 ], [ -95.3516, 17.6797 ], [ -95.3438, 17.6837 ], [ -95.3401, 17.6744 ], [ -95.3344, 17.6748 ], [ -95.3287, 17.6858 ], [ -95.3213, 17.6856 ], [ -95.3166, 17.6976 ], [ -95.3066, 17.6972 ], [ -95.31, 17.7086 ], [ -95.3026, 17.711 ], [ -95.2978, 17.7221 ], [ -95.2912, 17.7163 ], [ -95.2922, 17.7124 ], [ -95.2867, 17.7167 ], [ -95.28, 17.7157 ], [ -95.2792, 17.7219 ], [ -95.2716, 17.7167 ], [ -95.265, 17.718 ], [ -95.2631, 17.7249 ], [ -95.2687, 17.7411 ], [ -95.2627, 17.7387 ], [ -95.259, 17.7287 ] ] ] } },
{ "type": "Feature", "properties": { "cvegeo": "20225", "municipio_inegi": "San Lorenzo", "clave": "san lorenzo", "region": "Costa", "sin_dato_siap": false }, "geometry": { "type": "Polygon", "coordinates": [ [ [ -97.8478, 16.4505 ], [ -97.8381, 16.4385 ], [ -97.8551, 16.4257 ], [ -97.832, 16.4001 ], [ -97.8255, 16.3887 ], [ -97.8265, 16.3832 ], [ -97.8345, 16.3887 ], [ -97.8506, 16.3832 ], [ -97.8523, 16.3787 ], [ -97.8689, 16.3782 ], [ -97.913, 16.385 ], [ -97.922, 16.3896 ], [ -97.923, 16.4257 ], [ -97.9131, 16.4347 ], [ -97.908, 16.4328 ], [ -97.9012, 16.4402 ], [ -97.8937, 16.4375 ], [ -97.8792, 16.4407 ], [ -97.8593, 16.4571 ], [ -97.8478, 16.4505 ] ] ] } },
{ "type": "Feature", "properties": { "cvegeo": "20248", "municipio_inegi": "San Mateo del Mar", "clave": "san mateo del mar", "region": "Istmo", "sin_dato_siap": false }, "geometry": { "type": "Polygon", "coordinates": [ [ [ -94.9407, 16.2324 ], [ -94.9334, 16.209 ], [ -94.9236, 16.2076 ], [ -95.0627, 16.184 ], [ -95.1387, 16.1887 ], [ -95.1369, 16.2063 ], [ -95.14, 16.2252 ], [ -95.1275, 16.2279 ], [ -95.1254, 16.2359 ], [ -95.102, 16.2333 ], [ -95.0806, 16.2261 ], [ -95.0542, 16.2243 ], [ -94.9407, 16.2324 ] ] ] } },
{ "type": "Feature", "properties": { "cvegeo": "20226", "municipio_inegi": "San Lorenzo Albarradas", "clave": "san lorenzo albarradas", "region": "Valles Centrales", "sin_dato_siap": false }, "geometry": { "type": "Polygon", "coordinates": [ [ [ -96.243, 16.9691 ], [ -96.2359, 16.9581 ], [ -96.2078, 16.9437 ], [ -96.2099, 16.941 ], [ -96.2044, 16.9382 ], [ -96.2032, 16.9253 ], [ -96.1815, 16.9214 ], [ -96.1984, 16.9087 ], [ -96.2039, 16.8952 ], [ -96.2127, 16.8996 ], [ -96.2178, 16.8975 ], [ -96.2304, 16.8778 ], [ -96.2024, 16.8649 ], [ -96.1899, 16.8638 ], [ -96.1829, 16.8578 ], [ -96.168, 16.8574 ], [ -96.1584, 16.8493 ], [ -96.1502, 16.811 ], [ -96.1687, 16.8146 ], [ -96.1984, 16.8107 ], [ -96.2053, 16.8393 ], [ -96.2175, 16.8672 ], [ -96.2392, 16.8449 ], [ -96.3147, 16.8753 ], [ -96.2896, 16.9503 ], [ -96.2843, 16.9491 ], [ -96.2828, 16.9446 ], [ -96.2547, 16.9571 ], [ -96.243, 16.9691 ] ] ] } },
{ "type": "Feature", "properties": { "cvegeo": "20227", "municipio_inegi": "San Lorenzo Cacaotepec", "clave": "san lorenzo cacaotepec", "region": "Valles Centrales", "sin_dato_siap": false }, "geometry": { "type": "Polygon", "coordinates": [ [ [ -96.7838, 17.1628 ], [ -96.7832, 17.1589 ], [ -96.774, 17.1602 ], [ -96.7731, 17.1547 ], [ -96.7781, 17.1539 ], [ -96.7781, 17.1485 ], [ -96.7719, 17.1487 ], [ -96.7693, 17.141 ], [ -96.7755, 17.1391 ], [ -96.7786, 17.1448 ], [ -96.782, 17.1414 ], [ -96.7734, 17.1267 ], [ -96.7804, 17.1235 ], [ -96.7823, 17.1284 ], [ -96.7921, 17.126 ], [ -96.7919, 17.1193 ], [ -96.8002, 17.1171 ], [ -96.7973, 17.1123 ], [ -96.7866, 17.1077 ], [ -96.7872, 17.105 ], [ -96.8032, 17.1064 ], [ -96.8166, 17.0982 ], [ -96.8098, 17.0905 ], [ -96.8287, 17.0891 ], [ -96.8326, 17.0961 ], [ -96.8221, 17.1249 ], [ -96.8265, 17.1469 ], [ -96.8125, 17.1522 ], [ -96.8086, 17.1493 ], [ -96.8126, 17.1461 ], [ -96.811, 17.1409 ], [ -96.8032, 17.1439 ], [ -96.8091, 17.1543 ], [ -96.8, 17.1525 ], [ -96.8003, 17.1606 ], [ -96.7838, 17.1628 ] ] ] } },
{ "type": "Feature", "properties": { "cvegeo": "20228", "municipio_inegi": "San Lorenzo Cuaunecuiltitla", "clave": "san lorenzo cuaunecuiltitla", "region": "Cañada", "sin_dato_siap": false }, "geometry": { "type": "Polygon", "coordinates": [ [ [ -96.9195, 18.2389 ], [ -96.9162, 18.2306 ], [ -96.9131, 18.2385 ], [ -96.9047, 18.2376 ], [ -96.9081, 18.2048 ], [ -96.9204, 18.1904 ], [ -96.929, 18.2018 ], [ -96.9232, 18.2175 ], [ -96.9246, 18.2332 ], [ -96.9204, 18.2387 ], [ -96.9277, 18.2327 ], [ -96.9299, 18.2229 ], [ -96.9364, 18.2166 ], [ -96.937, 18.2208 ], [ -96.9326, 18.2212 ], [ -96.9267, 18.2375 ], [ -96.9219, 18.2406 ], [ -96.9195, 18.2389 ] ] ] } },
{ "type": "Feature", "properties": { "cvegeo": "20229", "municipio_inegi": "San Lorenzo Texmelúcan", "clave": "san lorenzo texmelucan", "region": "Valles Centrales", "sin_dato_siap": false }, "geometry": { "type": "Polygon", "coordinates": [ [ [ -97.1569, 16.5908 ], [ -97.1508, 16.5751 ], [ -97.1522, 16.5652 ], [ -97.1459, 16.5542 ], [ -97.1346, 16.552 ], [ -97.1177, 16.5064 ], [ -97.1216, 16.4964 ], [ -97.1201, 16.4849 ], [ -97.1647, 16.4762 ], [ -97.1789, 16.4774 ], [ -97.1894, 16.4713 ], [ -97.2367, 16.4951 ], [ -97.248, 16.4911 ], [ -97.2477, 16.4886 ], [ -97.2577, 16.492 ], [ -97.2584, 16.4952 ], [ -97.2714, 16.4917 ], [ -97.2737, 16.4966 ], [ -97.2868, 16.4936 ], [ -97.2879, 16.5061 ], [ -97.2695, 16.5108 ], [ -97.2614, 16.5066 ], [ -97.2561, 16.5167 ], [ -97.2566, 16.5243 ], [ -97.2409, 16.5232 ], [ -97.2293, 16.5391 ], [ -97.2213, 16.5401 ], [ -97.2257, 16.5419 ], [ -97.223, 16.546 ], [ -97.2255, 16.5463 ], [ -97.2157, 16.5776 ], [ -97.2004, 16.5916 ], [ -97.1784, 16.5981 ], [ -97.1569, 16.5908 ] ] ] } },
{ "type": "Feature", "properties": { "cvegeo": "20230", "municipio_inegi": "San Lorenzo Victoria", "clave": "san lorenzo victoria", "region": "Mixteca", "sin_dato_siap": false }, "geometry": { "type": "Polygon", "coordinates": [ [ [ -98.1364, 17.6798 ], [ -98.1159, 17.6839 ], [ -98.1199, 17.6733 ], [ -98.1131, 17.6547 ], [ -98.1084, 17.6513 ], [ -98.0978, 17.6544 ], [ -98.1038, 17.6486 ], [ -98.1031, 17.6442 ], [ -98.0965, 17.6479 ], [ -98.0843, 17.6445 ], [ -98.0838, 17.6343 ], [ -98.0885, 17.6413 ], [ -98.0971, 17.6253 ], [ -98.0966, 17.5991 ], [ -98.1021, 17.5964 ], [ -98.1004, 17.5924 ], [ -98.1094, 17.5697 ], [ -98.1271, 17.5705 ], [ -98.1235, 17.5674 ], [ -98.1321, 17.5644 ], [ -98.1394, 17.5654 ], [ -98.1376, 17.58 ], [ -98.1296, 17.5853 ], [ -98.1225, 17.6181 ], [ -98.1542, 17.6366 ], [ -98.1427, 17.6465 ], [ -98.1549, 17.6528 ], [ -98.1567, 17.6607 ], [ -98.1694, 17.6674 ], [ -98.1685, 17.6713 ], [ -98.1619, 17.6722 ], [ -98.1628, 17.6791 ], [ -98.1466, 17.6827 ], [ -98.1364, 17.6798 ] ] ] } },
{ "type": "Feature", "properties": { "cvegeo": "20231", "municipio_inegi": "San Lucas Camotlán", "clave": "san lucas camotlan", "region": "Sierra Juárez", "sin_dato_siap": false }, "geometry": { "type": "Polygon", "coordinates": [ [ [ -95.6922, 16.9935 ], [ -95.6687, 16.9595 ], [ -95.649, 16.9638 ], [ -95.6483, 16.9815 ], [ -95.6053, 16.9785 ], [ -95.6068, 16.9707 ], [ -95.6407, 16.9446 ], [ -95.6494, 16.9455 ], [ -95.6584, 16.9076 ], [ -95.6944, 16.8729 ], [ -95.717, 16.8896 ], [ -95.7446, 16.8882 ], [ -95.7446, 16.8906 ], [ -95.7396, 16.8957 ], [ -95.7435, 16.9017 ], [ -95.7409, 16.9181 ], [ -95.7331, 16.9269 ], [ -95.7295, 16.9416 ], [ -95.7353, 16.96 ], [ -95.7305, 16.9661 ], [ -95.7298, 16.9797 ], [ -95.7113, 16.9785 ], [ -95.7195, 16.9903 ], [ -95.7033, 16.9994 ], [ -95.6922, 16.9935 ] ] ] } },
{ "type": "Feature", "properties": { "cvegeo": "20232", "municipio_inegi": "San Lucas Ojitlán", "clave": "san lucas ojitlan", "region": "Papaloapan", "sin_dato_siap": false }, "geometry": { "type": "Polygon", "coordinates": [ [ [ -96.3251, 18.1677 ], [ -96.31, 18.1505 ], [ -96.296, 18.1468 ], [ -96.2848, 18.1364 ], [ -96.2758, 18.127 ], [ -96.2821, 18.1235 ], [ -96.2687, 18.1122 ], [ -96.3131, 18.089 ], [ -96.2866, 18.0473 ], [ -96.28, 18.0399 ], [ -96.2509, 18.0566 ], [ -96.2431, 18.0502 ], [ -96.2434, 18.0467 ], [ -96.2544, 18.0437 ], [ -96.2422, 18.026 ], [ -96.2427, 18.0147 ], [ -96.253, 18.0121 ], [ -96.2607, 18.016 ], [ -96.2638, 18.005 ], [ -96.2555, 17.9966 ], [ -96.2576, 17.9901 ], [ -96.2537, 17.9731 ], [ -96.2358, 17.9419 ], [ -96.236, 17.9273 ], [ -96.2297, 17.9159 ], [ -96.2311, 17.9015 ], [ -96.2428, 17.9137 ], [ -96.256, 17.9182 ], [ -96.2598, 17.9274 ], [ -96.2676, 17.9313 ], [ -96.2747, 17.9315 ], [ -96.2717, 17.9269 ], [ -96.2799, 17.922 ], [ -96.3361, 17.9683 ], [ -96.339, 17.9663 ], [ -96.3431, 17.9926 ], [ -96.3567, 17.9949 ], [ -96.3597, 17.9989 ], [ -96.364, 17.9989 ], [ -96.3649, 17.9913 ], [ -96.3482, 17.9661 ], [ -96.3542, 17.9558 ], [ -96.3425, 17.9382 ], [ -96.3454, 17.9345 ], [ -96.359, 17.9431 ], [ -96.376, 17.9376 ], [ -96.3989, 17.9472 ], [ -96.4045, 17.9594 ], [ -96.4169, 17.9615 ], [ -96.415, 17.9398 ], [ -96.4177, 17.9407 ], [ -96.4405, 17.9618 ], [ -96.4361, 17.9694 ], [ -96.4429, 17.9752 ], [ -96.4652, 17.9635 ], [ -96.488, 17.9658 ], [ -96.4855, 17.9779 ], [ -96.4906, 17.9799 ], [ -96.4889, 18.0141 ], [ -96.4935, 18.0164 ], [ -96.4935, 18.0384 ], [ -96.4651, 18.0475 ], [ -96.4704, 18.0535 ], [ -96.4629, 18.0705 ], [ -96.4582, 18.0717 ], [ -96.4625, 18.0769 ], [ -96.4599, 18.0852 ], [ -96.4414, 18.1119 ], [ -96.4176, 18.1231 ], [ -96.4043, 18.1383 ], [ -96.4003, 18.134 ], [ -96.4002, 18.1413 ], [ -96.396, 18.1393 ], [ -96.3928, 18.1427 ], [ -96.3976, 18.146 ], [ -96.392, 18.146 ], [ -96.3849, 18.1587 ], [ -96.3793, 18.1571 ], [ -96.3766, 18.1492 ], [ -96.3593, 18.1362 ], [ -96.3517, 18.1401 ], [ -96.3449, 18.1388 ], [ -96.3463, 18.1441 ], [ -96.3448, 18.1451 ], [ -96.3337, 18.1408 ], [ -96.325, 18.1417 ], [ -96.3326, 18.1555 ], [ -96.3276, 18.1543 ], [ -96.3321, 18.1651 ], [ -96.3227, 18.1567 ], [ -96.3251, 18.1677 ] ] ] } },
{ "type": "Feature", "properties": { "cvegeo": "20234", "municipio_inegi": "San Lucas Zoquiápam", "clave": "san lucas zoquiapam", "region": "Cañada", "sin_dato_siap": false }, "geometry": { "type": "Polygon", "coordinates": [ [ [ -96.9074, 18.1499 ], [ -96.8929, 18.1452 ], [ -96.8832, 18.1476 ], [ -96.8848, 18.1294 ], [ -96.8612, 18.1286 ], [ -96.8695, 18.1158 ], [ -96.8659, 18.1061 ], [ -96.8901, 18.0724 ], [ -96.8979, 18.0756 ], [ -96.8978, 18.0823 ], [ -96.9159, 18.0854 ], [ -96.9314, 18.0729 ], [ -96.9396, 18.0867 ], [ -96.9575, 18.0909 ], [ -96.9651, 18.0882 ], [ -96.9679, 18.1241 ], [ -96.9653, 18.1203 ], [ -96.9609, 18.1293 ], [ -96.9504, 18.1356 ], [ -96.9439, 18.1348 ], [ -96.9318, 18.1464 ], [ -96.9253, 18.1441 ], [ -96.9074, 18.1499 ] ] ] } },
{ "type": "Feature", "properties": { "cvegeo": "20235", "municipio_inegi": "San Luis Amatlán", "clave": "san luis amatlan", "region": "Valles Centrales", "sin_dato_siap": false }, "geometry": { "type": "Polygon", "coordinates": [ [ [ -96.4725, 16.5949 ], [ -96.4291, 16.4872 ], [ -96.4174, 16.4827 ], [ -96.4182, 16.4799 ], [ -96.4259, 16.48 ], [ -96.423, 16.4659 ], [ -96.418, 16.4712 ], [ -96.4158, 16.4616 ], [ -96.4107, 16.467 ], [ -96.4092, 16.4619 ], [ -96.4044, 16.4619 ], [ -96.4004, 16.456 ], [ -96.3968, 16.4552 ], [ -96.3968, 16.4605 ], [ -96.3757, 16.4364 ], [ -96.4113, 16.3769 ], [ -96.4156, 16.3842 ], [ -96.4374, 16.3919 ], [ -96.4566, 16.3796 ], [ -96.4541, 16.3468 ], [ -96.4745, 16.3533 ], [ -96.4999, 16.3513 ], [ -96.5, 16.3586 ], [ -96.5018, 16.3557 ], [ -96.5211, 16.3564 ], [ -96.5295, 16.364 ], [ -96.5346, 16.3629 ], [ -96.5392, 16.3819 ], [ -96.5402, 16.4123 ], [ -96.5366, 16.4396 ], [ -96.5306, 16.445 ], [ -96.5352, 16.4532 ], [ -96.5766, 16.4467 ], [ -96.5786, 16.4499 ], [ -96.5522, 16.4632 ], [ -96.5526, 16.4708 ], [ -96.5471, 16.4735 ], [ -96.5547, 16.4809 ], [ -96.5582, 16.4794 ], [ -96.5677, 16.4931 ], [ -96.5736, 16.4943 ], [ -96.5603, 16.5026 ], [ -96.5612, 16.5206 ], [ -96.5473, 16.5252 ], [ -96.5429, 16.5222 ], [ -96.5384, 16.5244 ], [ -96.5369, 16.5184 ], [ -96.5295, 16.5209 ], [ -96.5224, 16.5135 ], [ -96.5057, 16.516 ], [ -96.5033, 16.5443 ], [ -96.4931, 16.5591 ], [ -96.4944, 16.5627 ], [ -96.4844, 16.5832 ], [ -96.4725, 16.5949 ] ] ] } },
{ "type": "Feature", "properties": { "cvegeo": "20236", "municipio_inegi": "San Marcial Ozolotepec", "clave": "san marcial ozolotepec", "region": "Valles Centrales", "sin_dato_siap": false }, "geometry": { "type": "Polygon", "coordinates": [ [ [ -96.4111, 16.0995 ], [ -96.3906, 16.0941 ], [ -96.3824, 16.0869 ], [ -96.3771, 16.0681 ], [ -96.3585, 16.0609 ], [ -96.3684, 16.0535 ], [ -96.3674, 16.0433 ], [ -96.3802, 16.0456 ], [ -96.3921, 16.0322 ], [ -96.3857, 16.0267 ], [ -96.3867, 16.0204 ], [ -96.3955, 16.0106 ], [ -96.4022, 16.0086 ], [ -96.3923, 15.9993 ], [ -96.4062, 15.9907 ], [ -96.4114, 15.9663 ], [ -96.4179, 15.9643 ], [ -96.4156, 15.968 ], [ -96.4242, 15.971 ], [ -96.4239, 15.982 ], [ -96.4298, 15.9819 ], [ -96.4308, 15.9915 ], [ -96.4382, 15.998 ], [ -96.4349, 16.0088 ], [ -96.4299, 16.01 ], [ -96.4271, 16.0157 ], [ -96.4298, 16.0201 ], [ -96.4246, 16.0183 ], [ -96.4244, 16.0241 ], [ -96.4205, 16.0223 ], [ -96.4221, 16.026 ], [ -96.417, 16.0292 ], [ -96.4106, 16.0425 ], [ -96.4099, 16.0556 ], [ -96.4156, 16.0592 ], [ -96.4182, 16.0709 ], [ -96.4237, 16.0712 ], [ -96.4271, 16.0919 ], [ -96.4256, 16.0984 ], [ -96.4111, 16.0995 ] ] ] } },
{ "type": "Feature", "properties": { "cvegeo": "20237", "municipio_inegi": "San Marcos Arteaga", "clave": "san marcos arteaga", "region": "Mixteca", "sin_dato_siap": false }, "geometry": { "type": "Polygon", "coordinates": [ [ [ -97.897, 17.7815 ], [ -97.9026, 17.7702 ], [ -97.9103, 17.7695 ], [ -97.9117, 17.7578 ], [ -97.9022, 17.7584 ], [ -97.8927, 17.749 ], [ -97.871, 17.7368 ], [ -97.8699, 17.7389 ], [ -97.8594, 17.7348 ], [ -97.8547, 17.7292 ], [ -97.8455, 17.7358 ], [ -97.8345, 17.7306 ], [ -97.834, 17.736 ], [ -97.8306, 17.7345 ], [ -97.8199, 17.7419 ], [ -97.8231, 17.7502 ], [ -97.8404, 17.7545 ], [ -97.8358, 17.7569 ], [ -97.822, 17.7545 ], [ -97.8177, 17.7501 ], [ -97.8147, 17.7518 ], [ -97.8169, 17.7561 ], [ -97.7999, 17.749 ], [ -97.7939, 17.7535 ], [ -97.7907, 17.739 ], [ -97.7928, 17.7346 ], [ -97.7806, 17.7311 ], [ -97.7778, 17.7364 ], [ -97.7734, 17.7285 ], [ -97.7733, 17.7035 ], [ -97.7778, 17.6944 ], [ -97.7894, 17.7167 ], [ -97.8037, 17.7144 ], [ -97.8028, 17.7061 ], [ -97.8203, 17.7078 ], [ -97.827, 17.7048 ], [ -97.8317, 17.726 ], [ -97.8409, 17.7199 ], [ -97.847, 17.7238 ], [ -97.8387, 17.705 ], [ -97.8461, 17.6968 ], [ -97.8464, 17.6895 ], [ -97.8522, 17.6916 ], [ -97.8572, 17.6869 ], [ -97.878, 17.7044 ], [ -97.8936, 17.6946 ], [ -97.9031, 17.7006 ], [ -97.9213, 17.6975 ], [ -97.9195, 17.7108 ], [ -97.939, 17.7163 ], [ -97.9407, 17.7252 ], [ -97.9376, 17.7257 ], [ -97.9456, 17.7332 ], [ -97.9555, 17.7292 ], [ -97.9748, 17.7333 ], [ -97.9786, 17.7295 ], [ -97.9866, 17.7311 ], [ -97.9913, 17.7247 ], [ -98.0003, 17.7241 ], [ -98.0042, 17.729 ], [ -98.0097, 17.7247 ], [ -98.0233, 17.7292 ], [ -98.0184, 17.7398 ], [ -98.0289, 17.7474 ], [ -98.0424, 17.743 ], [ -98.0393, 17.7372 ], [ -98.0472, 17.7335 ], [ -98.0498, 17.7206 ], [ -98.0581, 17.7225 ], [ -98.061, 17.7191 ], [ -98.0669, 17.7197 ], [ -98.0651, 17.7315 ], [ -98.0699, 17.7398 ], [ -98.0601, 17.7405 ], [ -98.0589, 17.744 ], [ -98.0448, 17.7422 ], [ -98.0537, 17.7524 ], [ -98.0472, 17.7559 ], [ -98.0405, 17.7566 ], [ -98.0223, 17.7491 ], [ -98.0093, 17.7375 ], [ -97.9899, 17.7523 ], [ -97.9464, 17.7463 ], [ -97.9447, 17.7552 ], [ -97.9511, 17.7737 ], [ -97.956, 17.7782 ], [ -97.9617, 17.7779 ], [ -97.9647, 17.7842 ], [ -97.9104, 17.8054 ], [ -97.9035, 17.7864 ], [ -97.897, 17.7815 ] ] ] } },
{ "type": "Feature", "properties": { "cvegeo": "20239", "municipio_inegi": "San Martín Huamelúlpam", "clave": "san martin huamelulpam", "region": "Mixteca", "sin_dato_siap": false }, "geometry": { "type": "Polygon", "coordinates": [ [ [ -97.5744, 17.4276 ], [ -97.5631, 17.4151 ], [ -97.5635, 17.401 ], [ -97.5725, 17.3928 ], [ -97.5738, 17.3858 ], [ -97.5872, 17.3841 ], [ -97.6029, 17.3748 ], [ -97.6048, 17.3653 ], [ -97.6194, 17.3628 ], [ -97.6231, 17.3681 ], [ -97.6503, 17.3796 ], [ -97.6563, 17.3907 ], [ -97.6549, 17.4031 ], [ -97.6428, 17.4121 ], [ -97.6099, 17.4136 ], [ -97.5974, 17.423 ], [ -97.5841, 17.4222 ], [ -97.5802, 17.4275 ], [ -97.5744, 17.4276 ] ] ] } },
{ "type": "Feature", "properties": { "cvegeo": "20249", "municipio_inegi": "San Mateo Yoloxochitlán", "clave": "san mateo yoloxochitlan", "region": "Cañada", "sin_dato_siap": false }, "geometry": { "type": "Polygon", "coordinates": [ [ [ -96.8651, 18.1558 ], [ -96.8532, 18.1517 ], [ -96.8612, 18.1286 ], [ -96.8848, 18.1294 ], [ -96.8832, 18.1476 ], [ -96.8651, 18.1558 ] ] ] } },
{ "type": "Feature", "properties": { "cvegeo": "20240", "municipio_inegi": "San Martín Itunyoso", "clave": "san martin itunyoso", "region": "Mixteca", "sin_dato_siap": false }, "geometry": { "type": "Polygon", "coordinates": [ [ [ -97.8368, 17.2422 ], [ -97.8208, 17.2384 ], [ -97.8098, 17.2434 ], [ -97.8091, 17.2364 ], [ -97.821, 17.2273 ], [ -97.8042, 17.2259 ], [ -97.8027, 17.1999 ], [ -97.8186, 17.1923 ], [ -97.8248, 17.1837 ], [ -97.8341, 17.1819 ], [ -97.8496, 17.1949 ], [ -97.8471, 17.2006 ], [ -97.8549, 17.2078 ], [ -97.8749, 17.1964 ], [ -97.8785, 17.1999 ], [ -97.8827, 17.183 ], [ -97.8919, 17.1785 ], [ -97.8999, 17.1799 ], [ -97.9158, 17.2024 ], [ -97.91, 17.2158 ], [ -97.8948, 17.2338 ], [ -97.8847, 17.2327 ], [ -97.8878, 17.2366 ], [ -97.8733, 17.2454 ], [ -97.8649, 17.242 ], [ -97.8613, 17.2492 ], [ -97.8347, 17.265 ], [ -97.8285, 17.257 ], [ -97.8368, 17.2422 ] ] ] } },
{ "type": "Feature", "properties": { "cvegeo": "20241", "municipio_inegi": "San Martín Lachilá", "clave": "san martin lachila", "region": "Valles Centrales", "sin_dato_siap": false }, "geometry": { "type": "Polygon", "coordinates": [ [ [ -96.8468, 16.6292 ], [ -96.8484, 16.621 ], [ -96.8312, 16.6167 ], [ -96.8394, 16.5929 ], [ -96.8502, 16.6044 ], [ -96.8643, 16.6094 ], [ -96.8796, 16.6233 ], [ -96.8717, 16.6317 ], [ -96.8468, 16.6292 ] ] ] } },
{ "type": "Feature", "properties": { "cvegeo": "20242", "municipio_inegi": "San Martín Peras", "clave": "san martin peras", "region": "Mixteca", "sin_dato_siap": false }, "geometry": { "type": "Polygon", "coordinates": [ [ [ -98.2956, 17.4427 ], [ -98.2636, 17.4399 ], [ -98.2197, 17.429 ], [ -98.2036, 17.4314 ], [ -98.2036, 17.4148 ], [ -98.195, 17.405 ], [ -98.1857, 17.4112 ], [ -98.1675, 17.3824 ], [ -98.1571, 17.3812 ], [ -98.1516, 17.3749 ], [ -98.1696, 17.3679 ], [ -98.1659, 17.3345 ], [ -98.1693, 17.3275 ], [ -98.1646, 17.311 ], [ -98.1671, 17.2828 ], [ -98.213, 17.2924 ], [ -98.2209, 17.2838 ], [ -98.2489, 17.2897 ], [ -98.2534, 17.2954 ], [ -98.2524, 17.3076 ], [ -98.2627, 17.3156 ], [ -98.2657, 17.3077 ], [ -98.2616, 17.3023 ], [ -98.2702, 17.2878 ], [ -98.2823, 17.2874 ], [ -98.2975, 17.2727 ], [ -98.3227, 17.2748 ], [ -98.3178, 17.3024 ], [ -98.3048, 17.3275 ], [ -98.2874, 17.329 ], [ -98.3049, 17.3943 ], [ -98.3359, 17.4563 ], [ -98.3324, 17.472 ], [ -98.2999, 17.453 ], [ -98.2956, 17.4427 ] ] ] } },
{ "type": "Feature", "properties": { "cvegeo": "20243", "municipio_inegi": "San Martín Tilcajete", "clave": "san martin tilcajete", "region": "Valles Centrales", "sin_dato_siap": false }, "geometry": { "type": "Polygon", "coordinates": [ [ [ -96.667, 16.8935 ], [ -96.6768, 16.8733 ], [ -96.6825, 16.8727 ], [ -96.6834, 16.8549 ], [ -96.6925, 16.8398 ], [ -96.7094, 16.8441 ], [ -96.7225, 16.8687 ], [ -96.7123, 16.8732 ], [ -96.7032, 16.8884 ], [ -96.6965, 16.8924 ], [ -96.7054, 16.8938 ], [ -96.7005, 16.9011 ], [ -96.6872, 16.8864 ], [ -96.6758, 16.9181 ], [ -96.6617, 16.9161 ], [ -96.667, 16.8935 ] ] ] } },
{ "type": "Feature", "properties": { "cvegeo": "20244", "municipio_inegi": "San Martín Toxpalan", "clave": "san martin toxpalan", "region": "Cañada", "sin_dato_siap": false }, "geometry": { "type": "Polygon", "coordinates": [ [ [ -96.968, 18.1104 ], [ -97.0736, 18.067 ], [ -97.0932, 18.0702 ], [ -97.0873, 18.079 ], [ -97.0876, 18.0853 ], [ -97.0996, 18.0914 ], [ -97.0946, 18.1011 ], [ -97.0772, 18.1099 ], [ -97.0785, 18.112 ], [ -97.046, 18.1218 ], [ -97.0049, 18.1433 ], [ -96.9951, 18.1534 ], [ -96.9691, 18.1323 ], [ -96.9663, 18.116 ], [ -96.968, 18.1104 ] ] ] } },
{ "type": "Feature", "properties": { "cvegeo": "20260", "municipio_inegi": "San Miguel Aloápam", "clave": "san miguel aloapam", "region": "Sierra Juárez", "sin_dato_siap": false }, "geometry": { "type": "Polygon", "coordinates": [ [ [ -96.6493, 17.4876 ], [ -96.6618, 17.4756 ], [ -96.655, 17.4677 ], [ -96.6409, 17.461 ], [ -96.6415, 17.4445 ], [ -96.6342, 17.4372 ], [ -96.6449, 17.427 ], [ -96.6623, 17.421 ], [ -96.6664, 17.4056 ], [ -96.6754, 17.4009 ], [ -96.6709, 17.3866 ], [ -96.6874, 17.3753 ], [ -96.7236, 17.3608 ], [ -96.7644, 17.3821 ], [ -96.7446, 17.4696 ], [ -96.7522, 17.4751 ], [ -96.7722, 17.4756 ], [ -96.7185, 17.495 ], [ -96.7155, 17.5023 ], [ -96.7081, 17.4922 ], [ -96.6721, 17.4875 ], [ -96.6565, 17.5064 ], [ -96.6349, 17.5065 ], [ -96.6453, 17.4987 ], [ -96.6493, 17.4876 ] ] ] } },
{ "type": "Feature", "properties": { "cvegeo": "20261", "municipio_inegi": "San Miguel Amatitlán", "clave": "san miguel amatitlan", "region": "Mixteca", "sin_dato_siap": false }, "geometry": { "type": "Polygon", "coordinates": [ [ [ -98.1153, 17.9794 ], [ -98.1078, 17.9828 ], [ -98.0989, 17.9817 ], [ -98.0947, 17.9853 ], [ -98.0752, 17.9806 ], [ -98.0655, 17.9856 ], [ -98.0516, 17.9822 ], [ -98.0516, 17.9275 ], [ -98.0102, 17.9333 ], [ -97.9833, 17.9244 ], [ -97.9891, 17.9065 ], [ -97.9827, 17.8859 ], [ -97.9085, 17.849 ], [ -97.9104, 17.8054 ], [ -97.9647, 17.7842 ], [ -97.977, 17.8073 ], [ -97.9738, 17.8108 ], [ -97.9766, 17.8201 ], [ -97.9633, 17.842 ], [ -97.966, 17.8647 ], [ -97.9797, 17.8746 ], [ -97.9833, 17.8728 ], [ -97.9865, 17.8757 ], [ -97.9921, 17.8705 ], [ -97.9992, 17.8778 ], [ -98.0057, 17.8789 ], [ -98.0163, 17.8708 ], [ -98.0142, 17.8649 ], [ -98.0171, 17.8625 ], [ -98.0079, 17.8454 ], [ -98.0456, 17.8199 ], [ -98.0464, 17.8286 ], [ -98.0567, 17.8461 ], [ -98.0621, 17.8457 ], [ -98.0693, 17.8589 ], [ -98.0693, 17.8821 ], [ -98.1, 17.8926 ], [ -98.0775, 17.9023 ], [ -98.0808, 17.9119 ], [ -98.0957, 17.9064 ], [ -98.0953, 17.9277 ], [ -98.1115, 17.9509 ], [ -98.1105, 17.9808 ], [ -98.1161, 17.976 ], [ -98.1299, 17.978 ], [ -98.131, 17.9877 ], [ -98.1153, 17.9794 ] ] ] } },
{ "type": "Feature", "properties": { "cvegeo": "20262", "municipio_inegi": "San Miguel Amatlán", "clave": "san miguel amatlan", "region": "Sierra Juárez", "sin_dato_siap": false }, "geometry": { "type": "Polygon", "coordinates": [ [ [ -96.4791, 17.2932 ], [ -96.4382, 17.2784 ], [ -96.4361, 17.2593 ], [ -96.4397, 17.2559 ], [ -96.4462, 17.2615 ], [ -96.4518, 17.2612 ], [ -96.4544, 17.257 ], [ -96.452, 17.2538 ], [ -96.4608, 17.2465 ], [ -96.4579, 17.2371 ], [ -96.4528, 17.2333 ], [ -96.452, 17.2239 ], [ -96.4577, 17.2197 ], [ -96.4479, 17.2124 ], [ -96.4532, 17.1983 ], [ -96.4438, 17.1815 ], [ -96.4335, 17.1797 ], [ -96.4339, 17.1702 ], [ -96.4386, 17.1683 ], [ -96.432, 17.161 ], [ -96.4292, 17.1493 ], [ -96.4252, 17.1471 ], [ -96.4151, 17.1505 ], [ -96.4087, 17.145 ], [ -96.4439, 17.1252 ], [ -96.4647, 17.1061 ], [ -96.4717, 17.1191 ], [ -96.4694, 17.1338 ], [ -96.4728, 17.1393 ], [ -96.4611, 17.1474 ], [ -96.4588, 17.1541 ], [ -96.4702, 17.171 ], [ -96.4703, 17.1877 ], [ -96.4664, 17.1968 ], [ -96.4739, 17.2083 ], [ -96.47, 17.2185 ], [ -96.4746, 17.2317 ], [ -96.4834, 17.2399 ], [ -96.4832, 17.2452 ], [ -96.4784, 17.246 ], [ -96.4758, 17.253 ], [ -96.47, 17.256 ], [ -96.4677, 17.2661 ], [ -96.4717, 17.2718 ], [ -96.4788, 17.2688 ], [ -96.4824, 17.273 ], [ -96.4841, 17.2689 ], [ -96.4905, 17.2719 ], [ -96.4907, 17.2815 ], [ -96.4791, 17.2932 ] ] ] } },
{ "type": "Feature", "properties": { "cvegeo": "20245", "municipio_inegi": "San Martín Zacatepec", "clave": "san martin zacatepec", "region": "Mixteca", "sin_dato_siap": false }, "geometry": { "type": "Polygon", "coordinates": [ [ [ -98.0831, 17.8572 ], [ -98.0669, 17.8561 ], [ -98.0621, 17.8457 ], [ -98.0567, 17.8461 ], [ -98.0464, 17.8286 ], [ -98.0465, 17.821 ], [ -98.0406, 17.822 ], [ -98.0323, 17.8085 ], [ -98.0411, 17.8011 ], [ -98.0374, 17.7873 ], [ -98.0432, 17.7803 ], [ -98.0523, 17.7846 ], [ -98.059, 17.7797 ], [ -98.0659, 17.7816 ], [ -98.0696, 17.7719 ], [ -98.0953, 17.8121 ], [ -98.1158, 17.8343 ], [ -98.102, 17.8488 ], [ -98.0897, 17.837 ], [ -98.0823, 17.8458 ], [ -98.0831, 17.8572 ] ] ] } },
{ "type": "Feature", "properties": { "cvegeo": "20246", "municipio_inegi": "San Mateo Cajonos", "clave": "san mateo cajonos", "region": "Sierra Juárez", "sin_dato_siap": false }, "geometry": { "type": "Polygon", "coordinates": [ [ [ -96.2002, 17.1772 ], [ -96.1791, 17.1453 ], [ -96.1621, 17.1321 ], [ -96.1784, 17.1311 ], [ -96.1975, 17.1365 ], [ -96.2163, 17.1511 ], [ -96.2218, 17.1631 ], [ -96.2106, 17.1775 ], [ -96.2002, 17.1772 ] ] ] } },
{ "type": "Feature", "properties": { "cvegeo": "20263", "municipio_inegi": "San Miguel Coatlán", "clave": "san miguel coatlan", "region": "Valles Centrales", "sin_dato_siap": false }, "geometry": { "type": "Polygon", "coordinates": [ [ [ -96.6275, 16.0942 ], [ -96.6503, 16.0858 ], [ -96.6655, 16.0994 ], [ -96.7336, 16.1405 ], [ -96.7277, 16.1908 ], [ -96.7143, 16.2111 ], [ -96.6954, 16.2526 ], [ -96.6591, 16.2361 ], [ -96.6548, 16.2106 ], [ -96.6462, 16.2015 ], [ -96.652, 16.1807 ], [ -96.6368, 16.1715 ], [ -96.6366, 16.1651 ], [ -96.646, 16.1545 ], [ -96.6466, 16.1453 ], [ -96.6387, 16.1399 ], [ -96.6328, 16.1277 ], [ -96.6341, 16.1127 ], [ -96.6275, 16.0942 ] ] ] } },
{ "type": "Feature", "properties": { "cvegeo": "20247", "municipio_inegi": "Capulálpam de Méndez", "clave": "capulalpam de mendez", "region": "Sierra Juárez", "sin_dato_siap": false }, "geometry": { "type": "Polygon", "coordinates": [ [ [ -96.4316, 17.3429 ], [ -96.4022, 17.3418 ], [ -96.3633, 17.3123 ], [ -96.3794, 17.3037 ], [ -96.4011, 17.3052 ], [ -96.4155, 17.2997 ], [ -96.4234, 17.3101 ], [ -96.4367, 17.3013 ], [ -96.4347, 17.2955 ], [ -96.4444, 17.2947 ], [ -96.4511, 17.2889 ], [ -96.4596, 17.2881 ], [ -96.4632, 17.2898 ], [ -96.4577, 17.2889 ], [ -96.4589, 17.2948 ], [ -96.471, 17.3123 ], [ -96.4316, 17.3429 ] ] ] } },
{ "type": "Feature", "properties": { "cvegeo": "20264", "municipio_inegi": "San Miguel Chicahua", "clave": "san miguel chicahua", "region": "Mixteca", "sin_dato_siap": false }, "geometry": { "type": "Polygon", "coordinates": [ [ [ -97.1615, 17.5888 ], [ -97.1786, 17.5873 ], [ -97.2097, 17.5969 ], [ -97.2447, 17.6022 ], [ -97.2495, 17.6271 ], [ -97.2121, 17.6551 ], [ -97.1726, 17.678 ], [ -97.1624, 17.651 ], [ -97.1615, 17.5888 ] ] ] } },
{ "type": "Feature", "properties": { "cvegeo": "20250", "municipio_inegi": "San Mateo Etlatongo", "clave": "san mateo etlatongo", "region": "Mixteca", "sin_dato_siap": false }, "geometry": { "type": "Polygon", "coordinates": [ [ [ -97.2361, 17.4286 ], [ -97.2286, 17.4277 ], [ -97.2303, 17.4245 ], [ -97.2253, 17.4202 ], [ -97.2482, 17.4041 ], [ -97.2632, 17.4059 ], [ -97.2953, 17.398 ], [ -97.2878, 17.4195 ], [ -97.2921, 17.4247 ], [ -97.2815, 17.4246 ], [ -97.2865, 17.4285 ], [ -97.2878, 17.4367 ], [ -97.2843, 17.4385 ], [ -97.2568, 17.4491 ], [ -97.2361, 17.4286 ] ] ] } },
{ "type": "Feature", "properties": { "cvegeo": "20251", "municipio_inegi": "San Mateo Nejápam", "clave": "san mateo nejapam", "region": "Mixteca", "sin_dato_siap": false }, "geometry": { "type": "Polygon", "coordinates": [ [ [ -98.4035, 17.6931 ], [ -98.4004, 17.653 ], [ -98.3772, 17.6315 ], [ -98.3691, 17.6295 ], [ -98.3748, 17.6054 ], [ -98.4102, 17.5998 ], [ -98.4331, 17.623 ], [ -98.4505, 17.6333 ], [ -98.461, 17.6304 ], [ -98.4707, 17.6781 ], [ -98.4548, 17.6789 ], [ -98.4409, 17.6879 ], [ -98.4197, 17.6928 ], [ -98.4035, 17.6931 ] ] ] } },
{ "type": "Feature", "properties": { "cvegeo": "20265", "municipio_inegi": "San Miguel Chimalapa", "clave": "san miguel chimalapa", "region": "Istmo", "sin_dato_siap": false }, "geometry": { "type": "Polygon", "coordinates": [ [ [ -94.6668, 16.7253 ], [ -94.6048, 16.7172 ], [ -94.0443, 16.7122 ], [ -94.0456, 16.695 ], [ -94.1335, 16.476 ], [ -94.1309, 16.5075 ], [ -94.1862, 16.5084 ], [ -94.1908, 16.5256 ], [ -94.1988, 16.5311 ], [ -94.1999, 16.5513 ], [ -94.2109, 16.5469 ], [ -94.2135, 16.5549 ], [ -94.227, 16.5543 ], [ -94.2451, 16.5706 ], [ -94.2532, 16.5691 ], [ -94.2565, 16.5607 ], [ -94.2702, 16.5522 ], [ -94.2688, 16.5859 ], [ -94.3129, 16.5729 ], [ -94.3161, 16.597 ], [ -94.3587, 16.5857 ], [ -94.3592, 16.5763 ], [ -94.3669, 16.5776 ], [ -94.3767, 16.5626 ], [ -94.3874, 16.572 ], [ -94.4042, 16.5767 ], [ -94.4234, 16.5711 ], [ -94.4157, 16.5852 ], [ -94.464, 16.5948 ], [ -94.4684, 16.6382 ], [ -94.4798, 16.6376 ], [ -94.4901, 16.6 ], [ -94.5376, 16.6095 ], [ -94.5406, 16.6162 ], [ -94.5561, 16.6136 ], [ -94.6371, 16.6299 ], [ -94.635, 16.6433 ], [ -94.6511, 16.6471 ], [ -94.6527, 16.6429 ], [ -94.6645, 16.6456 ], [ -94.6689, 16.6382 ], [ -94.6951, 16.6399 ], [ -94.7596, 16.6523 ], [ -94.7536, 16.6255 ], [ -94.7551, 16.6119 ], [ -94.8343, 16.619 ], [ -94.849, 16.6312 ], [ -94.8299, 16.6707 ], [ -94.8136, 16.6704 ], [ -94.8115, 16.6885 ], [ -94.827, 16.7053 ], [ -94.8225, 16.7258 ], [ -94.8352, 16.7439 ], [ -94.8354, 16.7486 ], [ -94.8215, 16.7708 ], [ -94.8112, 16.7728 ], [ -94.758, 16.7522 ], [ -94.6668, 16.7253 ] ] ] } },
{ "type": "Feature", "properties": { "cvegeo": "20266", "municipio_inegi": "San Miguel del Puerto", "clave": "san miguel del puerto", "region": "Costa", "sin_dato_siap": false }, "geometry": { "type": "Polygon", "coordinates": [ [ [ -96.1194, 16.1142 ], [ -96.0879, 16.0925 ], [ -96.0874, 16.0979 ], [ -96.0509, 16.0917 ], [ -96.0204, 16.076 ], [ -96.0241, 16.0651 ], [ -95.9959, 16.0334 ], [ -96.0139, 16.043 ], [ -96.0314, 16.0474 ], [ -96.0456, 16.0368 ], [ -96.0614, 16.0382 ], [ -96.0552, 16.0143 ], [ -96.0564, 16.0055 ], [ -96.0511, 15.9938 ], [ -96.034, 16.0048 ], [ -96.0101, 16.0035 ], [ -96.0019, 16.0256 ], [ -95.9979, 15.9658 ], [ -95.9878, 15.9541 ], [ -95.9942, 15.9542 ], [ -95.9672, 15.9375 ], [ -95.9817, 15.9196 ], [ -96.0095, 15.8994 ], [ -96.0148, 15.8701 ], [ -96.0034, 15.8081 ], [ -96.0338, 15.7911 ], [ -96.0508, 15.7894 ], [ -96.0444, 15.794 ], [ -96.0504, 15.8047 ], [ -96.0638, 15.8128 ], [ -96.0669, 15.8251 ], [ -96.0784, 15.8274 ], [ -96.077, 15.8403 ], [ -96.0834, 15.8362 ], [ -96.0993, 15.835 ], [ -96.1092, 15.8486 ], [ -96.1114, 15.8594 ], [ -96.1203, 15.8604 ], [ -96.1121, 15.8704 ], [ -96.2167, 15.8673 ], [ -96.2417, 15.872 ], [ -96.2479, 15.88 ], [ -96.2491, 15.8999 ], [ -96.2328, 15.9021 ], [ -96.2467, 15.9155 ], [ -96.2384, 15.9352 ], [ -96.2421, 15.9404 ], [ -96.2361, 15.945 ], [ -96.2399, 15.9519 ], [ -96.2426, 15.9491 ], [ -96.2448, 15.9534 ], [ -96.2455, 15.9638 ], [ -96.2419, 15.9591 ], [ -96.2407, 15.964 ], [ -96.2364, 15.9609 ], [ -96.2279, 15.9646 ], [ -96.2146, 15.9559 ], [ -96.2171, 15.9496 ], [ -96.2094, 15.9485 ], [ -96.1946, 15.9623 ], [ -96.1951, 15.9686 ], [ -96.2049, 15.9755 ], [ -96.1895, 15.9689 ], [ -96.1791, 15.9721 ], [ -96.1483, 15.9598 ], [ -96.1439, 15.9626 ], [ -96.1372, 15.9876 ], [ -96.1229, 15.9857 ], [ -96.125, 15.9893 ], [ -96.1173, 15.997 ], [ -96.1259, 16.0102 ], [ -96.1179, 16.0065 ], [ -96.1259, 16.0166 ], [ -96.1233, 16.0203 ], [ -96.1324, 16.0304 ], [ -96.1407, 16.0273 ], [ -96.1512, 16.0346 ], [ -96.167, 16.0347 ], [ -96.172, 16.0392 ], [ -96.1697, 16.0437 ], [ -96.1423, 16.0457 ], [ -96.1371, 16.0379 ], [ -96.142, 16.0505 ], [ -96.1318, 16.0756 ], [ -96.1339, 16.0958 ], [ -96.1194, 16.1142 ] ] ] } },
{ "type": "Feature", "properties": { "cvegeo": "20267", "municipio_inegi": "San Miguel del Río", "clave": "san miguel del rio", "region": "Sierra Juárez", "sin_dato_siap": false }, "geometry": { "type": "Polygon", "coordinates": [ [ [ -96.5487, 17.3264 ], [ -96.5643, 17.3148 ], [ -96.5655, 17.3096 ], [ -96.593, 17.3199 ], [ -96.5885, 17.3367 ], [ -96.5762, 17.3498 ], [ -96.5721, 17.3488 ], [ -96.5728, 17.3437 ], [ -96.5691, 17.343 ], [ -96.572, 17.3393 ], [ -96.5646, 17.3355 ], [ -96.5628, 17.3296 ], [ -96.5568, 17.3298 ], [ -96.555, 17.3254 ], [ -96.5487, 17.3264 ] ] ] } },
{ "type": "Feature", "properties": { "cvegeo": "20252", "municipio_inegi": "San Mateo Peñasco", "clave": "san mateo penasco", "region": "Mixteca", "sin_dato_siap": false }, "geometry": { "type": "Polygon", "coordinates": [ [ [ -97.4571, 17.1742 ], [ -97.4453, 17.1629 ], [ -97.4399, 17.1483 ], [ -97.4428, 17.1341 ], [ -97.4376, 17.1316 ], [ -97.4453, 17.1207 ], [ -97.4736, 17.1049 ], [ -97.4906, 17.1404 ], [ -97.5154, 17.1447 ], [ -97.5253, 17.1348 ], [ -97.5481, 17.1217 ], [ -97.558, 17.1209 ], [ -97.5671, 17.1252 ], [ -97.5615, 17.1364 ], [ -97.5524, 17.1428 ], [ -97.5453, 17.1597 ], [ -97.5502, 17.1678 ], [ -97.5424, 17.1735 ], [ -97.5344, 17.1713 ], [ -97.5204, 17.1755 ], [ -97.5089, 17.1634 ], [ -97.4916, 17.1652 ], [ -97.4855, 17.1613 ], [ -97.4785, 17.1685 ], [ -97.4709, 17.1665 ], [ -97.4571, 17.1742 ] ] ] } },
{ "type": "Feature", "properties": { "cvegeo": "20253", "municipio_inegi": "San Mateo Piñas", "clave": "san mateo pinas", "region": "Costa", "sin_dato_siap": false }, "geometry": { "type": "Polygon", "coordinates": [ [ [ -96.3474, 16.0261 ], [ -96.3277, 16.0255 ], [ -96.3201, 16.0303 ], [ -96.2921, 16.035 ], [ -96.2922, 16.0296 ], [ -96.2846, 16.0205 ], [ -96.294, 16.0217 ], [ -96.2974, 16.0116 ], [ -96.3101, 16.0126 ], [ -96.3106, 16.0084 ], [ -96.2967, 16.0035 ], [ -96.2899, 15.9943 ], [ -96.2785, 15.9957 ], [ -96.2737, 15.9851 ], [ -96.2808, 15.9705 ], [ -96.2639, 15.9701 ], [ -96.2651, 15.9633 ], [ -96.2588, 15.9593 ], [ -96.2556, 15.9613 ], [ -96.2699, 15.9442 ], [ -96.2802, 15.9449 ], [ -96.2943, 15.9384 ], [ -96.2919, 15.9368 ], [ -96.2965, 15.9245 ], [ -96.277, 15.9181 ], [ -96.276, 15.9256 ], [ -96.2634, 15.9194 ], [ -96.2738, 15.9177 ], [ -96.2749, 15.9101 ], [ -96.2828, 15.9063 ], [ -96.2897, 15.9136 ], [ -96.3162, 15.9139 ], [ -96.324, 15.9176 ], [ -96.3258, 15.9227 ], [ -96.3331, 15.9188 ], [ -96.3327, 15.9089 ], [ -96.3521, 15.9037 ], [ -96.3803, 15.923 ], [ -96.3919, 15.9239 ], [ -96.3936, 15.9373 ], [ -96.3856, 15.9546 ], [ -96.3932, 15.9562 ], [ -96.3995, 15.9646 ], [ -96.412, 15.9652 ], [ -96.4062, 15.9907 ], [ -96.3923, 15.9993 ], [ -96.4022, 16.0086 ], [ -96.3955, 16.0106 ], [ -96.3867, 16.0204 ], [ -96.3857, 16.0267 ], [ -96.3923, 16.0319 ], [ -96.3802, 16.0456 ], [ -96.3674, 16.0433 ], [ -96.3474, 16.0261 ] ] ] } },
{ "type": "Feature", "properties": { "cvegeo": "20254", "municipio_inegi": "San Mateo Río Hondo", "clave": "san mateo rio hondo", "region": "Valles Centrales", "sin_dato_siap": false }, "geometry": { "type": "Polygon", "coordinates": [ [ [ -96.4896, 16.1877 ], [ -96.4759, 16.1791 ], [ -96.4697, 16.1817 ], [ -96.4565, 16.176 ], [ -96.4487, 16.1768 ], [ -96.4414, 16.1716 ], [ -96.4318, 16.1576 ], [ -96.4293, 16.1405 ], [ -96.4163, 16.1535 ], [ -96.4029, 16.1573 ], [ -96.4067, 16.1436 ], [ -96.4044, 16.139 ], [ -96.4151, 16.1268 ], [ -96.4145, 16.1166 ], [ -96.4208, 16.1124 ], [ -96.4334, 16.1126 ], [ -96.4359, 16.12 ], [ -96.4489, 16.1276 ], [ -96.4615, 16.1243 ], [ -96.467, 16.1097 ], [ -96.4832, 16.1201 ], [ -96.5127, 16.1023 ], [ -96.4984, 16.0822 ], [ -96.5155, 16.0614 ], [ -96.5135, 16.0576 ], [ -96.504, 16.0602 ], [ -96.5026, 16.0522 ], [ -96.5062, 16.0471 ], [ -96.5126, 16.0467 ], [ -96.5199, 16.0358 ], [ -96.5191, 16.0244 ], [ -96.5245, 16.0256 ], [ -96.5205, 16.0159 ], [ -96.5258, 16.0163 ], [ -96.5252, 16.0121 ], [ -96.5397, 16.0133 ], [ -96.5419, 16.02 ], [ -96.5515, 16.0243 ], [ -96.5506, 16.0306 ], [ -96.5474, 16.0308 ], [ -96.5492, 16.0339 ], [ -96.5399, 16.0396 ], [ -96.5417, 16.0473 ], [ -96.5542, 16.0488 ], [ -96.5694, 16.0591 ], [ -96.5734, 16.0633 ], [ -96.5643, 16.0701 ], [ -96.5773, 16.0818 ], [ -96.6275, 16.0942 ], [ -96.6341, 16.1127 ], [ -96.6216, 16.1135 ], [ -96.598, 16.1412 ], [ -96.5921, 16.1431 ], [ -96.5839, 16.1575 ], [ -96.5842, 16.1708 ], [ -96.5596, 16.1805 ], [ -96.5522, 16.1778 ], [ -96.5139, 16.188 ], [ -96.5059, 16.1837 ], [ -96.4896, 16.1877 ] ] ] } },
{ "type": "Feature", "properties": { "cvegeo": "20255", "municipio_inegi": "San Mateo Sindihui", "clave": "san mateo sindihui", "region": "Mixteca", "sin_dato_siap": false }, "geometry": { "type": "Polygon", "coordinates": [ [ [ -97.3918, 17.1139 ], [ -97.3648, 17.0595 ], [ -97.3537, 17.0524 ], [ -97.3538, 17.0566 ], [ -97.3494, 17.0576 ], [ -97.3506, 17.0621 ], [ -97.3476, 17.0597 ], [ -97.3462, 17.0635 ], [ -97.3415, 17.0609 ], [ -97.3341, 17.0651 ], [ -97.3336, 17.0548 ], [ -97.3237, 17.0488 ], [ -97.3229, 17.0215 ], [ -97.3186, 17.0148 ], [ -97.3232, 17.0091 ], [ -97.3229, 16.9969 ], [ -97.3143, 16.972 ], [ -97.3183, 16.9588 ], [ -97.3234, 16.9565 ], [ -97.3226, 16.9502 ], [ -97.3485, 16.9425 ], [ -97.3541, 16.945 ], [ -97.3794, 16.9408 ], [ -97.437, 16.9409 ], [ -97.4282, 16.9513 ], [ -97.4212, 16.951 ], [ -97.4225, 16.976 ], [ -97.4169, 16.9968 ], [ -97.4217, 17.0192 ], [ -97.4197, 17.0237 ], [ -97.402, 17.0333 ], [ -97.3918, 17.1139 ] ] ] } },
{ "type": "Feature", "properties": { "cvegeo": "20256", "municipio_inegi": "San Mateo Tlapiltepec", "clave": "san mateo tlapiltepec", "region": "Mixteca", "sin_dato_siap": false }, "geometry": { "type": "Polygon", "coordinates": [ [ [ -97.4278, 17.8289 ], [ -97.4064, 17.8214 ], [ -97.4002, 17.8232 ], [ -97.4072, 17.7938 ], [ -97.4132, 17.7839 ], [ -97.4231, 17.7793 ], [ -97.4482, 17.7855 ], [ -97.4562, 17.7913 ], [ -97.4528, 17.802 ], [ -97.4546, 17.815 ], [ -97.4487, 17.8256 ], [ -97.4278, 17.8289 ] ] ] } },
{ "type": "Feature", "properties": { "cvegeo": "20276", "municipio_inegi": "San Miguel Santa Flor", "clave": "san miguel santa flor", "region": "Cañada", "sin_dato_siap": false }, "geometry": { "type": "Polygon", "coordinates": [ [ [ -96.8022, 17.9507 ], [ -96.7918, 17.9361 ], [ -96.7842, 17.9415 ], [ -96.7832, 17.9472 ], [ -96.7733, 17.917 ], [ -96.7919, 17.8908 ], [ -96.8243, 17.918 ], [ -96.8345, 17.9223 ], [ -96.8349, 17.9276 ], [ -96.8239, 17.9244 ], [ -96.8125, 17.9318 ], [ -96.8092, 17.9289 ], [ -96.802, 17.9422 ], [ -96.8022, 17.9507 ] ] ] } },
{ "type": "Feature", "properties": { "cvegeo": "20277", "municipio_inegi": "Villa Sola de Vega", "clave": "villa sola de vega", "region": "Valles Centrales", "sin_dato_siap": false }, "geometry": { "type": "Polygon", "coordinates": [ [ [ -97.2215, 16.8657 ], [ -97.2222, 16.8567 ], [ -97.2267, 16.854 ], [ -97.222, 16.8491 ], [ -97.211, 16.8585 ], [ -97.2085, 16.856 ], [ -97.2067, 16.8629 ], [ -97.1962, 16.8553 ], [ -97.1684, 16.8519 ], [ -97.1688, 16.8286 ], [ -97.173, 16.819 ], [ -97.1786, 16.8173 ], [ -97.1789, 16.8072 ], [ -97.1882, 16.7952 ], [ -97.1877, 16.7851 ], [ -97.1843, 16.7799 ], [ -97.1758, 16.7767 ], [ -97.1723, 16.7654 ], [ -97.1679, 16.7642 ], [ -97.1656, 16.7583 ], [ -97.1462, 16.7636 ], [ -97.157, 16.7509 ], [ -97.1561, 16.7475 ], [ -97.1736, 16.7356 ], [ -97.1678, 16.7263 ], [ -97.1681, 16.7151 ], [ -97.1724, 16.7169 ], [ -97.1736, 16.7236 ], [ -97.1835, 16.7289 ], [ -97.2054, 16.7192 ], [ -97.1823, 16.7073 ], [ -97.1828, 16.7009 ], [ -97.1761, 16.691 ], [ -97.1616, 16.6858 ], [ -97.172, 16.682 ], [ -97.1876, 16.6653 ], [ -97.1893, 16.6578 ], [ -97.1813, 16.6623 ], [ -97.1618, 16.6593 ], [ -97.1553, 16.6666 ], [ -97.1421, 16.6717 ], [ -97.1331, 16.6522 ], [ -97.1262, 16.6475 ], [ -97.1147, 16.6469 ], [ -97.1044, 16.6378 ], [ -97.0958, 16.6246 ], [ -97.1004, 16.621 ], [ -97.0992, 16.6176 ], [ -97.1034, 16.6167 ], [ -97.0999, 16.601 ], [ -97.0907, 16.5939 ], [ -97.0905, 16.5838 ], [ -97.0557, 16.5717 ], [ -97.058, 16.5619 ], [ -97.0668, 16.5632 ], [ -97.0786, 16.5565 ], [ -97.0691, 16.5345 ], [ -97.0434, 16.5155 ], [ -97.011, 16.5379 ], [ -97.0168, 16.5465 ], [ -97.0074, 16.5494 ], [ -97.0034, 16.543 ], [ -96.9918, 16.5479 ], [ -96.9883, 16.5817 ], [ -96.9968, 16.5921 ], [ -96.9975, 16.6114 ], [ -97.0035, 16.6332 ], [ -96.9974, 16.6426 ], [ -96.9992, 16.6482 ], [ -96.9947, 16.6581 ], [ -97.0012, 16.6763 ], [ -96.9947, 16.6799 ], [ -96.9857, 16.6975 ], [ -96.9787, 16.6985 ], [ -96.9791, 16.724 ], [ -96.9478, 16.7248 ], [ -96.9283, 16.6412 ], [ -96.9246, 16.6384 ], [ -96.9356, 16.638 ], [ -96.9454, 16.6302 ], [ -96.9612, 16.6316 ], [ -96.9685, 16.6277 ], [ -96.9799, 16.6315 ], [ -96.9865, 16.63 ], [ -96.9752, 16.6171 ], [ -96.9639, 16.5895 ], [ -96.9722, 16.5671 ], [ -96.9812, 16.5604 ], [ -96.9801, 16.5524 ], [ -96.9861, 16.543 ], [ -96.9839, 16.5367 ], [ -96.9937, 16.5297 ], [ -96.9928, 16.5174 ], [ -96.9877, 16.5144 ], [ -96.9811, 16.516 ], [ -96.9758, 16.5326 ], [ -96.9795, 16.5417 ], [ -96.9771, 16.5455 ], [ -96.9714, 16.546 ], [ -96.9675, 16.556 ], [ -96.953, 16.556 ], [ -96.9598, 16.5675 ], [ -96.956, 16.5756 ], [ -96.9299, 16.5724 ], [ -96.9324, 16.5679 ], [ -96.924, 16.5689 ], [ -96.9237, 16.5579 ], [ -96.9295, 16.5589 ], [ -96.9393, 16.5543 ], [ -96.9402, 16.5523 ], [ -96.9395, 16.5498 ], [ -96.9405, 16.5477 ], [ -96.9399, 16.5462 ], [ -96.9402, 16.5458 ], [ -96.9469, 16.5482 ], [ -96.9519, 16.5442 ], [ -96.9614, 16.526 ], [ -96.9762, 16.5188 ], [ -96.9752, 16.507 ], [ -96.9632, 16.5005 ], [ -96.9644, 16.4957 ], [ -96.9551, 16.4871 ], [ -96.9451, 16.4823 ], [ -96.9342, 16.4847 ], [ -96.9404, 16.4742 ], [ -96.9345, 16.4676 ], [ -96.922, 16.4698 ], [ -96.9093, 16.4779 ], [ -96.8545, 16.4622 ], [ -96.8534, 16.4579 ], [ -96.8497, 16.4578 ], [ -96.8565, 16.4558 ], [ -96.866, 16.4453 ], [ -96.8677, 16.4248 ], [ -96.8804, 16.4093 ], [ -96.8852, 16.3787 ], [ -96.8782, 16.3745 ], [ -96.8925, 16.3667 ], [ -96.8852, 16.3512 ], [ -96.8827, 16.3494 ], [ -96.8791, 16.3539 ], [ -96.874, 16.3422 ], [ -96.8822, 16.3385 ], [ -96.8813, 16.3329 ], [ -96.8858, 16.3263 ], [ -96.8697, 16.3297 ], [ -96.8572, 16.3137 ], [ -96.8499, 16.3165 ], [ -96.867, 16.3001 ], [ -96.8696, 16.2921 ], [ -96.8662, 16.2861 ], [ -96.8733, 16.2848 ], [ -96.876, 16.2764 ], [ -96.8791, 16.279 ], [ -96.877, 16.2856 ], [ -96.886, 16.2865 ], [ -96.8837, 16.2931 ], [ -96.8943, 16.2924 ], [ -96.8999, 16.3014 ], [ -96.9097, 16.3032 ], [ -96.9086, 16.315 ], [ -96.9172, 16.3212 ], [ -96.9143, 16.3264 ], [ -96.925, 16.3206 ], [ -96.9275, 16.3123 ], [ -96.9399, 16.3165 ], [ -96.9343, 16.321 ], [ -96.9373, 16.3263 ], [ -96.9414, 16.3217 ], [ -96.9582, 16.323 ], [ -96.9732, 16.3179 ], [ -96.9834, 16.3206 ], [ -96.985, 16.3253 ], [ -96.9924, 16.3221 ], [ -96.9992, 16.3351 ], [ -97.0051, 16.3375 ], [ -97.0127, 16.3341 ], [ -97.0202, 16.3437 ], [ -97.0185, 16.3482 ], [ -97.0262, 16.3529 ], [ -97.0316, 16.3539 ], [ -97.0476, 16.3476 ], [ -97.0467, 16.3548 ], [ -97.0534, 16.3536 ], [ -97.0547, 16.3605 ], [ -97.0602, 16.3608 ], [ -97.0591, 16.3683 ], [ -97.0641, 16.3622 ], [ -97.0706, 16.3668 ], [ -97.0722, 16.3627 ], [ -97.0776, 16.3661 ], [ -97.0829, 16.3627 ], [ -97.0819, 16.3552 ], [ -97.0869, 16.347 ], [ -97.0973, 16.3474 ], [ -97.105, 16.3651 ], [ -97.1134, 16.3621 ], [ -97.1203, 16.352 ], [ -97.1257, 16.3582 ], [ -97.129, 16.3513 ], [ -97.1335, 16.3558 ], [ -97.1381, 16.3507 ], [ -97.1552, 16.3523 ], [ -97.1658, 16.362 ], [ -97.1651, 16.3512 ], [ -97.1741, 16.3537 ], [ -97.1887, 16.3467 ], [ -97.1912, 16.3497 ], [ -97.1873, 16.3562 ], [ -97.1949, 16.3572 ], [ -97.2037, 16.3642 ], [ -97.2135, 16.361 ], [ -97.2166, 16.3671 ], [ -97.2309, 16.3729 ], [ -97.2213, 16.3804 ], [ -97.2214, 16.3902 ], [ -97.2107, 16.3983 ], [ -97.2118, 16.406 ], [ -97.2046, 16.4054 ], [ -97.2043, 16.4209 ], [ -97.1915, 16.4255 ], [ -97.1814, 16.4225 ], [ -97.1786, 16.4246 ], [ -97.175, 16.4375 ], [ -97.171, 16.438 ], [ -97.1602, 16.4585 ], [ -97.1647, 16.4762 ], [ -97.1201, 16.4849 ], [ -97.1216, 16.4964 ], [ -97.1177, 16.5064 ], [ -97.1346, 16.552 ], [ -97.1459, 16.5542 ], [ -97.1522, 16.5652 ], [ -97.1508, 16.5751 ], [ -97.1599, 16.598 ], [ -97.1986, 16.647 ], [ -97.2009, 16.6579 ], [ -97.1951, 16.6706 ], [ -97.1991, 16.698 ], [ -97.2055, 16.6997 ], [ -97.2109, 16.709 ], [ -97.2153, 16.7071 ], [ -97.2197, 16.7102 ], [ -97.2158, 16.7129 ], [ -97.2211, 16.7158 ], [ -97.2201, 16.7381 ], [ -97.1881, 16.757 ], [ -97.1857, 16.7628 ], [ -97.2244, 16.7529 ], [ -97.2575, 16.7574 ], [ -97.2767, 16.7679 ], [ -97.2794, 16.7799 ], [ -97.2576, 16.7953 ], [ -97.252, 16.8085 ], [ -97.2442, 16.8145 ], [ -97.2572, 16.8335 ], [ -97.2571, 16.8395 ], [ -97.2755, 16.847 ], [ -97.2785, 16.8595 ], [ -97.283, 16.8633 ], [ -97.2777, 16.8667 ], [ -97.2674, 16.8523 ], [ -97.2504, 16.851 ], [ -97.2455, 16.8608 ], [ -97.2215, 16.8657 ] ] ] } },
{ "type": "Feature", "properties": { "cvegeo": "20257", "municipio_inegi": "San Melchor Betaza", "clave": "san melchor betaza", "region": "Sierra Juárez", "sin_dato_siap": false }, "geometry": { "type": "Polygon", "coordinates": [ [ [ -96.135, 17.2766 ], [ -96.127, 17.2681 ], [ -96.1204, 17.272 ], [ -96.1114, 17.261 ], [ -96.1302, 17.2378 ], [ -96.1367, 17.238 ], [ -96.1378, 17.2342 ], [ -96.1461, 17.2312 ], [ -96.138, 17.2263 ], [ -96.1387, 17.2073 ], [ -96.166, 17.2106 ], [ -96.169, 17.23 ], [ -96.1842, 17.2372 ], [ -96.1783, 17.2506 ], [ -96.1856, 17.2604 ], [ -96.1779, 17.2669 ], [ -96.1648, 17.266 ], [ -96.1583, 17.268 ], [ -96.1547, 17.2739 ], [ -96.135, 17.2766 ] ] ] } },
{ "type": "Feature", "properties": { "cvegeo": "20278", "municipio_inegi": "San Miguel Soyaltepec", "clave": "san miguel soyaltepec", "region": "Papaloapan", "sin_dato_siap": false }, "geometry": { "type": "Polygon", "coordinates": [ [ [ -96.4246, 18.3987 ], [ -96.4165, 18.3946 ], [ -96.4117, 18.3819 ], [ -96.4055, 18.3783 ], [ -96.3987, 18.3832 ], [ -96.3929, 18.3825 ], [ -96.386, 18.3653 ], [ -96.3824, 18.3646 ], [ -96.3817, 18.3558 ], [ -96.3721, 18.3466 ], [ -96.3176, 18.3583 ], [ -96.3199, 18.3552 ], [ -96.3135, 18.3459 ], [ -96.3175, 18.3401 ], [ -96.3133, 18.335 ], [ -96.315, 18.3314 ], [ -96.3127, 18.3276 ], [ -96.3056, 18.329 ], [ -96.3054, 18.3248 ], [ -96.3099, 18.3224 ], [ -96.3018, 18.318 ], [ -96.3107, 18.2863 ], [ -96.3047, 18.2804 ], [ -96.3039, 18.2733 ], [ -96.2919, 18.2657 ], [ -96.2965, 18.2586 ], [ -96.2815, 18.2584 ], [ -96.2674, 18.2451 ], [ -96.2689, 18.2247 ], [ -96.2594, 18.214 ], [ -96.2623, 18.2093 ], [ -96.2554, 18.2077 ], [ -96.2564, 18.2001 ], [ -96.2737, 18.2021 ], [ -96.2757, 18.1678 ], [ -96.283, 18.165 ], [ -96.2864, 18.1675 ], [ -96.3026, 18.1534 ], [ -96.296, 18.1468 ], [ -96.31, 18.1505 ], [ -96.3251, 18.1677 ], [ -96.3227, 18.1567 ], [ -96.3321, 18.1651 ], [ -96.3276, 18.1543 ], [ -96.3326, 18.1555 ], [ -96.325, 18.1417 ], [ -96.3337, 18.1408 ], [ -96.3448, 18.1451 ], [ -96.3449, 18.1388 ], [ -96.3517, 18.1401 ], [ -96.3593, 18.1362 ], [ -96.3766, 18.1492 ], [ -96.3793, 18.1571 ], [ -96.3849, 18.1587 ], [ -96.392, 18.146 ], [ -96.3976, 18.146 ], [ -96.3928, 18.1427 ], [ -96.396, 18.1393 ], [ -96.4002, 18.1413 ], [ -96.4003, 18.134 ], [ -96.4043, 18.1383 ], [ -96.4176, 18.1231 ], [ -96.4397, 18.1137 ], [ -96.4469, 18.1008 ], [ -96.4625, 18.1105 ], [ -96.4742, 18.1128 ], [ -96.4692, 18.1237 ], [ -96.4847, 18.1241 ], [ -96.4852, 18.1279 ], [ -96.4864, 18.1241 ], [ -96.4958, 18.1243 ], [ -96.4883, 18.1364 ], [ -96.5014, 18.1645 ], [ -96.5103, 18.1679 ], [ -96.5116, 18.1809 ], [ -96.5169, 18.1839 ], [ -96.5173, 18.1784 ], [ -96.5203, 18.1784 ], [ -96.5327, 18.1903 ], [ -96.5397, 18.191 ], [ -96.5506, 18.2001 ], [ -96.5538, 18.2055 ], [ -96.55, 18.2165 ], [ -96.5544, 18.2237 ], [ -96.5586, 18.2219 ], [ -96.5565, 18.2158 ], [ -96.5587, 18.2203 ], [ -96.5641, 18.2165 ], [ -96.572, 18.2187 ], [ -96.5767, 18.2163 ], [ -96.5806, 18.22 ], [ -96.5859, 18.2151 ], [ -96.5817, 18.2094 ], [ -96.5925, 18.2054 ], [ -96.6014, 18.205 ], [ -96.6121, 18.2117 ], [ -96.6133, 18.2088 ], [ -96.6176, 18.2111 ], [ -96.6237, 18.2198 ], [ -96.6143, 18.2371 ], [ -96.6038, 18.2426 ], [ -96.6091, 18.2471 ], [ -96.6057, 18.2524 ], [ -96.6097, 18.2547 ], [ -96.6017, 18.2508 ], [ -96.6, 18.2577 ], [ -96.5904, 18.2575 ], [ -96.5953, 18.2617 ], [ -96.5932, 18.2678 ], [ -96.604, 18.2699 ], [ -96.6109, 18.2754 ], [ -96.6002, 18.2849 ], [ -96.6044, 18.2916 ], [ -96.5967, 18.2972 ], [ -96.5949, 18.3036 ], [ -96.6024, 18.3045 ], [ -96.6131, 18.3132 ], [ -96.6274, 18.3123 ], [ -96.6269, 18.3293 ], [ -96.6306, 18.3265 ], [ -96.6361, 18.3285 ], [ -96.6346, 18.3249 ], [ -96.6416, 18.3194 ], [ -96.6422, 18.3249 ], [ -96.6451, 18.3226 ], [ -96.6462, 18.3257 ], [ -96.6384, 18.3295 ], [ -96.6422, 18.3331 ], [ -96.639, 18.3335 ], [ -96.6375, 18.3293 ], [ -96.6354, 18.3328 ], [ -96.6441, 18.3353 ], [ -96.6452, 18.3339 ], [ -96.6439, 18.3375 ], [ -96.6466, 18.3344 ], [ -96.6451, 18.3305 ], [ -96.654, 18.3274 ], [ -96.654, 18.3325 ], [ -96.6495, 18.3302 ], [ -96.6461, 18.3365 ], [ -96.6513, 18.3347 ], [ -96.6523, 18.338 ], [ -96.6436, 18.3395 ], [ -96.6552, 18.3434 ], [ -96.6519, 18.3411 ], [ -96.6581, 18.3423 ], [ -96.6541, 18.34 ], [ -96.6578, 18.3383 ], [ -96.6542, 18.3384 ], [ -96.6558, 18.3349 ], [ -96.6609, 18.3397 ], [ -96.6589, 18.3408 ], [ -96.6661, 18.3414 ], [ -96.66, 18.3488 ], [ -96.6694, 18.35 ], [ -96.6612, 18.3583 ], [ -96.6311, 18.3533 ], [ -96.6151, 18.344 ], [ -96.6155, 18.3425 ], [ -96.6245, 18.3479 ], [ -96.631, 18.3489 ], [ -96.6295, 18.347 ], [ -96.6154, 18.3397 ], [ -96.6107, 18.3434 ], [ -96.6045, 18.341 ], [ -96.6078, 18.337 ], [ -96.6018, 18.3311 ], [ -96.5808, 18.3226 ], [ -96.5775, 18.3178 ], [ -96.5646, 18.3251 ], [ -96.5604, 18.3169 ], [ -96.559, 18.3209 ], [ -96.5532, 18.3216 ], [ -96.5531, 18.3332 ], [ -96.5488, 18.3374 ], [ -96.546, 18.3506 ], [ -96.5457, 18.359 ], [ -96.5511, 18.3621 ], [ -96.5444, 18.3686 ], [ -96.5328, 18.3708 ], [ -96.5439, 18.3779 ], [ -96.5379, 18.385 ], [ -96.5118, 18.3756 ], [ -96.4991, 18.3654 ], [ -96.5116, 18.3577 ], [ -96.476, 18.3331 ], [ -96.4469, 18.3004 ], [ -96.4384, 18.3122 ], [ -96.4399, 18.3174 ], [ -96.4367, 18.3146 ], [ -96.4209, 18.322 ], [ -96.4742, 18.3882 ], [ -96.4664, 18.3979 ], [ -96.4226, 18.3635 ], [ -96.4168, 18.3696 ], [ -96.4423, 18.3915 ], [ -96.437, 18.3979 ], [ -96.4246, 18.3987 ] ] ] } },
{ "type": "Feature", "properties": { "cvegeo": "20279", "municipio_inegi": "San Miguel Suchixtepec", "clave": "san miguel suchixtepec", "region": "Valles Centrales", "sin_dato_siap": false }, "geometry": { "type": "Polygon", "coordinates": [ [ [ -96.4489, 16.1276 ], [ -96.4341, 16.1177 ], [ -96.4256, 16.0984 ], [ -96.4237, 16.0712 ], [ -96.4182, 16.0709 ], [ -96.4156, 16.0592 ], [ -96.4099, 16.0556 ], [ -96.4106, 16.0425 ], [ -96.4168, 16.0317 ], [ -96.4329, 16.0385 ], [ -96.4438, 16.0301 ], [ -96.4508, 16.0427 ], [ -96.4664, 16.0457 ], [ -96.4718, 16.0507 ], [ -96.4816, 16.0637 ], [ -96.4794, 16.0706 ], [ -96.4895, 16.0798 ], [ -96.4947, 16.0779 ], [ -96.4894, 16.0705 ], [ -96.4923, 16.0645 ], [ -96.5003, 16.058 ], [ -96.5019, 16.0639 ], [ -96.5135, 16.0576 ], [ -96.5155, 16.0614 ], [ -96.4984, 16.0822 ], [ -96.5127, 16.1023 ], [ -96.4832, 16.1201 ], [ -96.4677, 16.1094 ], [ -96.4615, 16.1243 ], [ -96.4489, 16.1276 ] ] ] } },
{ "type": "Feature", "properties": { "cvegeo": "20258", "municipio_inegi": "San Miguel Achiutla", "clave": "san miguel achiutla", "region": "Mixteca", "sin_dato_siap": false }, "geometry": { "type": "Polygon", "coordinates": [ [ [ -97.4206, 17.3156 ], [ -97.4149, 17.2919 ], [ -97.4979, 17.27 ], [ -97.5214, 17.2905 ], [ -97.5253, 17.2875 ], [ -97.5403, 17.2903 ], [ -97.5385, 17.2947 ], [ -97.5307, 17.2946 ], [ -97.5258, 17.3066 ], [ -97.5347, 17.3331 ], [ -97.5092, 17.3159 ], [ -97.4917, 17.326 ], [ -97.4883, 17.3342 ], [ -97.4427, 17.3495 ], [ -97.4317, 17.3257 ], [ -97.4206, 17.3156 ] ] ] } },
{ "type": "Feature", "properties": { "cvegeo": "20259", "municipio_inegi": "San Miguel Ahuehuetitlán", "clave": "san miguel ahuehuetitlan", "region": "Mixteca", "sin_dato_siap": false }, "geometry": { "type": "Polygon", "coordinates": [ [ [ -98.3061, 17.7152 ], [ -98.2668, 17.7003 ], [ -98.301, 17.65 ], [ -98.2993, 17.6414 ], [ -98.3036, 17.6279 ], [ -98.3088, 17.6293 ], [ -98.3048, 17.6451 ], [ -98.3484, 17.6445 ], [ -98.3517, 17.6403 ], [ -98.3659, 17.6372 ], [ -98.3697, 17.6438 ], [ -98.3668, 17.6586 ], [ -98.3767, 17.6613 ], [ -98.3841, 17.6711 ], [ -98.3867, 17.6842 ], [ -98.4035, 17.6931 ], [ -98.3814, 17.7059 ], [ -98.3661, 17.7038 ], [ -98.3563, 17.7163 ], [ -98.3209, 17.7296 ], [ -98.3061, 17.7152 ] ] ] } },
{ "type": "Feature", "properties": { "cvegeo": "20268", "municipio_inegi": "San Miguel Ejutla", "clave": "san miguel ejutla", "region": "Valles Centrales", "sin_dato_siap": false }, "geometry": { "type": "Polygon", "coordinates": [ [ [ -96.7479, 16.6181 ], [ -96.7187, 16.6088 ], [ -96.7192, 16.6014 ], [ -96.7214, 16.5949 ], [ -96.728, 16.5928 ], [ -96.7302, 16.5797 ], [ -96.7479, 16.5702 ], [ -96.7493, 16.5757 ], [ -96.7609, 16.5759 ], [ -96.7502, 16.5807 ], [ -96.7434, 16.589 ], [ -96.744, 16.6055 ], [ -96.7495, 16.6002 ], [ -96.7511, 16.6056 ], [ -96.7479, 16.6181 ] ] ] } },
{ "type": "Feature", "properties": { "cvegeo": "20281", "municipio_inegi": "San Miguel Tecomatlán", "clave": "san miguel tecomatlan", "region": "Mixteca", "sin_dato_siap": false }, "geometry": { "type": "Polygon", "coordinates": [ [ [ -97.2516, 17.4055 ], [ -97.2466, 17.3969 ], [ -97.2495, 17.3932 ], [ -97.2732, 17.3889 ], [ -97.2892, 17.38 ], [ -97.289, 17.3732 ], [ -97.2992, 17.3582 ], [ -97.306, 17.3364 ], [ -97.3185, 17.3409 ], [ -97.311, 17.3837 ], [ -97.296, 17.3988 ], [ -97.2516, 17.4055 ] ] ] } },
{ "type": "Feature", "properties": { "cvegeo": "20269", "municipio_inegi": "San Miguel el Grande", "clave": "san miguel el grande", "region": "Mixteca", "sin_dato_siap": false }, "geometry": { "type": "Polygon", "coordinates": [ [ [ -97.6336, 17.1664 ], [ -97.6243, 17.1594 ], [ -97.6057, 17.159 ], [ -97.5853, 17.1219 ], [ -97.5855, 17.1115 ], [ -97.5681, 17.071 ], [ -97.5647, 17.0697 ], [ -97.5894, 17.0536 ], [ -97.6136, 16.9991 ], [ -97.6214, 16.9922 ], [ -97.6433, 16.983 ], [ -97.6406, 17.0034 ], [ -97.651, 17.0092 ], [ -97.6457, 17.0249 ], [ -97.6429, 17.0239 ], [ -97.6502, 17.0381 ], [ -97.6459, 17.0438 ], [ -97.6332, 17.0906 ], [ -97.6533, 17.1227 ], [ -97.6413, 17.1477 ], [ -97.6346, 17.1398 ], [ -97.6336, 17.1664 ] ] ] } },
{ "type": "Feature", "properties": { "cvegeo": "20270", "municipio_inegi": "San Miguel Huautla", "clave": "san miguel huautla", "region": "Mixteca", "sin_dato_siap": false }, "geometry": { "type": "Polygon", "coordinates": [ [ [ -97.1588, 17.8032 ], [ -97.1404, 17.7982 ], [ -97.1362, 17.7998 ], [ -97.1362, 17.7895 ], [ -97.1198, 17.7847 ], [ -97.1147, 17.779 ], [ -97.1137, 17.7509 ], [ -97.1069, 17.7174 ], [ -97.1379, 17.7058 ], [ -97.1611, 17.7036 ], [ -97.1666, 17.7345 ], [ -97.1952, 17.7843 ], [ -97.1833, 17.7876 ], [ -97.1588, 17.8032 ] ] ] } },
{ "type": "Feature", "properties": { "cvegeo": "20271", "municipio_inegi": "San Miguel Mixtepec", "clave": "san miguel mixtepec", "region": "Valles Centrales", "sin_dato_siap": false }, "geometry": { "type": "Polygon", "coordinates": [ [ [ -96.9196, 16.7904 ], [ -96.876, 16.7879 ], [ -96.9097, 16.7691 ], [ -96.913, 16.7635 ], [ -96.8856, 16.7269 ], [ -96.9791, 16.724 ], [ -96.9808, 16.7326 ], [ -97.0158, 16.7622 ], [ -97.0145, 16.7778 ], [ -96.9959, 16.7732 ], [ -96.9887, 16.7832 ], [ -96.9909, 16.7881 ], [ -96.9821, 16.7935 ], [ -96.9681, 16.7815 ], [ -96.9583, 16.7794 ], [ -96.9196, 16.7904 ] ] ] } },
{ "type": "Feature", "properties": { "cvegeo": "20272", "municipio_inegi": "San Miguel Panixtlahuaca", "clave": "san miguel panixtlahuaca", "region": "Costa", "sin_dato_siap": false }, "geometry": { "type": "Polygon", "coordinates": [ [ [ -97.3707, 16.3021 ], [ -97.3653, 16.2997 ], [ -97.3555, 16.2852 ], [ -97.3534, 16.2683 ], [ -97.3257, 16.2775 ], [ -97.3225, 16.2751 ], [ -97.3286, 16.2485 ], [ -97.3202, 16.2348 ], [ -97.3253, 16.2298 ], [ -97.3586, 16.2331 ], [ -97.36, 16.2248 ], [ -97.3732, 16.2184 ], [ -97.3737, 16.2067 ], [ -97.3667, 16.2037 ], [ -97.3765, 16.1938 ], [ -97.3834, 16.2028 ], [ -97.3831, 16.2159 ], [ -97.3915, 16.2266 ], [ -97.3986, 16.2234 ], [ -97.4012, 16.2301 ], [ -97.4111, 16.2274 ], [ -97.4255, 16.2113 ], [ -97.4326, 16.2102 ], [ -97.4268, 16.2043 ], [ -97.4212, 16.2052 ], [ -97.4229, 16.202 ], [ -97.4121, 16.2006 ], [ -97.4116, 16.1949 ], [ -97.405, 16.1946 ], [ -97.398, 16.1883 ], [ -97.4092, 16.1821 ], [ -97.3951, 16.1756 ], [ -97.3834, 16.1637 ], [ -97.3784, 16.164 ], [ -97.3775, 16.1583 ], [ -97.3897, 16.1545 ], [ -97.3907, 16.1462 ], [ -97.4068, 16.1414 ], [ -97.441, 16.1634 ], [ -97.4424, 16.173 ], [ -97.4376, 16.1879 ], [ -97.4446, 16.1929 ], [ -97.4457, 16.1987 ], [ -97.4621, 16.1984 ], [ -97.4526, 16.2678 ], [ -97.459, 16.2739 ], [ -97.44, 16.2802 ], [ -97.4393, 16.2761 ], [ -97.4289, 16.2857 ], [ -97.4248, 16.2932 ], [ -97.4329, 16.3049 ], [ -97.4266, 16.3084 ], [ -97.4196, 16.3087 ], [ -97.4166, 16.3036 ], [ -97.4108, 16.303 ], [ -97.4022, 16.3075 ], [ -97.3751, 16.3101 ], [ -97.3707, 16.3021 ] ] ] } },
{ "type": "Feature", "properties": { "cvegeo": "20273", "municipio_inegi": "San Miguel Peras", "clave": "san miguel peras", "region": "Valles Centrales", "sin_dato_siap": false }, "geometry": { "type": "Polygon", "coordinates": [ [ [ -96.9407, 16.9879 ], [ -96.9267, 16.9819 ], [ -96.9249, 16.9743 ], [ -96.9174, 16.9684 ], [ -96.9203, 16.9621 ], [ -96.9174, 16.958 ], [ -96.9276, 16.9503 ], [ -96.9325, 16.9511 ], [ -96.9459, 16.9443 ], [ -96.9532, 16.9309 ], [ -96.9629, 16.9269 ], [ -96.9639, 16.9104 ], [ -96.9715, 16.9013 ], [ -96.9714, 16.8869 ], [ -96.9771, 16.8825 ], [ -96.987, 16.8843 ], [ -96.9937, 16.8666 ], [ -97.0025, 16.8623 ], [ -97.0135, 16.867 ], [ -97.0291, 16.8676 ], [ -97.0396, 16.8775 ], [ -97.0445, 16.8804 ], [ -97.05, 16.8782 ], [ -97.053, 16.8822 ], [ -97.0733, 16.8767 ], [ -97.0767, 16.8685 ], [ -97.0817, 16.8879 ], [ -97.0891, 16.8985 ], [ -97.0931, 16.9187 ], [ -97.0832, 16.9343 ], [ -97.0689, 16.9401 ], [ -97.0718, 16.9493 ], [ -97.0693, 16.9668 ], [ -97.063, 16.9605 ], [ -97.0353, 16.9769 ], [ -97.0242, 16.9721 ], [ -97.0215, 16.9812 ], [ -97.0137, 16.9799 ], [ -97.0043, 16.9846 ], [ -96.9983, 16.977 ], [ -96.9685, 16.9742 ], [ -96.9562, 16.9823 ], [ -96.9505, 16.9819 ], [ -96.9407, 16.9879 ] ] ] } },
{ "type": "Feature", "properties": { "cvegeo": "20274", "municipio_inegi": "San Miguel Piedras", "clave": "san miguel piedras", "region": "Mixteca", "sin_dato_siap": false }, "geometry": { "type": "Polygon", "coordinates": [ [ [ -97.1892, 17.016 ], [ -97.1657, 16.9978 ], [ -97.1675, 16.9878 ], [ -97.1702, 16.9796 ], [ -97.1966, 16.9767 ], [ -97.1956, 16.9603 ], [ -97.2088, 16.9187 ], [ -97.2409, 16.9304 ], [ -97.2409, 16.937 ], [ -97.2485, 16.9437 ], [ -97.2349, 16.9591 ], [ -97.2344, 16.9867 ], [ -97.2386, 16.9907 ], [ -97.2522, 16.9898 ], [ -97.2665, 16.9979 ], [ -97.2714, 16.9856 ], [ -97.2824, 17.0 ], [ -97.2823, 17.0106 ], [ -97.2734, 17.0134 ], [ -97.2674, 17.0051 ], [ -97.2606, 17.0061 ], [ -97.255, 17.0019 ], [ -97.2269, 17.0056 ], [ -97.2282, 17.0149 ], [ -97.2338, 17.0178 ], [ -97.2359, 17.0317 ], [ -97.2326, 17.0357 ], [ -97.2074, 17.0052 ], [ -97.2082, 17.0246 ], [ -97.1983, 17.039 ], [ -97.1892, 17.016 ] ] ] } },
{ "type": "Feature", "properties": { "cvegeo": "20275", "municipio_inegi": "San Miguel Quetzaltepec", "clave": "san miguel quetzaltepec", "region": "Sierra Juárez", "sin_dato_siap": false }, "geometry": { "type": "Polygon", "coordinates": [ [ [ -95.7813, 17.0714 ], [ -95.7875, 17.0664 ], [ -95.7834, 17.0554 ], [ -95.7785, 17.051 ], [ -95.7755, 17.0526 ], [ -95.775, 17.0476 ], [ -95.7666, 17.05 ], [ -95.7639, 17.0429 ], [ -95.747, 17.0324 ], [ -95.7374, 17.0346 ], [ -95.7182, 17.0278 ], [ -95.7128, 17.0329 ], [ -95.7041, 17.0277 ], [ -95.698, 17.0296 ], [ -95.698, 17.0259 ], [ -95.6927, 17.0233 ], [ -95.6965, 17.0093 ], [ -95.6922, 16.9935 ], [ -95.7033, 16.9994 ], [ -95.7195, 16.9903 ], [ -95.7113, 16.9785 ], [ -95.7298, 16.9797 ], [ -95.7305, 16.9661 ], [ -95.7353, 16.96 ], [ -95.7295, 16.9416 ], [ -95.7331, 16.9269 ], [ -95.7409, 16.9181 ], [ -95.7435, 16.9017 ], [ -95.7396, 16.8957 ], [ -95.7446, 16.8882 ], [ -95.7777, 16.8864 ], [ -95.8142, 16.8902 ], [ -95.8363, 16.887 ], [ -95.8394, 16.8908 ], [ -95.8366, 16.8995 ], [ -95.8255, 16.9082 ], [ -95.8435, 16.9032 ], [ -95.8478, 16.906 ], [ -95.8477, 16.919 ], [ -95.8434, 16.9244 ], [ -95.8458, 16.9411 ], [ -95.8275, 16.9547 ], [ -95.8092, 16.9603 ], [ -95.7971, 16.96 ], [ -95.8014, 16.9751 ], [ -95.8355, 17.0197 ], [ -95.8383, 17.0291 ], [ -95.8512, 17.0318 ], [ -95.8497, 17.0392 ], [ -95.8465, 17.0486 ], [ -95.8192, 17.0667 ], [ -95.813, 17.066 ], [ -95.8026, 17.0715 ], [ -95.7813, 17.0714 ] ] ] } },
{ "type": "Feature", "properties": { "cvegeo": "20280", "municipio_inegi": "Villa Talea de Castro", "clave": "villa talea de castro", "region": "Sierra Juárez", "sin_dato_siap": false }, "geometry": { "type": "Polygon", "coordinates": [ [ [ -96.218, 17.4198 ], [ -96.2132, 17.4198 ], [ -96.2128, 17.4048 ], [ -96.1977, 17.3884 ], [ -96.1909, 17.3855 ], [ -96.1835, 17.3698 ], [ -96.1899, 17.3658 ], [ -96.189, 17.3621 ], [ -96.196, 17.3597 ], [ -96.2095, 17.3616 ], [ -96.21, 17.3641 ], [ -96.2119, 17.3663 ], [ -96.2099, 17.3614 ], [ -96.2009, 17.3548 ], [ -96.1993, 17.3456 ], [ -96.1921, 17.3401 ], [ -96.2064, 17.3361 ], [ -96.2153, 17.338 ], [ -96.2176, 17.342 ], [ -96.2227, 17.3403 ], [ -96.2394, 17.3273 ], [ -96.2427, 17.3188 ], [ -96.2469, 17.318 ], [ -96.2546, 17.3362 ], [ -96.2639, 17.3329 ], [ -96.2771, 17.3411 ], [ -96.2734, 17.3438 ], [ -96.2757, 17.3535 ], [ -96.2711, 17.3582 ], [ -96.2774, 17.3771 ], [ -96.2677, 17.3854 ], [ -96.2545, 17.3836 ], [ -96.2442, 17.387 ], [ -96.2363, 17.4042 ], [ -96.22, 17.4236 ], [ -96.218, 17.4198 ] ] ] } },
{ "type": "Feature", "properties": { "cvegeo": "20282", "municipio_inegi": "San Miguel Tenango", "clave": "san miguel tenango", "region": "Istmo", "sin_dato_siap": false }, "geometry": { "type": "Polygon", "coordinates": [ [ [ -95.4886, 16.2431 ], [ -95.5097, 16.1658 ], [ -95.5041, 16.1611 ], [ -95.5133, 16.1322 ], [ -95.5221, 16.1415 ], [ -95.5221, 16.1494 ], [ -95.5309, 16.1512 ], [ -95.5441, 16.1611 ], [ -95.5489, 16.1594 ], [ -95.5611, 16.1701 ], [ -95.5737, 16.167 ], [ -95.5726, 16.1621 ], [ -95.5756, 16.1602 ], [ -95.5832, 16.1621 ], [ -95.5939, 16.1578 ], [ -95.5937, 16.1551 ], [ -95.5963, 16.1572 ], [ -95.6003, 16.1529 ], [ -95.5993, 16.1479 ], [ -95.6084, 16.1481 ], [ -95.6041, 16.1574 ], [ -95.6068, 16.1717 ], [ -95.6276, 16.2102 ], [ -95.6006, 16.2734 ], [ -95.513, 16.323 ], [ -95.5002, 16.315 ], [ -95.4731, 16.2854 ], [ -95.4713, 16.2741 ], [ -95.4886, 16.2431 ] ] ] } },
{ "type": "Feature", "properties": { "cvegeo": "20283", "municipio_inegi": "San Miguel Tequixtepec", "clave": "san miguel tequixtepec", "region": "Mixteca", "sin_dato_siap": false }, "geometry": { "type": "Polygon", "coordinates": [ [ [ -97.3742, 17.7778 ], [ -97.3959, 17.8242 ], [ -97.3886, 17.8259 ], [ -97.2454, 17.9153 ], [ -97.2435, 17.8453 ], [ -97.2466, 17.8204 ], [ -97.2432, 17.8125 ], [ -97.2531, 17.8161 ], [ -97.3022, 17.7693 ], [ -97.3451, 17.7638 ], [ -97.3681, 17.7693 ], [ -97.4023, 17.7457 ], [ -97.4154, 17.771 ], [ -97.3742, 17.7778 ] ] ] } },
{ "type": "Feature", "properties": { "cvegeo": "20285", "municipio_inegi": "San Miguel Tlacamama", "clave": "san miguel tlacamama", "region": "Costa", "sin_dato_siap": false }, "geometry": { "type": "Polygon", "coordinates": [ [ [ -98.1267, 16.4954 ], [ -98.1085, 16.4955 ], [ -98.109, 16.4846 ], [ -98.1052, 16.4768 ], [ -98.087, 16.4575 ], [ -98.0675, 16.4439 ], [ -98.0347, 16.4287 ], [ -98.0182, 16.4145 ], [ -98.0353, 16.3997 ], [ -98.0442, 16.4007 ], [ -98.0624, 16.3932 ], [ -98.0858, 16.3932 ], [ -98.0908, 16.3992 ], [ -98.1097, 16.3972 ], [ -98.1169, 16.4046 ], [ -98.1232, 16.4029 ], [ -98.125, 16.4103 ], [ -98.1427, 16.4203 ], [ -98.1446, 16.4336 ], [ -98.1486, 16.4273 ], [ -98.1544, 16.4291 ], [ -98.157, 16.4511 ], [ -98.1968, 16.4535 ], [ -98.1942, 16.4682 ], [ -98.1884, 16.4727 ], [ -98.1568, 16.4806 ], [ -98.1267, 16.4954 ] ] ] } },
{ "type": "Feature", "properties": { "cvegeo": "20502", "municipio_inegi": "Santiago Zacatepec", "clave": "santiago zacatepec", "region": "Sierra Juárez", "sin_dato_siap": false }, "geometry": { "type": "Polygon", "coordinates": [ [ [ -95.8814, 17.2819 ], [ -95.8758, 17.2734 ], [ -95.8548, 17.2603 ], [ -95.8486, 17.2637 ], [ -95.8245, 17.2562 ], [ -95.8007, 17.2301 ], [ -95.7908, 17.222 ], [ -95.7798, 17.2191 ], [ -95.7907, 17.2149 ], [ -95.7968, 17.2043 ], [ -95.8198, 17.208 ], [ -95.8421, 17.2041 ], [ -95.8238, 17.1855 ], [ -95.8113, 17.1865 ], [ -95.8201, 17.1595 ], [ -95.8189, 17.1436 ], [ -95.8513, 17.1282 ], [ -95.8944, 17.132 ], [ -95.9094, 17.1244 ], [ -95.9268, 17.1394 ], [ -95.9627, 17.1372 ], [ -95.9806, 17.1887 ], [ -95.9651, 17.1985 ], [ -95.9574, 17.2173 ], [ -95.9434, 17.2255 ], [ -95.9349, 17.2358 ], [ -95.9297, 17.2332 ], [ -95.9257, 17.2387 ], [ -95.9159, 17.2349 ], [ -95.9091, 17.2386 ], [ -95.9021, 17.2371 ], [ -95.8968, 17.2608 ], [ -95.8999, 17.268 ], [ -95.8981, 17.2772 ], [ -95.8814, 17.2819 ] ] ] } },
{ "type": "Feature", "properties": { "cvegeo": "20286", "municipio_inegi": "San Miguel Tlacotepec", "clave": "san miguel tlacotepec", "region": "Mixteca", "sin_dato_siap": false }, "geometry": { "type": "Polygon", "coordinates": [ [ [ -97.9948, 17.4639 ], [ -97.9879, 17.4543 ], [ -97.98, 17.4542 ], [ -97.9755, 17.4473 ], [ -97.9791, 17.4329 ], [ -97.9748, 17.4225 ], [ -97.9851, 17.3996 ], [ -98.0008, 17.3923 ], [ -98.0052, 17.3965 ], [ -98.0177, 17.3974 ], [ -98.0187, 17.4026 ], [ -98.0136, 17.4048 ], [ -98.0285, 17.4185 ], [ -98.035, 17.4193 ], [ -98.0472, 17.4384 ], [ -98.0489, 17.4533 ], [ -98.0112, 17.5008 ], [ -97.9983, 17.4833 ], [ -97.9948, 17.4639 ] ] ] } },
{ "type": "Feature", "properties": { "cvegeo": "20287", "municipio_inegi": "San Miguel Tulancingo", "clave": "san miguel tulancingo", "region": "Mixteca", "sin_dato_siap": false }, "geometry": { "type": "Polygon", "coordinates": [ [ [ -97.4023, 17.7457 ], [ -97.4162, 17.7407 ], [ -97.4206, 17.7426 ], [ -97.4184, 17.7369 ], [ -97.4085, 17.7388 ], [ -97.4322, 17.7135 ], [ -97.4533, 17.7254 ], [ -97.4627, 17.7211 ], [ -97.4779, 17.7369 ], [ -97.4787, 17.7509 ], [ -97.4833, 17.7574 ], [ -97.4776, 17.769 ], [ -97.4783, 17.7808 ], [ -97.4562, 17.7913 ], [ -97.4482, 17.7855 ], [ -97.4231, 17.7793 ], [ -97.4023, 17.7457 ] ] ] } },
{ "type": "Feature", "properties": { "cvegeo": "20288", "municipio_inegi": "San Miguel Yotao", "clave": "san miguel yotao", "region": "Sierra Juárez", "sin_dato_siap": false }, "geometry": { "type": "Polygon", "coordinates": [ [ [ -96.3394, 17.3812 ], [ -96.3303, 17.3744 ], [ -96.319, 17.3763 ], [ -96.3139, 17.3726 ], [ -96.3132, 17.3682 ], [ -96.3187, 17.3644 ], [ -96.3172, 17.3546 ], [ -96.311, 17.3485 ], [ -96.3202, 17.344 ], [ -96.3148, 17.3398 ], [ -96.3174, 17.3365 ], [ -96.3419, 17.3321 ], [ -96.3633, 17.3123 ], [ -96.4023, 17.3419 ], [ -96.3825, 17.362 ], [ -96.3787, 17.3551 ], [ -96.3702, 17.3662 ], [ -96.3574, 17.3692 ], [ -96.3394, 17.3812 ] ] ] } },
{ "type": "Feature", "properties": { "cvegeo": "20503", "municipio_inegi": "Santiago Zoochila", "clave": "santiago zoochila", "region": "Sierra Juárez", "sin_dato_siap": false }, "geometry": { "type": "Polygon", "coordinates": [ [ [ -96.238, 17.2252 ], [ -96.2393, 17.1966 ], [ -96.2459, 17.1949 ], [ -96.2481, 17.2024 ], [ -96.252, 17.1982 ], [ -96.2547, 17.2001 ], [ -96.2568, 17.2095 ], [ -96.2683, 17.2234 ], [ -96.2576, 17.2363 ], [ -96.2534, 17.2366 ], [ -96.249, 17.2323 ], [ -96.2508, 17.2261 ], [ -96.238, 17.2252 ] ] ] } },
{ "type": "Feature", "properties": { "cvegeo": "20289", "municipio_inegi": "San Nicolás", "clave": "san nicolas", "region": "Valles Centrales", "sin_dato_siap": false }, "geometry": { "type": "Polygon", "coordinates": [ [ [ -96.7316, 16.4587 ], [ -96.7222, 16.4626 ], [ -96.7143, 16.4576 ], [ -96.7196, 16.4474 ], [ -96.7135, 16.4405 ], [ -96.7283, 16.4244 ], [ -96.7356, 16.4084 ], [ -96.7469, 16.406 ], [ -96.7532, 16.3944 ], [ -96.778, 16.3985 ], [ -96.7719, 16.4076 ], [ -96.763, 16.4396 ], [ -96.7521, 16.4555 ], [ -96.735, 16.4707 ], [ -96.7316, 16.4587 ] ] ] } },
{ "type": "Feature", "properties": { "cvegeo": "20290", "municipio_inegi": "San Nicolás Hidalgo", "clave": "san nicolas hidalgo", "region": "Mixteca", "sin_dato_siap": false }, "geometry": { "type": "Polygon", "coordinates": [ [ [ -98.1362, 17.7963 ], [ -98.1287, 17.7851 ], [ -98.1122, 17.7818 ], [ -98.1147, 17.756 ], [ -98.1436, 17.7594 ], [ -98.1308, 17.7765 ], [ -98.1374, 17.7811 ], [ -98.1529, 17.7764 ], [ -98.1552, 17.7813 ], [ -98.162, 17.7824 ], [ -98.1596, 17.7877 ], [ -98.1513, 17.7873 ], [ -98.149, 17.7947 ], [ -98.1362, 17.7963 ] ] ] } },
{ "type": "Feature", "properties": { "cvegeo": "20291", "municipio_inegi": "San Pablo Coatlán", "clave": "san pablo coatlan", "region": "Valles Centrales", "sin_dato_siap": false }, "geometry": { "type": "Polygon", "coordinates": [ [ [ -96.834, 16.2862 ], [ -96.8239, 16.2796 ], [ -96.8241, 16.2751 ], [ -96.8192, 16.2756 ], [ -96.822, 16.2711 ], [ -96.8179, 16.2708 ], [ -96.8189, 16.2678 ], [ -96.8095, 16.2671 ], [ -96.8106, 16.2614 ], [ -96.8054, 16.2626 ], [ -96.8075, 16.2597 ], [ -96.798, 16.2552 ], [ -96.8001, 16.2503 ], [ -96.797, 16.248 ], [ -96.7865, 16.253 ], [ -96.7693, 16.2473 ], [ -96.7614, 16.2366 ], [ -96.7609, 16.2283 ], [ -96.7387, 16.2356 ], [ -96.732, 16.2427 ], [ -96.7137, 16.2415 ], [ -96.6954, 16.2526 ], [ -96.7143, 16.2111 ], [ -96.7277, 16.1908 ], [ -96.7336, 16.1405 ], [ -96.7816, 16.1221 ], [ -96.7902, 16.1119 ], [ -96.7922, 16.1023 ], [ -96.8005, 16.0987 ], [ -96.8024, 16.102 ], [ -96.811, 16.0997 ], [ -96.8158, 16.1039 ], [ -96.8162, 16.0986 ], [ -96.821, 16.1012 ], [ -96.825, 16.0943 ], [ -96.8323, 16.0944 ], [ -96.8304, 16.0851 ], [ -96.8368, 16.0755 ], [ -96.829, 16.0657 ], [ -96.8288, 16.0593 ], [ -96.8155, 16.0555 ], [ -96.8219, 16.051 ], [ -96.8264, 16.0397 ], [ -96.8321, 16.0375 ], [ -96.8352, 16.0263 ], [ -96.8421, 16.0267 ], [ -96.8453, 16.0221 ], [ -96.8541, 16.0319 ], [ -96.8749, 16.0305 ], [ -96.8694, 16.0391 ], [ -96.8586, 16.0395 ], [ -96.8574, 16.0453 ], [ -96.8649, 16.0618 ], [ -96.8602, 16.0756 ], [ -96.8819, 16.0829 ], [ -96.8661, 16.0887 ], [ -96.8568, 16.1018 ], [ -96.8521, 16.0924 ], [ -96.8369, 16.0886 ], [ -96.8335, 16.0906 ], [ -96.8172, 16.1706 ], [ -96.8117, 16.176 ], [ -96.8162, 16.1859 ], [ -96.8078, 16.2132 ], [ -96.8504, 16.2461 ], [ -96.8368, 16.2664 ], [ -96.834, 16.2862 ] ] ] } },
{ "type": "Feature", "properties": { "cvegeo": "20292", "municipio_inegi": "San Pablo Cuatro Venados", "clave": "san pablo cuatro venados", "region": "Valles Centrales", "sin_dato_siap": false }, "geometry": { "type": "Polygon", "coordinates": [ [ [ -96.8727, 17.0299 ], [ -96.8723, 17.026 ], [ -96.8615, 17.0291 ], [ -96.8547, 17.0272 ], [ -96.8609, 17.0248 ], [ -96.8506, 17.0202 ], [ -96.8401, 17.0085 ], [ -96.8493, 17.0025 ], [ -96.8333, 16.9906 ], [ -96.8486, 16.9804 ], [ -96.851, 16.9679 ], [ -96.8591, 16.9619 ], [ -96.8712, 16.9603 ], [ -96.9016, 16.9336 ], [ -96.9532, 16.9309 ], [ -96.9459, 16.9443 ], [ -96.9325, 16.9511 ], [ -96.9276, 16.9503 ], [ -96.9174, 16.958 ], [ -96.9203, 16.9621 ], [ -96.9174, 16.9684 ], [ -96.9249, 16.9743 ], [ -96.9267, 16.9819 ], [ -96.9229, 16.9914 ], [ -96.9241, 17.0068 ], [ -96.9075, 17.0196 ], [ -96.8847, 17.0294 ], [ -96.8808, 17.0269 ], [ -96.8727, 17.0299 ] ] ] } },
{ "type": "Feature", "properties": { "cvegeo": "20293", "municipio_inegi": "San Pablo Etla", "clave": "san pablo etla", "region": "Valles Centrales", "sin_dato_siap": false }, "geometry": { "type": "Polygon", "coordinates": [ [ [ -96.6574, 17.181 ], [ -96.6533, 17.1737 ], [ -96.6575, 17.1709 ], [ -96.6634, 17.1764 ], [ -96.6727, 17.164 ], [ -96.7098, 17.1562 ], [ -96.7373, 17.1438 ], [ -96.7443, 17.145 ], [ -96.7476, 17.1382 ], [ -96.7713, 17.1311 ], [ -96.7671, 17.1259 ], [ -96.7781, 17.1225 ], [ -96.7734, 17.1267 ], [ -96.7801, 17.1342 ], [ -96.7777, 17.1373 ], [ -96.7817, 17.1444 ], [ -96.7779, 17.1446 ], [ -96.7755, 17.1391 ], [ -96.7693, 17.141 ], [ -96.7719, 17.1487 ], [ -96.7781, 17.1485 ], [ -96.7781, 17.1539 ], [ -96.7731, 17.1547 ], [ -96.774, 17.1602 ], [ -96.7832, 17.1589 ], [ -96.7838, 17.1628 ], [ -96.7997, 17.161 ], [ -96.8032, 17.1759 ], [ -96.7966, 17.1779 ], [ -96.7965, 17.1815 ], [ -96.7941, 17.1787 ], [ -96.7891, 17.1813 ], [ -96.7791, 17.1796 ], [ -96.7743, 17.1871 ], [ -96.7802, 17.1738 ], [ -96.7708, 17.176 ], [ -96.7734, 17.1741 ], [ -96.771, 17.1752 ], [ -96.7641, 17.1627 ], [ -96.751, 17.1702 ], [ -96.6971, 17.1877 ], [ -96.6574, 17.181 ] ] ] } },
{ "type": "Feature", "properties": { "cvegeo": "20294", "municipio_inegi": "San Pablo Huitzo", "clave": "san pablo huitzo", "region": "Valles Centrales", "sin_dato_siap": false }, "geometry": { "type": "Polygon", "coordinates": [ [ [ -96.8109, 17.3834 ], [ -96.8224, 17.3489 ], [ -96.833, 17.2842 ], [ -96.8529, 17.2636 ], [ -96.8505, 17.2552 ], [ -96.8598, 17.26 ], [ -96.8598, 17.2537 ], [ -96.8755, 17.2676 ], [ -96.8876, 17.2676 ], [ -96.9008, 17.2624 ], [ -96.903, 17.2651 ], [ -96.9192, 17.2645 ], [ -96.9656, 17.2471 ], [ -96.9637, 17.2873 ], [ -96.9629, 17.2817 ], [ -96.9568, 17.2882 ], [ -96.9473, 17.2827 ], [ -96.9396, 17.2874 ], [ -96.8979, 17.2843 ], [ -96.9006, 17.2885 ], [ -96.8925, 17.3244 ], [ -96.8528, 17.3841 ], [ -96.8222, 17.3795 ], [ -96.8109, 17.3834 ] ] ] } },
{ "type": "Feature", "properties": { "cvegeo": "20295", "municipio_inegi": "San Pablo Huixtepec", "clave": "san pablo huixtepec", "region": "Valles Centrales", "sin_dato_siap": false }, "geometry": { "type": "Polygon", "coordinates": [ [ [ -96.7947, 16.8394 ], [ -96.7553, 16.8279 ], [ -96.7513, 16.8115 ], [ -96.7599, 16.8152 ], [ -96.7609, 16.8121 ], [ -96.7659, 16.8124 ], [ -96.7644, 16.7957 ], [ -96.7763, 16.7993 ], [ -96.7945, 16.795 ], [ -96.7999, 16.8018 ], [ -96.8231, 16.8096 ], [ -96.8379, 16.8014 ], [ -96.8177, 16.7832 ], [ -96.8306, 16.7795 ], [ -96.8474, 16.7903 ], [ -96.8484, 16.8468 ], [ -96.8149, 16.8305 ], [ -96.8133, 16.8505 ], [ -96.7867, 16.843 ], [ -96.7947, 16.8394 ] ] ] } },
{ "type": "Feature", "properties": { "cvegeo": "20299", "municipio_inegi": "San Pablo Yaganiza", "clave": "san pablo yaganiza", "region": "Sierra Juárez", "sin_dato_siap": false }, "geometry": { "type": "Polygon", "coordinates": [ [ [ -96.2232, 17.1608 ], [ -96.2163, 17.1511 ], [ -96.1975, 17.1365 ], [ -96.1784, 17.1311 ], [ -96.1618, 17.1322 ], [ -96.1618, 17.1245 ], [ -96.1743, 17.1264 ], [ -96.1886, 17.1158 ], [ -96.1923, 17.1051 ], [ -96.2021, 17.1013 ], [ -96.2471, 17.0972 ], [ -96.2488, 17.1101 ], [ -96.2449, 17.119 ], [ -96.2504, 17.1338 ], [ -96.2415, 17.1353 ], [ -96.2401, 17.1567 ], [ -96.2232, 17.1608 ] ] ] } },
{ "type": "Feature", "properties": { "cvegeo": "20296", "municipio_inegi": "San Pablo Macuiltianguis", "clave": "san pablo macuiltianguis", "region": "Sierra Juárez", "sin_dato_siap": false }, "geometry": { "type": "Polygon", "coordinates": [ [ [ -96.3981, 17.5503 ], [ -96.3961, 17.5442 ], [ -96.4012, 17.5369 ], [ -96.4161, 17.5292 ], [ -96.4257, 17.529 ], [ -96.4256, 17.524 ], [ -96.4334, 17.5187 ], [ -96.4722, 17.5134 ], [ -96.4708, 17.5105 ], [ -96.4784, 17.5028 ], [ -96.4857, 17.486 ], [ -96.496, 17.485 ], [ -96.513, 17.4767 ], [ -96.5591, 17.471 ], [ -96.5818, 17.4634 ], [ -96.5881, 17.4753 ], [ -96.586, 17.4839 ], [ -96.601, 17.4997 ], [ -96.5982, 17.5117 ], [ -96.605, 17.5268 ], [ -96.6115, 17.528 ], [ -96.6094, 17.5415 ], [ -96.62, 17.5582 ], [ -96.5899, 17.5633 ], [ -96.5854, 17.5708 ], [ -96.5868, 17.5642 ], [ -96.583, 17.5575 ], [ -96.5727, 17.5509 ], [ -96.5599, 17.5522 ], [ -96.553, 17.5485 ], [ -96.5436, 17.5539 ], [ -96.5362, 17.5472 ], [ -96.5211, 17.5547 ], [ -96.4874, 17.5598 ], [ -96.4449, 17.55 ], [ -96.424, 17.5564 ], [ -96.4166, 17.5522 ], [ -96.3958, 17.57 ], [ -96.394, 17.5617 ], [ -96.3981, 17.5503 ] ] ] } },
{ "type": "Feature", "properties": { "cvegeo": "20297", "municipio_inegi": "San Pablo Tijaltepec", "clave": "san pablo tijaltepec", "region": "Mixteca", "sin_dato_siap": false }, "geometry": { "type": "Polygon", "coordinates": [ [ [ -97.4561, 17.0669 ], [ -97.4579, 17.0614 ], [ -97.4533, 17.038 ], [ -97.4404, 17.0254 ], [ -97.4197, 17.0237 ], [ -97.4218, 17.0179 ], [ -97.4169, 16.9968 ], [ -97.4225, 16.976 ], [ -97.4212, 16.951 ], [ -97.4282, 16.9513 ], [ -97.437, 16.9409 ], [ -97.4464, 16.938 ], [ -97.4445, 16.9328 ], [ -97.4512, 16.9309 ], [ -97.464, 16.9379 ], [ -97.4824, 16.9736 ], [ -97.5099, 16.9832 ], [ -97.5179, 16.9795 ], [ -97.5274, 17.0117 ], [ -97.5126, 17.0683 ], [ -97.4902, 17.0712 ], [ -97.4723, 17.079 ], [ -97.4632, 17.0769 ], [ -97.4561, 17.0669 ] ] ] } },
{ "type": "Feature", "properties": { "cvegeo": "20298", "municipio_inegi": "San Pablo Villa de Mitla", "clave": "san pablo villa de mitla", "region": "Valles Centrales", "sin_dato_siap": false }, "geometry": { "type": "Polygon", "coordinates": [ [ [ -96.242, 17.0771 ], [ -96.2336, 17.0644 ], [ -96.228, 17.0373 ], [ -96.2106, 17.0118 ], [ -96.2038, 17.007 ], [ -96.2009, 16.9945 ], [ -96.1935, 16.988 ], [ -96.1861, 16.9709 ], [ -96.1706, 16.9634 ], [ -96.1712, 16.9593 ], [ -96.1567, 16.9363 ], [ -96.1659, 16.9244 ], [ -96.1815, 16.9214 ], [ -96.2032, 16.9253 ], [ -96.2044, 16.9382 ], [ -96.2099, 16.941 ], [ -96.2078, 16.9437 ], [ -96.2359, 16.9581 ], [ -96.243, 16.9691 ], [ -96.2547, 16.9571 ], [ -96.2828, 16.9446 ], [ -96.2843, 16.9491 ], [ -96.2896, 16.9503 ], [ -96.3147, 16.8753 ], [ -96.3109, 16.8728 ], [ -96.325, 16.8583 ], [ -96.3332, 16.8748 ], [ -96.3537, 16.8863 ], [ -96.3938, 16.9009 ], [ -96.4078, 16.911 ], [ -96.417, 16.9213 ], [ -96.4109, 16.932 ], [ -96.4231, 16.9456 ], [ -96.4089, 16.952 ], [ -96.366, 16.9952 ], [ -96.3246, 16.9852 ], [ -96.3328, 17.0323 ], [ -96.3184, 17.0293 ], [ -96.3071, 17.0313 ], [ -96.2964, 17.0435 ], [ -96.2929, 17.0561 ], [ -96.242, 17.0771 ] ] ] } },
{ "type": "Feature", "properties": { "cvegeo": "20304", "municipio_inegi": "San Pedro Coxcaltepec Cántaros", "clave": "san pedro coxcaltepec cantaros", "region": "Mixteca", "sin_dato_siap": false }, "geometry": { "type": "Polygon", "coordinates": [ [ [ -97.0415, 17.587 ], [ -97.036, 17.5683 ], [ -97.04, 17.558 ], [ -97.0348, 17.5556 ], [ -97.0406, 17.5357 ], [ -97.0493, 17.5268 ], [ -97.081, 17.5183 ], [ -97.0692, 17.4894 ], [ -97.097, 17.484 ], [ -97.1009, 17.4875 ], [ -97.1073, 17.477 ], [ -97.1302, 17.4721 ], [ -97.143, 17.4727 ], [ -97.1468, 17.4807 ], [ -97.1535, 17.4819 ], [ -97.1704, 17.4787 ], [ -97.1777, 17.5065 ], [ -97.183, 17.508 ], [ -97.1695, 17.54 ], [ -97.167, 17.5384 ], [ -97.1492, 17.5508 ], [ -97.1354, 17.5467 ], [ -97.1334, 17.5519 ], [ -97.1095, 17.5246 ], [ -97.0881, 17.5247 ], [ -97.0686, 17.5825 ], [ -97.0476, 17.5885 ], [ -97.0415, 17.587 ] ] ] } },
{ "type": "Feature", "properties": { "cvegeo": "20300", "municipio_inegi": "San Pedro Amuzgos", "clave": "san pedro amuzgos", "region": "Mixteca", "sin_dato_siap": false }, "geometry": { "type": "Polygon", "coordinates": [ [ [ -98.0737, 16.738 ], [ -98.0672, 16.7397 ], [ -98.0365, 16.7119 ], [ -98.037, 16.7062 ], [ -98.0278, 16.6978 ], [ -98.0234, 16.6663 ], [ -98.04, 16.6526 ], [ -98.042, 16.6363 ], [ -98.0471, 16.6276 ], [ -98.062, 16.6193 ], [ -98.0663, 16.6129 ], [ -98.0741, 16.6176 ], [ -98.0759, 16.6235 ], [ -98.0938, 16.6247 ], [ -98.097, 16.6292 ], [ -98.1143, 16.6344 ], [ -98.1262, 16.6432 ], [ -98.1435, 16.6412 ], [ -98.1448, 16.6494 ], [ -98.1548, 16.6564 ], [ -98.1515, 16.6746 ], [ -98.1428, 16.6795 ], [ -98.1311, 16.6794 ], [ -98.1085, 16.7416 ], [ -98.0937, 16.7304 ], [ -98.0794, 16.743 ], [ -98.0737, 16.738 ] ] ] } },
{ "type": "Feature", "properties": { "cvegeo": "20311", "municipio_inegi": "San Pedro Jaltepetongo", "clave": "san pedro jaltepetongo", "region": "Cañada", "sin_dato_siap": false }, "geometry": { "type": "Polygon", "coordinates": [ [ [ -96.969, 17.722 ], [ -96.9812, 17.7174 ], [ -97.0128, 17.6493 ], [ -97.0264, 17.6436 ], [ -97.0427, 17.6441 ], [ -97.0446, 17.6568 ], [ -97.056, 17.6716 ], [ -97.0799, 17.6858 ], [ -97.0699, 17.6986 ], [ -97.0486, 17.705 ], [ -97.0416, 17.7129 ], [ -97.0138, 17.7211 ], [ -96.969, 17.722 ] ] ] } },
{ "type": "Feature", "properties": { "cvegeo": "20301", "municipio_inegi": "San Pedro Apóstol", "clave": "san pedro apostol", "region": "Valles Centrales", "sin_dato_siap": false }, "geometry": { "type": "Polygon", "coordinates": [ [ [ -96.7547, 16.7584 ], [ -96.742, 16.7527 ], [ -96.7405, 16.7572 ], [ -96.7266, 16.7493 ], [ -96.7197, 16.7491 ], [ -96.7233, 16.7404 ], [ -96.714, 16.7389 ], [ -96.7134, 16.7271 ], [ -96.7326, 16.7309 ], [ -96.7324, 16.7281 ], [ -96.7525, 16.7298 ], [ -96.7439, 16.7333 ], [ -96.7456, 16.7389 ], [ -96.7514, 16.7413 ], [ -96.7498, 16.7501 ], [ -96.7547, 16.7584 ] ] ] } },
{ "type": "Feature", "properties": { "cvegeo": "20323", "municipio_inegi": "San Pedro Ocotepec", "clave": "san pedro ocotepec", "region": "Sierra Juárez", "sin_dato_siap": false }, "geometry": { "type": "Polygon", "coordinates": [ [ [ -95.8349, 17.0191 ], [ -95.8014, 16.9751 ], [ -95.7971, 16.96 ], [ -95.8092, 16.9603 ], [ -95.8275, 16.9547 ], [ -95.8529, 16.9339 ], [ -95.867, 16.9325 ], [ -95.8739, 16.9407 ], [ -95.8698, 16.9569 ], [ -95.8777, 16.9564 ], [ -95.8802, 16.9611 ], [ -95.8735, 16.9641 ], [ -95.8667, 16.9604 ], [ -95.8573, 16.9627 ], [ -95.8765, 16.9722 ], [ -95.8731, 16.9855 ], [ -95.8596, 16.9916 ], [ -95.8503, 16.9903 ], [ -95.8465, 16.9962 ], [ -95.8476, 17.0032 ], [ -95.8378, 17.0097 ], [ -95.8349, 17.0191 ] ] ] } },
{ "type": "Feature", "properties": { "cvegeo": "20324", "municipio_inegi": "San Pedro Pochutla", "clave": "san pedro pochutla", "region": "Costa", "sin_dato_siap": false }, "geometry": { "type": "Polygon", "coordinates": [ [ [ -96.324, 15.9176 ], [ -96.3162, 15.9139 ], [ -96.2897, 15.9136 ], [ -96.2828, 15.9063 ], [ -96.2749, 15.9101 ], [ -96.2738, 15.9177 ], [ -96.2631, 15.9187 ], [ -96.2706, 15.8918 ], [ -96.2605, 15.8681 ], [ -96.2608, 15.8641 ], [ -96.2702, 15.8631 ], [ -96.3106, 15.8658 ], [ -96.3358, 15.8654 ], [ -96.3476, 15.8618 ], [ -96.3618, 15.8753 ], [ -96.372, 15.8687 ], [ -96.3677, 15.8672 ], [ -96.3699, 15.8628 ], [ -96.3656, 15.8622 ], [ -96.3634, 15.8508 ], [ -96.3588, 15.8483 ], [ -96.3598, 15.843 ], [ -96.3457, 15.8208 ], [ -96.3492, 15.8168 ], [ -96.3474, 15.8131 ], [ -96.3369, 15.8042 ], [ -96.3294, 15.7398 ], [ -96.3286, 15.6992 ], [ -96.333, 15.688 ], [ -96.3442, 15.6853 ], [ -96.3513, 15.6903 ], [ -96.3614, 15.6823 ], [ -96.3759, 15.6887 ], [ -96.3873, 15.6879 ], [ -96.4268, 15.6964 ], [ -96.4302, 15.6921 ], [ -96.4297, 15.6952 ], [ -96.4336, 15.6953 ], [ -96.4404, 15.6918 ], [ -96.4428, 15.6865 ], [ -96.4452, 15.688 ], [ -96.4526, 15.6815 ], [ -96.4646, 15.6832 ], [ -96.467, 15.6753 ], [ -96.4769, 15.6747 ], [ -96.482, 15.6633 ], [ -96.495, 15.6657 ], [ -96.4946, 15.6584 ], [ -96.5246, 15.6625 ], [ -96.5055, 15.6958 ], [ -96.5062, 15.7551 ], [ -96.5204, 15.7787 ], [ -96.5312, 15.8102 ], [ -96.5043, 15.8199 ], [ -96.4894, 15.8399 ], [ -96.4904, 15.848 ], [ -96.4832, 15.8599 ], [ -96.4895, 15.887 ], [ -96.4713, 15.8855 ], [ -96.4793, 15.8939 ], [ -96.4709, 15.8978 ], [ -96.4689, 15.8932 ], [ -96.4595, 15.8925 ], [ -96.4574, 15.8873 ], [ -96.4419, 15.8824 ], [ -96.4377, 15.8842 ], [ -96.4334, 15.8768 ], [ -96.4323, 15.8821 ], [ -96.4261, 15.8815 ], [ -96.4101, 15.8724 ], [ -96.4059, 15.8728 ], [ -96.4004, 15.8862 ], [ -96.3921, 15.8906 ], [ -96.3911, 15.883 ], [ -96.3753, 15.8692 ], [ -96.371, 15.8761 ], [ -96.3724, 15.8857 ], [ -96.361, 15.8866 ], [ -96.3573, 15.8994 ], [ -96.3521, 15.9037 ], [ -96.3327, 15.9089 ], [ -96.3331, 15.9188 ], [ -96.3258, 15.9227 ], [ -96.324, 15.9176 ] ] ] } },
{ "type": "Feature", "properties": { "cvegeo": "20302", "municipio_inegi": "San Pedro Atoyac", "clave": "san pedro atoyac", "region": "Costa", "sin_dato_siap": false }, "geometry": { "type": "Polygon", "coordinates": [ [ [ -97.9532, 16.5696 ], [ -97.9209, 16.5471 ], [ -97.9132, 16.5184 ], [ -97.955, 16.4858 ], [ -97.9823, 16.474 ], [ -97.9925, 16.4747 ], [ -98.0112, 16.4993 ], [ -98.0191, 16.4995 ], [ -98.0218, 16.504 ], [ -98.0362, 16.5077 ], [ -98.0417, 16.5137 ], [ -98.0375, 16.5179 ], [ -98.0231, 16.5174 ], [ -98.0029, 16.5316 ], [ -98.0075, 16.5385 ], [ -97.994, 16.5439 ], [ -97.9745, 16.5585 ], [ -97.9726, 16.5566 ], [ -97.9775, 16.5522 ], [ -97.9704, 16.5469 ], [ -97.9594, 16.552 ], [ -97.9532, 16.5696 ] ] ] } },
{ "type": "Feature", "properties": { "cvegeo": "20303", "municipio_inegi": "San Pedro Cajonos", "clave": "san pedro cajonos", "region": "Sierra Juárez", "sin_dato_siap": false }, "geometry": { "type": "Polygon", "coordinates": [ [ [ -96.2571, 17.1712 ], [ -96.2494, 17.1573 ], [ -96.2727, 17.1579 ], [ -96.2742, 17.1652 ], [ -96.2571, 17.1712 ] ] ] } },
{ "type": "Feature", "properties": { "cvegeo": "20305", "municipio_inegi": "San Pedro Comitancillo", "clave": "san pedro comitancillo", "region": "Istmo", "sin_dato_siap": false }, "geometry": { "type": "Polygon", "coordinates": [ [ [ -95.1615, 16.4993 ], [ -95.1283, 16.4847 ], [ -95.1122, 16.4678 ], [ -95.1198, 16.4678 ], [ -95.1198, 16.4408 ], [ -95.1245, 16.4413 ], [ -95.1244, 16.4515 ], [ -95.1406, 16.4572 ], [ -95.1529, 16.4534 ], [ -95.1753, 16.4335 ], [ -95.2009, 16.4235 ], [ -95.2137, 16.4352 ], [ -95.2071, 16.4616 ], [ -95.1882, 16.4662 ], [ -95.1881, 16.488 ], [ -95.1757, 16.4931 ], [ -95.1752, 16.5001 ], [ -95.1615, 16.4993 ] ] ] } },
{ "type": "Feature", "properties": { "cvegeo": "20306", "municipio_inegi": "San Pedro el Alto", "clave": "san pedro el alto", "region": "Costa", "sin_dato_siap": false }, "geometry": { "type": "Polygon", "coordinates": [ [ [ -96.4895, 16.0798 ], [ -96.4794, 16.0706 ], [ -96.4816, 16.0637 ], [ -96.4718, 16.0507 ], [ -96.4664, 16.0457 ], [ -96.4508, 16.0427 ], [ -96.4438, 16.0301 ], [ -96.4329, 16.0385 ], [ -96.4167, 16.0318 ], [ -96.4223, 16.0257 ], [ -96.4205, 16.0223 ], [ -96.4247, 16.0237 ], [ -96.4244, 16.0185 ], [ -96.4298, 16.0201 ], [ -96.4271, 16.0157 ], [ -96.4299, 16.01 ], [ -96.4349, 16.0088 ], [ -96.4382, 15.998 ], [ -96.4308, 15.9915 ], [ -96.4298, 15.9819 ], [ -96.4239, 15.982 ], [ -96.4231, 15.9664 ], [ -96.4333, 15.9698 ], [ -96.4401, 15.9667 ], [ -96.4445, 15.9697 ], [ -96.4467, 15.966 ], [ -96.451, 15.969 ], [ -96.4621, 15.9683 ], [ -96.4647, 15.9752 ], [ -96.4705, 15.9701 ], [ -96.4679, 15.9755 ], [ -96.4714, 15.9771 ], [ -96.4733, 15.9867 ], [ -96.4795, 15.9871 ], [ -96.48, 15.983 ], [ -96.4876, 15.9903 ], [ -96.4953, 15.9882 ], [ -96.4965, 15.9957 ], [ -96.5063, 15.9973 ], [ -96.5072, 16.0021 ], [ -96.5114, 15.998 ], [ -96.5114, 16.0036 ], [ -96.5198, 16.0017 ], [ -96.5178, 16.0077 ], [ -96.5222, 16.0073 ], [ -96.5273, 16.0146 ], [ -96.5203, 16.0164 ], [ -96.5245, 16.0256 ], [ -96.5191, 16.0244 ], [ -96.5199, 16.0358 ], [ -96.5126, 16.0467 ], [ -96.5037, 16.0503 ], [ -96.5028, 16.0635 ], [ -96.5004, 16.0579 ], [ -96.4913, 16.0659 ], [ -96.4901, 16.0735 ], [ -96.4947, 16.078 ], [ -96.4895, 16.0798 ] ] ] } },
{ "type": "Feature", "properties": { "cvegeo": "20331", "municipio_inegi": "San Pedro Tidaá", "clave": "san pedro tidaa", "region": "Mixteca", "sin_dato_siap": false }, "geometry": { "type": "Polygon", "coordinates": [ [ [ -97.4206, 17.3156 ], [ -97.4317, 17.3257 ], [ -97.4431, 17.3484 ], [ -97.3932, 17.3637 ], [ -97.3602, 17.3652 ], [ -97.3546, 17.3486 ], [ -97.3389, 17.3335 ], [ -97.3671, 17.3145 ], [ -97.3915, 17.3083 ], [ -97.4206, 17.3156 ] ] ] } },
{ "type": "Feature", "properties": { "cvegeo": "20332", "municipio_inegi": "San Pedro Topiltepec", "clave": "san pedro topiltepec", "region": "Mixteca", "sin_dato_siap": false }, "geometry": { "type": "Polygon", "coordinates": [ [ [ -97.3305, 17.4234 ], [ -97.35, 17.4269 ], [ -97.3648, 17.4242 ], [ -97.3687, 17.434 ], [ -97.3803, 17.4434 ], [ -97.3895, 17.4737 ], [ -97.3563, 17.4913 ], [ -97.3441, 17.4834 ], [ -97.3377, 17.4691 ], [ -97.3389, 17.4493 ], [ -97.3269, 17.4437 ], [ -97.3257, 17.4327 ], [ -97.3305, 17.4234 ] ] ] } },
{ "type": "Feature", "properties": { "cvegeo": "20307", "municipio_inegi": "San Pedro Huamelula", "clave": "san pedro huamelula", "region": "Istmo", "sin_dato_siap": false }, "geometry": { "type": "Polygon", "coordinates": [ [ [ -95.5841, 16.1427 ], [ -95.575, 16.1107 ], [ -95.5792, 16.0955 ], [ -95.5363, 16.0631 ], [ -95.5939, 16.0244 ], [ -95.6172, 16.0198 ], [ -95.665, 15.9939 ], [ -95.6992, 15.9887 ], [ -95.7072, 15.9606 ], [ -95.7121, 15.9078 ], [ -95.77, 15.8946 ], [ -95.78, 15.8848 ], [ -95.7772, 15.8711 ], [ -95.8062, 15.8694 ], [ -95.8756, 15.8525 ], [ -95.8847, 15.8445 ], [ -95.9462, 15.8321 ], [ -95.9622, 15.8262 ], [ -95.9704, 15.817 ], [ -96.0034, 15.8081 ], [ -96.0148, 15.8701 ], [ -96.0095, 15.8994 ], [ -95.9817, 15.9196 ], [ -95.9664, 15.9384 ], [ -95.9247, 15.9633 ], [ -95.9098, 15.9679 ], [ -95.8784, 15.9571 ], [ -95.8524, 15.9585 ], [ -95.8269, 16.0052 ], [ -95.8117, 16.0113 ], [ -95.787, 16.0375 ], [ -95.7827, 16.0513 ], [ -95.7643, 16.082 ], [ -95.7351, 16.0784 ], [ -95.7235, 16.1118 ], [ -95.711, 16.1196 ], [ -95.7007, 16.1232 ], [ -95.68, 16.1168 ], [ -95.6532, 16.1262 ], [ -95.6296, 16.1216 ], [ -95.6232, 16.1249 ], [ -95.6213, 16.131 ], [ -95.6173, 16.1292 ], [ -95.5987, 16.142 ], [ -95.5841, 16.1427 ] ] ] } },
{ "type": "Feature", "properties": { "cvegeo": "20308", "municipio_inegi": "San Pedro Huilotepec", "clave": "san pedro huilotepec", "region": "Istmo", "sin_dato_siap": false }, "geometry": { "type": "Polygon", "coordinates": [ [ [ -95.1538, 16.2662 ], [ -95.1235, 16.2649 ], [ -95.1176, 16.2558 ], [ -95.1167, 16.2348 ], [ -95.1254, 16.2359 ], [ -95.1275, 16.2279 ], [ -95.14, 16.2252 ], [ -95.1393, 16.2201 ], [ -95.1435, 16.2175 ], [ -95.1791, 16.2189 ], [ -95.1793, 16.2308 ], [ -95.1618, 16.24 ], [ -95.1741, 16.2633 ], [ -95.1617, 16.2647 ], [ -95.1608, 16.273 ], [ -95.1538, 16.2662 ] ] ] } },
{ "type": "Feature", "properties": { "cvegeo": "20309", "municipio_inegi": "San Pedro Ixcatlán", "clave": "san pedro ixcatlan", "region": "Papaloapan", "sin_dato_siap": false }, "geometry": { "type": "Polygon", "coordinates": [ [ [ -96.5584, 18.2223 ], [ -96.55, 18.2165 ], [ -96.5538, 18.2055 ], [ -96.5506, 18.2001 ], [ -96.5397, 18.191 ], [ -96.5327, 18.1903 ], [ -96.5203, 18.1784 ], [ -96.5173, 18.1784 ], [ -96.5169, 18.1839 ], [ -96.5116, 18.1809 ], [ -96.5103, 18.1679 ], [ -96.5014, 18.1645 ], [ -96.4883, 18.1364 ], [ -96.4958, 18.1243 ], [ -96.4864, 18.1241 ], [ -96.4871, 18.1278 ], [ -96.4852, 18.1279 ], [ -96.4847, 18.1241 ], [ -96.4692, 18.1237 ], [ -96.4742, 18.1128 ], [ -96.4895, 18.1162 ], [ -96.5536, 18.1167 ], [ -96.5664, 18.1096 ], [ -96.5835, 18.1087 ], [ -96.588, 18.1165 ], [ -96.5954, 18.1177 ], [ -96.5958, 18.1259 ], [ -96.5794, 18.1402 ], [ -96.5975, 18.1642 ], [ -96.5821, 18.1676 ], [ -96.5969, 18.1804 ], [ -96.6251, 18.1925 ], [ -96.6207, 18.1935 ], [ -96.6238, 18.204 ], [ -96.6163, 18.2024 ], [ -96.6121, 18.2117 ], [ -96.6014, 18.205 ], [ -96.5925, 18.2054 ], [ -96.5817, 18.2094 ], [ -96.5859, 18.2151 ], [ -96.5806, 18.22 ], [ -96.5767, 18.2163 ], [ -96.572, 18.2187 ], [ -96.5641, 18.2165 ], [ -96.5587, 18.2203 ], [ -96.5565, 18.2158 ], [ -96.5584, 18.2223 ] ] ] } },
{ "type": "Feature", "properties": { "cvegeo": "20310", "municipio_inegi": "San Pedro Ixtlahuaca", "clave": "san pedro ixtlahuaca", "region": "Valles Centrales", "sin_dato_siap": false }, "geometry": { "type": "Polygon", "coordinates": [ [ [ -96.8023, 17.082 ], [ -96.7986, 17.0653 ], [ -96.7897, 17.0666 ], [ -96.7824, 17.0522 ], [ -96.7856, 17.0475 ], [ -96.8188, 17.0414 ], [ -96.8242, 17.0418 ], [ -96.8321, 17.0501 ], [ -96.8615, 17.0291 ], [ -96.8723, 17.026 ], [ -96.8702, 17.051 ], [ -96.8321, 17.0602 ], [ -96.823, 17.07 ], [ -96.8135, 17.0705 ], [ -96.8023, 17.082 ] ] ] } },
{ "type": "Feature", "properties": { "cvegeo": "20312", "municipio_inegi": "San Pedro Jicayán", "clave": "san pedro jicayan", "region": "Costa", "sin_dato_siap": false }, "geometry": { "type": "Polygon", "coordinates": [ [ [ -98.0424, 16.514 ], [ -98.0362, 16.5077 ], [ -98.0218, 16.504 ], [ -98.0191, 16.4995 ], [ -98.0112, 16.4993 ], [ -97.9925, 16.4747 ], [ -97.9667, 16.4783 ], [ -97.9899, 16.4615 ], [ -97.9909, 16.4502 ], [ -97.9988, 16.4326 ], [ -98.0182, 16.4145 ], [ -98.0347, 16.4287 ], [ -98.0675, 16.4439 ], [ -98.087, 16.4575 ], [ -98.1089, 16.4845 ], [ -98.1085, 16.4955 ], [ -98.0962, 16.4983 ], [ -98.0906, 16.4948 ], [ -98.0803, 16.5124 ], [ -98.0541, 16.503 ], [ -98.051, 16.5108 ], [ -98.0424, 16.514 ] ] ] } },
{ "type": "Feature", "properties": { "cvegeo": "20313", "municipio_inegi": "San Pedro Jocotipac", "clave": "san pedro jocotipac", "region": "Cañada", "sin_dato_siap": false }, "geometry": { "type": "Polygon", "coordinates": [ [ [ -97.0277, 17.8024 ], [ -97.0095, 17.7596 ], [ -97.0334, 17.754 ], [ -97.0424, 17.7442 ], [ -97.0655, 17.737 ], [ -97.075, 17.7275 ], [ -97.0742, 17.7224 ], [ -97.0791, 17.7147 ], [ -97.1011, 17.6948 ], [ -97.1137, 17.7509 ], [ -97.1147, 17.779 ], [ -97.1059, 17.7952 ], [ -97.1, 17.7915 ], [ -97.0936, 17.7797 ], [ -97.0898, 17.7946 ], [ -97.0733, 17.7985 ], [ -97.0705, 17.7907 ], [ -97.0526, 17.7902 ], [ -97.0426, 17.7958 ], [ -97.0277, 17.7941 ], [ -97.0277, 17.8024 ] ] ] } },
{ "type": "Feature", "properties": { "cvegeo": "20314", "municipio_inegi": "San Pedro Juchatengo", "clave": "san pedro juchatengo", "region": "Costa", "sin_dato_siap": false }, "geometry": { "type": "Polygon", "coordinates": [ [ [ -97.0765, 16.348 ], [ -97.0702, 16.3186 ], [ -97.0733, 16.3125 ], [ -97.0825, 16.3096 ], [ -97.08, 16.3079 ], [ -97.085, 16.3004 ], [ -97.0817, 16.2938 ], [ -97.0847, 16.2963 ], [ -97.0904, 16.2905 ], [ -97.0868, 16.2901 ], [ -97.0884, 16.2872 ], [ -97.0853, 16.2851 ], [ -97.0887, 16.2777 ], [ -97.0849, 16.2796 ], [ -97.081, 16.2765 ], [ -97.0874, 16.267 ], [ -97.1108, 16.2823 ], [ -97.1301, 16.2877 ], [ -97.1423, 16.2786 ], [ -97.1435, 16.3506 ], [ -97.1375, 16.3508 ], [ -97.1335, 16.3558 ], [ -97.129, 16.3513 ], [ -97.1257, 16.3582 ], [ -97.1203, 16.352 ], [ -97.1134, 16.3621 ], [ -97.105, 16.3651 ], [ -97.0973, 16.3474 ], [ -97.0869, 16.347 ], [ -97.0819, 16.3552 ], [ -97.0829, 16.3627 ], [ -97.0782, 16.3658 ], [ -97.0743, 16.3591 ], [ -97.0765, 16.348 ] ] ] } },
{ "type": "Feature", "properties": { "cvegeo": "20333", "municipio_inegi": "San Pedro Totolápam", "clave": "san pedro totolapam", "region": "Valles Centrales", "sin_dato_siap": false }, "geometry": { "type": "Polygon", "coordinates": [ [ [ -96.284, 16.7482 ], [ -96.2512, 16.715 ], [ -96.2302, 16.7021 ], [ -96.2001, 16.7226 ], [ -96.18, 16.7301 ], [ -96.165, 16.7303 ], [ -96.1405, 16.7372 ], [ -96.142, 16.7311 ], [ -96.11, 16.6927 ], [ -96.0996, 16.67 ], [ -96.0793, 16.6404 ], [ -96.0669, 16.6415 ], [ -96.0637, 16.6384 ], [ -96.1264, 16.5806 ], [ -96.1693, 16.5675 ], [ -96.2019, 16.622 ], [ -96.276, 16.5964 ], [ -96.3129, 16.6171 ], [ -96.329, 16.6215 ], [ -96.397, 16.6704 ], [ -96.4152, 16.6775 ], [ -96.4039, 16.6971 ], [ -96.3948, 16.6944 ], [ -96.3774, 16.6967 ], [ -96.3508, 16.7096 ], [ -96.3134, 16.7487 ], [ -96.3076, 16.7461 ], [ -96.284, 16.7482 ] ] ] } },
{ "type": "Feature", "properties": { "cvegeo": "20334", "municipio_inegi": "Villa de Tututepec", "clave": "villa de tututepec", "region": "Costa", "sin_dato_siap": false }, "geometry": { "type": "MultiPolygon", "coordinates": [ [ [ [ -97.353, 15.9376 ], [ -97.3519, 15.9364 ], [ -97.3528, 15.9366 ], [ -97.353, 15.9376 ] ] ], [ [ [ -97.4673, 16.2642 ], [ -97.4582, 16.2702 ], [ -97.4526, 16.2678 ], [ -97.4621, 16.1984 ], [ -97.4457, 16.1987 ], [ -97.4446, 16.1929 ], [ -97.4376, 16.1879 ], [ -97.4424, 16.173 ], [ -97.441, 16.1634 ], [ -97.4068, 16.1414 ], [ -97.3907, 16.1462 ], [ -97.404, 16.1279 ], [ -97.3917, 16.1107 ], [ -97.4052, 16.0802 ], [ -97.4113, 16.077 ], [ -97.415, 16.0621 ], [ -97.4104, 16.0558 ], [ -97.417, 16.05 ], [ -97.4069, 16.0059 ], [ -97.3794, 15.9653 ], [ -97.3596, 15.9876 ], [ -97.3506, 15.9792 ], [ -97.3213, 15.9899 ], [ -97.3206, 16.0043 ], [ -97.2957, 16.0086 ], [ -97.2897, 16.0233 ], [ -97.2778, 16.0232 ], [ -97.2691, 16.028 ], [ -97.2619, 16.0251 ], [ -97.2631, 16.0189 ], [ -97.2762, 16.0029 ], [ -97.2641, 16.0058 ], [ -97.2586, 16.0138 ], [ -97.2498, 16.0177 ], [ -97.2211, 15.9996 ], [ -97.2163, 16.0067 ], [ -97.2024, 16.0029 ], [ -97.1923, 15.9953 ], [ -97.197, 15.9908 ], [ -97.1939, 15.9882 ], [ -97.1839, 15.9885 ], [ -97.179, 15.9834 ], [ -97.2105, 15.9229 ], [ -97.273, 15.9385 ], [ -97.2887, 15.9374 ], [ -97.3346, 15.946 ], [ -97.3593, 15.9444 ], [ -97.3682, 15.9368 ], [ -97.4116, 15.9443 ], [ -97.4214, 15.9418 ], [ -97.4793, 15.9538 ], [ -97.5297, 15.9694 ], [ -97.5653, 15.9633 ], [ -97.619, 15.9755 ], [ -97.6558, 15.9778 ], [ -97.6722, 15.9733 ], [ -97.6797, 15.9623 ], [ -97.7887, 15.9826 ], [ -97.7905, 15.9857 ], [ -97.7825, 15.9952 ], [ -97.7915, 16.0002 ], [ -97.7895, 16.0165 ], [ -97.7754, 16.0302 ], [ -97.7638, 16.0261 ], [ -97.7526, 16.0373 ], [ -97.7319, 16.0742 ], [ -97.7359, 16.085 ], [ -97.7265, 16.0902 ], [ -97.7308, 16.0956 ], [ -97.7369, 16.1212 ], [ -97.7348, 16.1331 ], [ -97.7442, 16.1461 ], [ -97.7426, 16.1661 ], [ -97.7371, 16.1649 ], [ -97.7262, 16.1831 ], [ -97.7172, 16.1899 ], [ -97.7232, 16.2025 ], [ -97.7197, 16.2111 ], [ -97.7038, 16.2172 ], [ -97.6803, 16.2349 ], [ -97.6695, 16.2386 ], [ -97.6533, 16.2293 ], [ -97.6401, 16.2062 ], [ -97.6322, 16.2052 ], [ -97.6232, 16.2136 ], [ -97.6235, 16.2365 ], [ -97.616, 16.2346 ], [ -97.6092, 16.2235 ], [ -97.6074, 16.2334 ], [ -97.599, 16.2437 ], [ -97.5916, 16.2382 ], [ -97.5801, 16.2374 ], [ -97.5768, 16.2409 ], [ -97.5571, 16.2443 ], [ -97.5485, 16.2413 ], [ -97.5487, 16.2451 ], [ -97.5425, 16.2476 ], [ -97.5352, 16.2446 ], [ -97.5341, 16.2497 ], [ -97.5281, 16.2484 ], [ -97.5253, 16.2513 ], [ -97.5207, 16.2465 ], [ -97.5165, 16.2472 ], [ -97.5138, 16.2504 ], [ -97.5101, 16.2491 ], [ -97.5076, 16.2559 ], [ -97.5029, 16.2517 ], [ -97.5035, 16.2569 ], [ -97.4972, 16.258 ], [ -97.4973, 16.2615 ], [ -97.4887, 16.2603 ], [ -97.4911, 16.2648 ], [ -97.4834, 16.2699 ], [ -97.4805, 16.2618 ], [ -97.4761, 16.2626 ], [ -97.4777, 16.2686 ], [ -97.4743, 16.274 ], [ -97.4673, 16.2642 ] ] ] ] } },
{ "type": "Feature", "properties": { "cvegeo": "20315", "municipio_inegi": "San Pedro Mártir", "clave": "san pedro martir", "region": "Valles Centrales", "sin_dato_siap": false }, "geometry": { "type": "Polygon", "coordinates": [ [ [ -96.6996, 16.7645 ], [ -96.6868, 16.7426 ], [ -96.6922, 16.736 ], [ -96.6891, 16.7336 ], [ -96.7078, 16.7397 ], [ -96.7121, 16.7368 ], [ -96.7233, 16.7404 ], [ -96.7185, 16.7465 ], [ -96.7232, 16.7482 ], [ -96.7221, 16.7518 ], [ -96.7131, 16.7539 ], [ -96.712, 16.763 ], [ -96.7062, 16.7601 ], [ -96.6996, 16.7645 ] ] ] } },
{ "type": "Feature", "properties": { "cvegeo": "20316", "municipio_inegi": "San Pedro Mártir Quiechapa", "clave": "san pedro martir quiechapa", "region": "Istmo", "sin_dato_siap": false }, "geometry": { "type": "Polygon", "coordinates": [ [ [ -96.2595, 16.5329 ], [ -96.2683, 16.5278 ], [ -96.247, 16.5046 ], [ -96.2261, 16.4641 ], [ -96.2032, 16.4361 ], [ -96.1872, 16.4229 ], [ -96.199, 16.387 ], [ -96.2398, 16.3886 ], [ -96.2539, 16.3831 ], [ -96.2955, 16.392 ], [ -96.2928, 16.4006 ], [ -96.3101, 16.4295 ], [ -96.3076, 16.438 ], [ -96.31, 16.4461 ], [ -96.3074, 16.4479 ], [ -96.291, 16.4396 ], [ -96.2842, 16.5222 ], [ -96.2799, 16.536 ], [ -96.2595, 16.5329 ] ] ] } },
{ "type": "Feature", "properties": { "cvegeo": "20317", "municipio_inegi": "San Pedro Mártir Yucuxaco", "clave": "san pedro martir yucuxaco", "region": "Mixteca", "sin_dato_siap": false }, "geometry": { "type": "Polygon", "coordinates": [ [ [ -97.6398, 17.5016 ], [ -97.6243, 17.4989 ], [ -97.624, 17.4862 ], [ -97.6124, 17.458 ], [ -97.5968, 17.4538 ], [ -97.578, 17.436 ], [ -97.5744, 17.4276 ], [ -97.5802, 17.4275 ], [ -97.5841, 17.4222 ], [ -97.5974, 17.423 ], [ -97.6099, 17.4136 ], [ -97.6428, 17.4121 ], [ -97.6549, 17.4031 ], [ -97.7022, 17.4525 ], [ -97.6989, 17.4688 ], [ -97.6398, 17.5016 ] ] ] } },
{ "type": "Feature", "properties": { "cvegeo": "20318", "municipio_inegi": "San Pedro Mixtepec", "clave": "san pedro mixtepec", "region": "Costa", "sin_dato_siap": false }, "geometry": { "type": "Polygon", "coordinates": [ [ [ -97.1307, 16.0305 ], [ -97.119, 16.0313 ], [ -97.1202, 16.0237 ], [ -97.1018, 16.0132 ], [ -97.0635, 16.0096 ], [ -97.0403, 16.0031 ], [ -97.0116, 16.005 ], [ -97.0102, 16.0174 ], [ -96.9978, 16.0174 ], [ -96.9978, 15.9876 ], [ -96.9914, 15.994 ], [ -96.9885, 15.9867 ], [ -96.9804, 15.9894 ], [ -96.9636, 15.9857 ], [ -96.959, 15.9895 ], [ -96.928, 15.9882 ], [ -96.926, 15.992 ], [ -96.9118, 15.9945 ], [ -96.9033, 15.9876 ], [ -96.9003, 15.9895 ], [ -96.8949, 15.9687 ], [ -96.9776, 15.9303 ], [ -96.9956, 15.9186 ], [ -97.0105, 15.9233 ], [ -97.0152, 15.9049 ], [ -97.051, 15.8836 ], [ -97.061, 15.8606 ], [ -97.0664, 15.8565 ], [ -97.0752, 15.8562 ], [ -97.1031, 15.8688 ], [ -97.1251, 15.8871 ], [ -97.1462, 15.8991 ], [ -97.2105, 15.9229 ], [ -97.179, 15.9834 ], [ -97.1653, 15.9917 ], [ -97.1474, 15.9958 ], [ -97.1388, 16.0131 ], [ -97.14, 16.0169 ], [ -97.1349, 16.0169 ], [ -97.1307, 16.0305 ] ] ] } },
{ "type": "Feature", "properties": { "cvegeo": "20408", "municipio_inegi": "Santa María del Rosario", "clave": "santa maria del rosario", "region": "Mixteca", "sin_dato_siap": false }, "geometry": { "type": "Polygon", "coordinates": [ [ [ -97.5834, 17.3619 ], [ -97.5799, 17.3381 ], [ -97.591, 17.3277 ], [ -97.5854, 17.3196 ], [ -97.6166, 17.3125 ], [ -97.6154, 17.3236 ], [ -97.6218, 17.3316 ], [ -97.6288, 17.3308 ], [ -97.6321, 17.3391 ], [ -97.6259, 17.3692 ], [ -97.6194, 17.3628 ], [ -97.6118, 17.3624 ], [ -97.6048, 17.3653 ], [ -97.6012, 17.3732 ], [ -97.5834, 17.3619 ] ] ] } },
{ "type": "Feature", "properties": { "cvegeo": "20319", "municipio_inegi": "San Pedro Mixtepec", "clave": "san pedro mixtepec", "region": "Valles Centrales", "sin_dato_siap": false }, "geometry": { "type": "Polygon", "coordinates": [ [ [ -96.257, 16.2857 ], [ -96.2425, 16.275 ], [ -96.2232, 16.2797 ], [ -96.1844, 16.2586 ], [ -96.1744, 16.2435 ], [ -96.1782, 16.2234 ], [ -96.1638, 16.2082 ], [ -96.1316, 16.2016 ], [ -96.1026, 16.1626 ], [ -96.1206, 16.1501 ], [ -96.1487, 16.1536 ], [ -96.1934, 16.1699 ], [ -96.2075, 16.1644 ], [ -96.2176, 16.1736 ], [ -96.2174, 16.1853 ], [ -96.2501, 16.1867 ], [ -96.2541, 16.1929 ], [ -96.2648, 16.1963 ], [ -96.2693, 16.2223 ], [ -96.2781, 16.2377 ], [ -96.2918, 16.2483 ], [ -96.2894, 16.2572 ], [ -96.291, 16.2635 ], [ -96.2971, 16.2678 ], [ -96.2944, 16.2745 ], [ -96.2992, 16.2891 ], [ -96.2972, 16.3007 ], [ -96.2882, 16.2898 ], [ -96.2761, 16.2849 ], [ -96.257, 16.2857 ] ] ] } },
{ "type": "Feature", "properties": { "cvegeo": "20320", "municipio_inegi": "San Pedro Molinos", "clave": "san pedro molinos", "region": "Mixteca", "sin_dato_siap": false }, "geometry": { "type": "Polygon", "coordinates": [ [ [ -97.5258, 17.1283 ], [ -97.5199, 17.0929 ], [ -97.5491, 17.0855 ], [ -97.5681, 17.071 ], [ -97.5855, 17.1115 ], [ -97.5671, 17.1252 ], [ -97.5512, 17.121 ], [ -97.5297, 17.1329 ], [ -97.5258, 17.1283 ] ] ] } },
{ "type": "Feature", "properties": { "cvegeo": "20321", "municipio_inegi": "San Pedro Nopala", "clave": "san pedro nopala", "region": "Mixteca", "sin_dato_siap": false }, "geometry": { "type": "Polygon", "coordinates": [ [ [ -97.5757, 17.8711 ], [ -97.5528, 17.8559 ], [ -97.5435, 17.8543 ], [ -97.5068, 17.8305 ], [ -97.5101, 17.7964 ], [ -97.5192, 17.7989 ], [ -97.5208, 17.7869 ], [ -97.5532, 17.7803 ], [ -97.5662, 17.7888 ], [ -97.5743, 17.7788 ], [ -97.5739, 17.7734 ], [ -97.6048, 17.7554 ], [ -97.6171, 17.7554 ], [ -97.6373, 17.7684 ], [ -97.6449, 17.7682 ], [ -97.6502, 17.7855 ], [ -97.6265, 17.8084 ], [ -97.5953, 17.8561 ], [ -97.5872, 17.8654 ], [ -97.5757, 17.8711 ] ] ] } },
{ "type": "Feature", "properties": { "cvegeo": "20322", "municipio_inegi": "San Pedro Ocopetatillo", "clave": "san pedro ocopetatillo", "region": "Cañada", "sin_dato_siap": false }, "geometry": { "type": "Polygon", "coordinates": [ [ [ -96.9046, 18.1987 ], [ -96.8994, 18.1931 ], [ -96.9014, 18.1716 ], [ -96.9137, 18.1694 ], [ -96.9251, 18.1722 ], [ -96.9223, 18.1895 ], [ -96.9104, 18.1987 ], [ -96.9046, 18.1987 ] ] ] } },
{ "type": "Feature", "properties": { "cvegeo": "20418", "municipio_inegi": "Santa María Jalapa del Marqués", "clave": "santa maria jalapa del marques", "region": "Istmo", "sin_dato_siap": false }, "geometry": { "type": "Polygon", "coordinates": [ [ [ -95.4555, 16.667 ], [ -95.3801, 16.6016 ], [ -95.3428, 16.6025 ], [ -95.3403, 16.5975 ], [ -95.3433, 16.5955 ], [ -95.3315, 16.5749 ], [ -95.319, 16.4957 ], [ -95.3363, 16.4418 ], [ -95.349, 16.4259 ], [ -95.4603, 16.3645 ], [ -95.4965, 16.364 ], [ -95.5232, 16.346 ], [ -95.5239, 16.4375 ], [ -95.5319, 16.4441 ], [ -95.5381, 16.4572 ], [ -95.5838, 16.4808 ], [ -95.6309, 16.5285 ], [ -95.6692, 16.5365 ], [ -95.6717, 16.5726 ], [ -95.7155, 16.5836 ], [ -95.7227, 16.5892 ], [ -95.7066, 16.6122 ], [ -95.6891, 16.6147 ], [ -95.6783, 16.612 ], [ -95.5892, 16.5605 ], [ -95.5761, 16.5679 ], [ -95.5706, 16.5788 ], [ -95.5428, 16.6066 ], [ -95.5424, 16.6165 ], [ -95.532, 16.6271 ], [ -95.5018, 16.6189 ], [ -95.4555, 16.667 ] ] ] } },
{ "type": "Feature", "properties": { "cvegeo": "20325", "municipio_inegi": "San Pedro Quiatoni", "clave": "san pedro quiatoni", "region": "Valles Centrales", "sin_dato_siap": false }, "geometry": { "type": "Polygon", "coordinates": [ [ [ -96.0884, 16.8984 ], [ -96.082, 16.8976 ], [ -96.072, 16.8896 ], [ -96.0568, 16.8913 ], [ -96.0171, 16.8799 ], [ -95.989, 16.8865 ], [ -95.9818, 16.8913 ], [ -95.9716, 16.8793 ], [ -95.9644, 16.8768 ], [ -95.9765, 16.8596 ], [ -95.9715, 16.8447 ], [ -95.9419, 16.8163 ], [ -95.9073, 16.7927 ], [ -95.9128, 16.7679 ], [ -95.9096, 16.7473 ], [ -95.9161, 16.733 ], [ -95.9141, 16.7251 ], [ -95.9181, 16.7043 ], [ -95.9305, 16.6785 ], [ -95.9465, 16.6616 ], [ -95.9833, 16.6509 ], [ -96.0104, 16.6524 ], [ -96.0336, 16.6323 ], [ -96.0448, 16.6312 ], [ -96.0669, 16.6415 ], [ -96.0751, 16.6387 ], [ -96.0996, 16.67 ], [ -96.11, 16.6927 ], [ -96.142, 16.7311 ], [ -96.1509, 16.8252 ], [ -96.1584, 16.8493 ], [ -96.168, 16.8574 ], [ -96.1363, 16.8648 ], [ -96.0884, 16.8984 ] ] ] } },
{ "type": "Feature", "properties": { "cvegeo": "20360", "municipio_inegi": "Santa Ana Zegache", "clave": "santa ana zegache", "region": "Valles Centrales", "sin_dato_siap": false }, "geometry": { "type": "Polygon", "coordinates": [ [ [ -96.7225, 16.8687 ], [ -96.7133, 16.8482 ], [ -96.7051, 16.8428 ], [ -96.7067, 16.8237 ], [ -96.7121, 16.8149 ], [ -96.7379, 16.8098 ], [ -96.7516, 16.8132 ], [ -96.7559, 16.826 ], [ -96.7583, 16.8581 ], [ -96.7426, 16.8533 ], [ -96.7408, 16.8623 ], [ -96.7225, 16.8687 ] ] ] } },
{ "type": "Feature", "properties": { "cvegeo": "20326", "municipio_inegi": "San Pedro Sochiápam", "clave": "san pedro sochiapam", "region": "Cañada", "sin_dato_siap": false }, "geometry": { "type": "Polygon", "coordinates": [ [ [ -96.6424, 17.8842 ], [ -96.6365, 17.8716 ], [ -96.6128, 17.8547 ], [ -96.5961, 17.8284 ], [ -96.5768, 17.8379 ], [ -96.5777, 17.8313 ], [ -96.5626, 17.8058 ], [ -96.5624, 17.7943 ], [ -96.5678, 17.7909 ], [ -96.57, 17.7831 ], [ -96.5916, 17.7654 ], [ -96.595, 17.7671 ], [ -96.5957, 17.7485 ], [ -96.6027, 17.7331 ], [ -96.6158, 17.7402 ], [ -96.6149, 17.7457 ], [ -96.619, 17.7508 ], [ -96.6164, 17.7534 ], [ -96.6342, 17.7745 ], [ -96.6371, 17.7648 ], [ -96.6623, 17.756 ], [ -96.6487, 17.7729 ], [ -96.655, 17.7728 ], [ -96.6769, 17.7905 ], [ -96.6915, 17.794 ], [ -96.6969, 17.7915 ], [ -96.7154, 17.8271 ], [ -96.6967, 17.8465 ], [ -96.7101, 17.8692 ], [ -96.6974, 17.8744 ], [ -96.6809, 17.8905 ], [ -96.6866, 17.8933 ], [ -96.6852, 17.8981 ], [ -96.6424, 17.8842 ] ] ] } },
{ "type": "Feature", "properties": { "cvegeo": "20327", "municipio_inegi": "San Pedro Tapanatepec", "clave": "san pedro tapanatepec", "region": "Istmo", "sin_dato_siap": false }, "geometry": { "type": "Polygon", "coordinates": [ [ [ -94.1995, 16.4841 ], [ -94.1383, 16.4613 ], [ -94.0507, 16.3297 ], [ -94.033, 16.2759 ], [ -94.0435, 16.2557 ], [ -94.0351, 16.2483 ], [ -94.0352, 16.2396 ], [ -94.0485, 16.2162 ], [ -94.1096, 16.1791 ], [ -94.1028, 16.1425 ], [ -94.1064, 16.1509 ], [ -94.153, 16.1231 ], [ -94.1693, 16.1356 ], [ -94.2029, 16.1531 ], [ -94.217, 16.1356 ], [ -94.2494, 16.1466 ], [ -94.2851, 16.1437 ], [ -94.3339, 16.166 ], [ -94.3973, 16.1778 ], [ -94.3881, 16.1793 ], [ -94.4118, 16.1946 ], [ -94.4212, 16.1965 ], [ -94.4286, 16.206 ], [ -94.4439, 16.2152 ], [ -94.4368, 16.2214 ], [ -94.4149, 16.2208 ], [ -94.3868, 16.2113 ], [ -94.3945, 16.2188 ], [ -94.44, 16.227 ], [ -94.4397, 16.2335 ], [ -94.4435, 16.2364 ], [ -94.4344, 16.2451 ], [ -94.4308, 16.2447 ], [ -94.4313, 16.2474 ], [ -94.4239, 16.2435 ], [ -94.4227, 16.2373 ], [ -94.4089, 16.2356 ], [ -94.4159, 16.2426 ], [ -94.4158, 16.2488 ], [ -94.4107, 16.2499 ], [ -94.4066, 16.2585 ], [ -94.4154, 16.266 ], [ -94.413, 16.2737 ], [ -94.4181, 16.2742 ], [ -94.4148, 16.2855 ], [ -94.3814, 16.2966 ], [ -94.3726, 16.2962 ], [ -94.3642, 16.3386 ], [ -94.3421, 16.3426 ], [ -94.3108, 16.3348 ], [ -94.2985, 16.3497 ], [ -94.2994, 16.3425 ], [ -94.2863, 16.3548 ], [ -94.2735, 16.3806 ], [ -94.2751, 16.4009 ], [ -94.2589, 16.4327 ], [ -94.2498, 16.4378 ], [ -94.2372, 16.4262 ], [ -94.2358, 16.4305 ], [ -94.2266, 16.4305 ], [ -94.2072, 16.4454 ], [ -94.2043, 16.444 ], [ -94.2042, 16.465 ], [ -94.1995, 16.4841 ] ], [ [ -94.214, 16.2973 ], [ -94.229, 16.2448 ], [ -94.1994, 16.241 ], [ -94.1847, 16.2992 ], [ -94.1787, 16.2977 ], [ -94.1841, 16.3019 ], [ -94.1802, 16.3049 ], [ -94.1821, 16.3079 ], [ -94.1861, 16.3107 ], [ -94.214, 16.2973 ] ] ] } },
{ "type": "Feature", "properties": { "cvegeo": "20328", "municipio_inegi": "San Pedro Taviche", "clave": "san pedro taviche", "region": "Valles Centrales", "sin_dato_siap": false }, "geometry": { "type": "Polygon", "coordinates": [ [ [ -96.4763, 16.6696 ], [ -96.4722, 16.6639 ], [ -96.4723, 16.6553 ], [ -96.4914, 16.6481 ], [ -96.4958, 16.6426 ], [ -96.4721, 16.6104 ], [ -96.477, 16.5925 ], [ -96.496, 16.5982 ], [ -96.5135, 16.6088 ], [ -96.5327, 16.608 ], [ -96.612, 16.6217 ], [ -96.6098, 16.6386 ], [ -96.5947, 16.6567 ], [ -96.5695, 16.6713 ], [ -96.5393, 16.6637 ], [ -96.5281, 16.705 ], [ -96.5182, 16.7061 ], [ -96.5063, 16.6978 ], [ -96.4894, 16.6717 ], [ -96.4763, 16.6696 ] ] ] } },
{ "type": "Feature", "properties": { "cvegeo": "20329", "municipio_inegi": "San Pedro Teozacoalco", "clave": "san pedro teozacoalco", "region": "Mixteca", "sin_dato_siap": false }, "geometry": { "type": "Polygon", "coordinates": [ [ [ -97.2449, 17.0506 ], [ -97.2326, 17.0357 ], [ -97.2359, 17.0317 ], [ -97.2338, 17.0178 ], [ -97.2282, 17.0149 ], [ -97.2269, 17.0056 ], [ -97.255, 17.0019 ], [ -97.2606, 17.0061 ], [ -97.2674, 17.0051 ], [ -97.2746, 17.0135 ], [ -97.2823, 17.0106 ], [ -97.2832, 17.0064 ], [ -97.2799, 16.9948 ], [ -97.2714, 16.9856 ], [ -97.2665, 16.9979 ], [ -97.2522, 16.9898 ], [ -97.2386, 16.9907 ], [ -97.2344, 16.9867 ], [ -97.2349, 16.9591 ], [ -97.2485, 16.9437 ], [ -97.2413, 16.9377 ], [ -97.2396, 16.931 ], [ -97.3007, 16.9518 ], [ -97.3226, 16.9502 ], [ -97.3239, 16.9554 ], [ -97.3187, 16.958 ], [ -97.3142, 16.9713 ], [ -97.3229, 16.9969 ], [ -97.3232, 17.0091 ], [ -97.3186, 17.0148 ], [ -97.324, 17.0302 ], [ -97.3214, 17.0392 ], [ -97.3071, 17.037 ], [ -97.3099, 17.0321 ], [ -97.3064, 17.0253 ], [ -97.3004, 17.0289 ], [ -97.2885, 17.0278 ], [ -97.279, 17.0378 ], [ -97.2708, 17.0387 ], [ -97.2734, 17.048 ], [ -97.2621, 17.0687 ], [ -97.2546, 17.0755 ], [ -97.2449, 17.0506 ] ] ] } },
{ "type": "Feature", "properties": { "cvegeo": "20330", "municipio_inegi": "San Pedro Teutila", "clave": "san pedro teutila", "region": "Cañada", "sin_dato_siap": false }, "geometry": { "type": "Polygon", "coordinates": [ [ [ -96.6233, 18.0412 ], [ -96.6133, 18.0449 ], [ -96.6069, 18.0302 ], [ -96.5877, 18.0281 ], [ -96.5814, 18.0336 ], [ -96.5492, 18.0382 ], [ -96.5167, 18.0206 ], [ -96.5244, 17.9993 ], [ -96.534, 18.0032 ], [ -96.5529, 18.0028 ], [ -96.5561, 17.9735 ], [ -96.5715, 17.9685 ], [ -96.5813, 17.9516 ], [ -96.5936, 17.9459 ], [ -96.6024, 17.9487 ], [ -96.6055, 17.9591 ], [ -96.6166, 17.9606 ], [ -96.6332, 17.9566 ], [ -96.636, 17.9573 ], [ -96.6342, 17.9616 ], [ -96.6434, 17.9662 ], [ -96.6669, 17.9693 ], [ -96.6747, 17.9764 ], [ -96.6882, 17.9683 ], [ -96.7016, 17.9658 ], [ -96.6959, 17.9637 ], [ -96.7029, 17.9576 ], [ -96.7018, 17.9541 ], [ -96.6955, 17.954 ], [ -96.6952, 17.9459 ], [ -96.6854, 17.9451 ], [ -96.6828, 17.9401 ], [ -96.6769, 17.9386 ], [ -96.6774, 17.9343 ], [ -96.6694, 17.9307 ], [ -96.669, 17.9261 ], [ -96.656, 17.9141 ], [ -96.6669, 17.9214 ], [ -96.6758, 17.9162 ], [ -96.6832, 17.9182 ], [ -96.6811, 17.9101 ], [ -96.6839, 17.91 ], [ -96.6864, 17.9162 ], [ -96.6929, 17.9176 ], [ -96.7044, 17.9376 ], [ -96.7099, 17.9265 ], [ -96.714, 17.9463 ], [ -96.7318, 17.9634 ], [ -96.7261, 17.9697 ], [ -96.7276, 17.9787 ], [ -96.7156, 17.9922 ], [ -96.7136, 18.0026 ], [ -96.7046, 18.0107 ], [ -96.6852, 18.0118 ], [ -96.6761, 18.0213 ], [ -96.665, 18.0157 ], [ -96.6421, 18.0182 ], [ -96.634, 18.0275 ], [ -96.636, 18.0372 ], [ -96.6309, 18.0456 ], [ -96.6233, 18.0412 ] ] ] } },
{ "type": "Feature", "properties": { "cvegeo": "20335", "municipio_inegi": "San Pedro Yaneri", "clave": "san pedro yaneri", "region": "Sierra Juárez", "sin_dato_siap": false }, "geometry": { "type": "Polygon", "coordinates": [ [ [ -96.3752, 17.4397 ], [ -96.3385, 17.4234 ], [ -96.3401, 17.4153 ], [ -96.3486, 17.4086 ], [ -96.3591, 17.4065 ], [ -96.3612, 17.401 ], [ -96.369, 17.4057 ], [ -96.3739, 17.4029 ], [ -96.3732, 17.398 ], [ -96.3793, 17.3951 ], [ -96.3821, 17.3981 ], [ -96.3838, 17.3941 ], [ -96.4169, 17.3987 ], [ -96.4043, 17.4102 ], [ -96.3817, 17.4078 ], [ -96.3955, 17.4195 ], [ -96.4, 17.4316 ], [ -96.4191, 17.4371 ], [ -96.405, 17.4576 ], [ -96.3752, 17.4397 ] ] ] } },
{ "type": "Feature", "properties": { "cvegeo": "20419", "municipio_inegi": "Santa María Jaltianguis", "clave": "santa maria jaltianguis", "region": "Sierra Juárez", "sin_dato_siap": false }, "geometry": { "type": "Polygon", "coordinates": [ [ [ -96.4935, 17.3957 ], [ -96.5091, 17.3585 ], [ -96.5225, 17.3453 ], [ -96.5278, 17.3097 ], [ -96.5487, 17.3264 ], [ -96.555, 17.3254 ], [ -96.5568, 17.3298 ], [ -96.5628, 17.3296 ], [ -96.5646, 17.3355 ], [ -96.572, 17.3393 ], [ -96.5691, 17.343 ], [ -96.5728, 17.3437 ], [ -96.5721, 17.3488 ], [ -96.5762, 17.3498 ], [ -96.5775, 17.3601 ], [ -96.5852, 17.3709 ], [ -96.5854, 17.3779 ], [ -96.5782, 17.3791 ], [ -96.5857, 17.3818 ], [ -96.5821, 17.3889 ], [ -96.5774, 17.3881 ], [ -96.5694, 17.3966 ], [ -96.5249, 17.3852 ], [ -96.4986, 17.4038 ], [ -96.5004, 17.4068 ], [ -96.4942, 17.4128 ], [ -96.4935, 17.3957 ] ] ] } },
{ "type": "Feature", "properties": { "cvegeo": "20336", "municipio_inegi": "San Pedro Yólox", "clave": "san pedro yolox", "region": "Sierra Juárez", "sin_dato_siap": false }, "geometry": { "type": "Polygon", "coordinates": [ [ [ -96.3681, 17.6738 ], [ -96.3657, 17.67 ], [ -96.3782, 17.6633 ], [ -96.3832, 17.674 ], [ -96.4048, 17.648 ], [ -96.4076, 17.643 ], [ -96.3822, 17.6267 ], [ -96.3967, 17.6196 ], [ -96.4182, 17.5941 ], [ -96.4203, 17.5966 ], [ -96.4227, 17.5927 ], [ -96.4296, 17.5936 ], [ -96.4413, 17.5861 ], [ -96.451, 17.5882 ], [ -96.4626, 17.5995 ], [ -96.4732, 17.599 ], [ -96.4832, 17.592 ], [ -96.496, 17.5914 ], [ -96.5029, 17.587 ], [ -96.5165, 17.5893 ], [ -96.5387, 17.5693 ], [ -96.5603, 17.5788 ], [ -96.5695, 17.5989 ], [ -96.5245, 17.617 ], [ -96.5167, 17.6242 ], [ -96.5225, 17.6328 ], [ -96.5483, 17.6356 ], [ -96.5924, 17.6339 ], [ -96.6021, 17.6212 ], [ -96.6077, 17.6209 ], [ -96.6144, 17.6149 ], [ -96.6185, 17.6256 ], [ -96.6163, 17.6314 ], [ -96.6285, 17.6355 ], [ -96.6197, 17.6441 ], [ -96.6056, 17.6468 ], [ -96.5878, 17.6605 ], [ -96.5796, 17.6604 ], [ -96.5685, 17.6705 ], [ -96.566, 17.6665 ], [ -96.5577, 17.666 ], [ -96.5478, 17.6596 ], [ -96.5428, 17.6525 ], [ -96.5105, 17.6418 ], [ -96.5039, 17.6519 ], [ -96.4871, 17.655 ], [ -96.4822, 17.6656 ], [ -96.45, 17.6762 ], [ -96.4215, 17.6738 ], [ -96.409, 17.6788 ], [ -96.4054, 17.6887 ], [ -96.3831, 17.6981 ], [ -96.3538, 17.6921 ], [ -96.3681, 17.6738 ] ] ] } },
{ "type": "Feature", "properties": { "cvegeo": "20337", "municipio_inegi": "San Pedro y San Pablo Ayutla", "clave": "san pedro y san pablo ayutla", "region": "Sierra Juárez", "sin_dato_siap": false }, "geometry": { "type": "Polygon", "coordinates": [ [ [ -96.1743, 17.1264 ], [ -96.1599, 17.123 ], [ -96.1583, 17.1181 ], [ -96.1588, 17.1119 ], [ -96.1643, 17.1096 ], [ -96.1693, 17.1002 ], [ -96.1583, 17.0852 ], [ -96.1492, 17.0823 ], [ -96.1334, 17.0843 ], [ -96.1288, 17.0789 ], [ -96.1292, 17.0731 ], [ -96.1208, 17.0651 ], [ -96.1218, 17.0579 ], [ -96.1176, 17.0524 ], [ -96.0937, 17.0566 ], [ -96.0827, 17.0518 ], [ -96.0802, 17.0432 ], [ -96.0463, 17.0262 ], [ -96.0572, 17.0013 ], [ -96.0439, 16.9913 ], [ -96.0547, 16.9857 ], [ -96.0748, 16.9867 ], [ -96.0714, 16.9734 ], [ -96.0801, 16.9676 ], [ -96.0826, 16.9502 ], [ -96.0951, 16.9489 ], [ -96.1088, 16.9535 ], [ -96.104, 16.9687 ], [ -96.1105, 16.9721 ], [ -96.1041, 16.9829 ], [ -96.1068, 16.984 ], [ -96.1173, 16.9857 ], [ -96.128, 16.9824 ], [ -96.1317, 16.9745 ], [ -96.1513, 16.9596 ], [ -96.1638, 16.9624 ], [ -96.1698, 16.9597 ], [ -96.1755, 16.9674 ], [ -96.1861, 16.9709 ], [ -96.1935, 16.988 ], [ -96.2009, 16.9945 ], [ -96.208, 17.0134 ], [ -96.2065, 17.0401 ], [ -96.1978, 17.052 ], [ -96.1936, 17.0519 ], [ -96.1774, 17.0643 ], [ -96.1829, 17.1028 ], [ -96.1801, 17.1094 ], [ -96.1886, 17.1158 ], [ -96.1743, 17.1264 ] ] ] } },
{ "type": "Feature", "properties": { "cvegeo": "20338", "municipio_inegi": "Villa de Etla", "clave": "villa de etla", "region": "Valles Centrales", "sin_dato_siap": false }, "geometry": { "type": "Polygon", "coordinates": [ [ [ -96.8036, 17.2101 ], [ -96.796, 17.212 ], [ -96.792, 17.2004 ], [ -96.787, 17.2006 ], [ -96.7856, 17.196 ], [ -96.7737, 17.2032 ], [ -96.7716, 17.1909 ], [ -96.7793, 17.1835 ], [ -96.7791, 17.1796 ], [ -96.7839, 17.1794 ], [ -96.7844, 17.184 ], [ -96.7804, 17.1848 ], [ -96.7821, 17.191 ], [ -96.7838, 17.1853 ], [ -96.7893, 17.189 ], [ -96.7887, 17.1842 ], [ -96.81, 17.1831 ], [ -96.8084, 17.1958 ], [ -96.804, 17.1998 ], [ -96.8048, 17.2073 ], [ -96.8105, 17.2085 ], [ -96.8052, 17.2152 ], [ -96.8036, 17.2101 ] ] ] } },
{ "type": "Feature", "properties": { "cvegeo": "20339", "municipio_inegi": "San Pedro y San Pablo Teposcolula", "clave": "san pedro y san pablo teposcolula", "region": "Mixteca", "sin_dato_siap": false }, "geometry": { "type": "Polygon", "coordinates": [ [ [ -97.4788, 17.5462 ], [ -97.461, 17.5463 ], [ -97.439, 17.521 ], [ -97.411, 17.5303 ], [ -97.4003, 17.5277 ], [ -97.39, 17.5011 ], [ -97.3925, 17.4829 ], [ -97.3862, 17.4587 ], [ -97.3936, 17.4571 ], [ -97.4007, 17.4625 ], [ -97.3988, 17.4673 ], [ -97.4035, 17.473 ], [ -97.4152, 17.4806 ], [ -97.4282, 17.4816 ], [ -97.4405, 17.4762 ], [ -97.4463, 17.4814 ], [ -97.4632, 17.4754 ], [ -97.469, 17.4481 ], [ -97.4659, 17.4269 ], [ -97.4905, 17.4565 ], [ -97.5214, 17.4496 ], [ -97.5266, 17.4527 ], [ -97.5338, 17.4823 ], [ -97.5881, 17.5176 ], [ -97.6243, 17.4989 ], [ -97.6398, 17.5016 ], [ -97.6504, 17.5349 ], [ -97.6391, 17.5412 ], [ -97.633, 17.5404 ], [ -97.6295, 17.5333 ], [ -97.6253, 17.5398 ], [ -97.6181, 17.5362 ], [ -97.6119, 17.5376 ], [ -97.6085, 17.54 ], [ -97.6154, 17.553 ], [ -97.6043, 17.5532 ], [ -97.6019, 17.5506 ], [ -97.6053, 17.5424 ], [ -97.5992, 17.5372 ], [ -97.6008, 17.5314 ], [ -97.5929, 17.5278 ], [ -97.5907, 17.5215 ], [ -97.5871, 17.5221 ], [ -97.58, 17.5549 ], [ -97.5532, 17.5581 ], [ -97.5349, 17.5453 ], [ -97.5171, 17.5421 ], [ -97.509, 17.5589 ], [ -97.4788, 17.5462 ] ] ] } },
{ "type": "Feature", "properties": { "cvegeo": "20340", "municipio_inegi": "San Pedro y San Pablo Tequixtepec", "clave": "san pedro y san pablo tequixtepec", "region": "Mixteca", "sin_dato_siap": false }, "geometry": { "type": "Polygon", "coordinates": [ [ [ -97.6536, 18.1788 ], [ -97.6532, 18.1753 ], [ -97.6164, 18.1527 ], [ -97.6086, 18.1529 ], [ -97.6044, 18.1374 ], [ -97.6082, 18.131 ], [ -97.5975, 18.1265 ], [ -97.5696, 18.1034 ], [ -97.5681, 18.0921 ], [ -97.574, 18.0835 ], [ -97.5772, 18.0829 ], [ -97.5797, 18.0884 ], [ -97.5839, 18.0862 ], [ -97.5989, 18.0905 ], [ -97.6033, 18.0754 ], [ -97.6116, 18.0685 ], [ -97.6166, 18.0576 ], [ -97.6323, 18.0564 ], [ -97.6349, 18.044 ], [ -97.6642, 18.0439 ], [ -97.6686, 18.0645 ], [ -97.6853, 18.0652 ], [ -97.6815, 18.0492 ], [ -97.6865, 18.0287 ], [ -97.6988, 18.0217 ], [ -97.7299, 18.0373 ], [ -97.7426, 18.0491 ], [ -97.7434, 18.0564 ], [ -97.7644, 18.0686 ], [ -97.7717, 18.0684 ], [ -97.7985, 18.0358 ], [ -97.7993, 18.0485 ], [ -97.8031, 18.0404 ], [ -97.8138, 18.0384 ], [ -97.8125, 18.0289 ], [ -97.837, 18.0314 ], [ -97.8348, 18.0498 ], [ -97.8257, 18.0535 ], [ -97.8107, 18.0677 ], [ -97.8495, 18.0837 ], [ -97.8606, 18.1027 ], [ -97.8398, 18.1074 ], [ -97.8266, 18.1038 ], [ -97.8215, 18.0912 ], [ -97.8285, 18.0863 ], [ -97.8251, 18.0823 ], [ -97.8146, 18.082 ], [ -97.8013, 18.0688 ], [ -97.7964, 18.0729 ], [ -97.7941, 18.0692 ], [ -97.7836, 18.0702 ], [ -97.7792, 18.0751 ], [ -97.7731, 18.0748 ], [ -97.7694, 18.0827 ], [ -97.769, 18.0978 ], [ -97.7777, 18.1054 ], [ -97.7886, 18.1242 ], [ -97.7774, 18.1336 ], [ -97.7658, 18.1335 ], [ -97.7667, 18.1277 ], [ -97.7614, 18.1227 ], [ -97.7494, 18.1259 ], [ -97.7369, 18.1242 ], [ -97.725, 18.1111 ], [ -97.7099, 18.1181 ], [ -97.7074, 18.1243 ], [ -97.6814, 18.1445 ], [ -97.6832, 18.1482 ], [ -97.6778, 18.148 ], [ -97.6695, 18.1435 ], [ -97.6668, 18.13 ], [ -97.6777, 18.1155 ], [ -97.6889, 18.1103 ], [ -97.6819, 18.1019 ], [ -97.6876, 18.0931 ], [ -97.6837, 18.0807 ], [ -97.6721, 18.084 ], [ -97.6674, 18.08 ], [ -97.6601, 18.084 ], [ -97.6594, 18.0899 ], [ -97.6422, 18.0782 ], [ -97.6526, 18.0694 ], [ -97.6454, 18.0635 ], [ -97.6399, 18.0749 ], [ -97.6228, 18.0666 ], [ -97.6177, 18.0698 ], [ -97.6165, 18.0811 ], [ -97.62, 18.0881 ], [ -97.615, 18.0926 ], [ -97.621, 18.1037 ], [ -97.623, 18.1371 ], [ -97.6286, 18.1443 ], [ -97.6434, 18.139 ], [ -97.6663, 18.1611 ], [ -97.6536, 18.1788 ] ] ] } },
{ "type": "Feature", "properties": { "cvegeo": "20341", "municipio_inegi": "San Pedro Yucunama", "clave": "san pedro yucunama", "region": "Mixteca", "sin_dato_siap": false }, "geometry": { "type": "Polygon", "coordinates": [ [ [ -97.4688, 17.6056 ], [ -97.459, 17.5981 ], [ -97.4584, 17.5584 ], [ -97.461, 17.5463 ], [ -97.4738, 17.5451 ], [ -97.491, 17.549 ], [ -97.509, 17.5589 ], [ -97.497, 17.585 ], [ -97.5017, 17.6146 ], [ -97.4688, 17.6056 ] ] ] } },
{ "type": "Feature", "properties": { "cvegeo": "20342", "municipio_inegi": "San Raymundo Jalpan", "clave": "san raymundo jalpan", "region": "Valles Centrales", "sin_dato_siap": false }, "geometry": { "type": "Polygon", "coordinates": [ [ [ -96.7667, 16.9974 ], [ -96.7398, 16.9967 ], [ -96.7476, 16.9699 ], [ -96.7425, 16.9666 ], [ -96.7448, 16.9638 ], [ -96.7628, 16.9637 ], [ -96.7626, 16.9793 ], [ -96.7725, 16.9838 ], [ -96.7628, 16.9942 ], [ -96.7667, 16.9974 ] ] ] } },
{ "type": "Feature", "properties": { "cvegeo": "20343", "municipio_inegi": "San Sebastián Abasolo", "clave": "san sebastian abasolo", "region": "Valles Centrales", "sin_dato_siap": false }, "geometry": { "type": "Polygon", "coordinates": [ [ [ -96.5941, 17.0067 ], [ -96.5951, 17.0031 ], [ -96.5924, 17.0022 ], [ -96.5912, 17.0063 ], [ -96.5798, 17.0012 ], [ -96.5702, 16.9706 ], [ -96.594, 16.9777 ], [ -96.5969, 16.9664 ], [ -96.6106, 16.9718 ], [ -96.6509, 16.9778 ], [ -96.6556, 16.9862 ], [ -96.626, 16.9876 ], [ -96.6258, 16.9801 ], [ -96.617, 16.9795 ], [ -96.6113, 16.9794 ], [ -96.6108, 16.9835 ], [ -96.6061, 16.9818 ], [ -96.6053, 16.9707 ], [ -96.5989, 16.9868 ], [ -96.6069, 16.9944 ], [ -96.6054, 16.999 ], [ -96.602, 16.9981 ], [ -96.6012, 17.0053 ], [ -96.5941, 17.0067 ] ] ] } },
{ "type": "Feature", "properties": { "cvegeo": "20344", "municipio_inegi": "San Sebastián Coatlán", "clave": "san sebastian coatlan", "region": "Valles Centrales", "sin_dato_siap": false }, "geometry": { "type": "Polygon", "coordinates": [ [ [ -96.8078, 16.2132 ], [ -96.8162, 16.1859 ], [ -96.8117, 16.176 ], [ -96.8172, 16.1706 ], [ -96.8338, 16.0896 ], [ -96.8521, 16.0924 ], [ -96.8568, 16.1018 ], [ -96.8661, 16.0887 ], [ -96.8819, 16.0829 ], [ -96.8602, 16.0756 ], [ -96.8649, 16.0618 ], [ -96.8574, 16.0453 ], [ -96.8586, 16.0395 ], [ -96.8694, 16.0391 ], [ -96.8749, 16.0305 ], [ -96.8501, 16.0296 ], [ -96.8439, 16.0173 ], [ -96.8469, 16.0109 ], [ -96.8404, 16.0106 ], [ -96.8375, 16.0069 ], [ -96.8442, 16.0009 ], [ -96.8344, 16.0008 ], [ -96.8377, 15.9973 ], [ -96.8373, 15.9888 ], [ -96.8265, 15.9765 ], [ -96.8317, 15.9668 ], [ -96.8288, 15.9609 ], [ -96.8539, 15.9662 ], [ -96.8684, 15.9648 ], [ -96.8949, 15.9687 ], [ -96.9087, 16.0129 ], [ -96.9345, 16.0192 ], [ -96.9334, 16.0216 ], [ -96.9562, 16.0323 ], [ -96.9284, 16.0767 ], [ -96.9098, 16.0941 ], [ -96.909, 16.1048 ], [ -96.8932, 16.1368 ], [ -96.8642, 16.1845 ], [ -96.8636, 16.2124 ], [ -96.8578, 16.215 ], [ -96.85, 16.2311 ], [ -96.8504, 16.2461 ], [ -96.8078, 16.2132 ] ] ] } },
{ "type": "Feature", "properties": { "cvegeo": "20346", "municipio_inegi": "San Sebastián Nicananduta", "clave": "san sebastian nicananduta", "region": "Mixteca", "sin_dato_siap": false }, "geometry": { "type": "Polygon", "coordinates": [ [ [ -97.6647, 17.5681 ], [ -97.6542, 17.5496 ], [ -97.6398, 17.5016 ], [ -97.6999, 17.4673 ], [ -97.6991, 17.4933 ], [ -97.6955, 17.4982 ], [ -97.6984, 17.5027 ], [ -97.6971, 17.5497 ], [ -97.672, 17.5671 ], [ -97.6647, 17.5681 ] ] ] } },
{ "type": "Feature", "properties": { "cvegeo": "20345", "municipio_inegi": "San Sebastián Ixcapa", "clave": "san sebastian ixcapa", "region": "Costa", "sin_dato_siap": false }, "geometry": { "type": "Polygon", "coordinates": [ [ [ -98.1454, 16.5842 ], [ -98.1133, 16.5851 ], [ -98.1133, 16.5701 ], [ -98.1051, 16.5699 ], [ -98.0949, 16.5325 ], [ -98.1006, 16.5271 ], [ -98.1016, 16.5205 ], [ -98.0923, 16.5145 ], [ -98.1089, 16.4948 ], [ -98.1267, 16.4954 ], [ -98.1568, 16.4806 ], [ -98.1879, 16.4719 ], [ -98.1989, 16.4781 ], [ -98.2109, 16.4791 ], [ -98.21, 16.4902 ], [ -98.2012, 16.4971 ], [ -98.2015, 16.5042 ], [ -98.2039, 16.5029 ], [ -98.2005, 16.5228 ], [ -98.1881, 16.5576 ], [ -98.1706, 16.5554 ], [ -98.1663, 16.5583 ], [ -98.1639, 16.5549 ], [ -98.1557, 16.5576 ], [ -98.1543, 16.5618 ], [ -98.1452, 16.5596 ], [ -98.1421, 16.562 ], [ -98.1468, 16.5681 ], [ -98.1454, 16.5842 ] ] ] } },
{ "type": "Feature", "properties": { "cvegeo": "20356", "municipio_inegi": "Santa Ana del Valle", "clave": "santa ana del valle", "region": "Valles Centrales", "sin_dato_siap": false }, "geometry": { "type": "Polygon", "coordinates": [ [ [ -96.4503, 16.9871 ], [ -96.4838, 16.9823 ], [ -96.4969, 16.9871 ], [ -96.4669, 17.0514 ], [ -96.4461, 17.0377 ], [ -96.4401, 17.0279 ], [ -96.443, 17.0169 ], [ -96.4407, 17.0142 ], [ -96.4503, 16.9871 ] ] ] } },
{ "type": "Feature", "properties": { "cvegeo": "20357", "municipio_inegi": "Santa Ana Tavela", "clave": "santa ana tavela", "region": "Istmo", "sin_dato_siap": false }, "geometry": { "type": "Polygon", "coordinates": [ [ [ -95.8899, 16.6702 ], [ -95.821, 16.6191 ], [ -95.8171, 16.5983 ], [ -95.8082, 16.5922 ], [ -95.8037, 16.5826 ], [ -95.803, 16.5729 ], [ -95.8384, 16.5439 ], [ -95.8382, 16.5352 ], [ -95.8505, 16.5289 ], [ -95.8593, 16.5186 ], [ -95.8703, 16.5302 ], [ -95.9182, 16.5627 ], [ -95.9416, 16.5598 ], [ -95.9296, 16.5881 ], [ -95.9294, 16.5978 ], [ -95.9493, 16.6169 ], [ -95.9523, 16.6305 ], [ -95.9569, 16.627 ], [ -95.9547, 16.6579 ], [ -95.9465, 16.6616 ], [ -95.9305, 16.6785 ], [ -95.9238, 16.6943 ], [ -95.9189, 16.6936 ], [ -95.9147, 16.6846 ], [ -95.8899, 16.6702 ] ] ] } },
{ "type": "Feature", "properties": { "cvegeo": "20347", "municipio_inegi": "San Sebastián Río Hondo", "clave": "san sebastian rio hondo", "region": "Valles Centrales", "sin_dato_siap": false }, "geometry": { "type": "Polygon", "coordinates": [ [ [ -96.4075, 16.2627 ], [ -96.3854, 16.2431 ], [ -96.3832, 16.237 ], [ -96.386, 16.2298 ], [ -96.3794, 16.2169 ], [ -96.3572, 16.213 ], [ -96.3596, 16.2056 ], [ -96.3542, 16.2002 ], [ -96.3733, 16.1856 ], [ -96.3784, 16.1758 ], [ -96.3772, 16.168 ], [ -96.4152, 16.1541 ], [ -96.4293, 16.1405 ], [ -96.4318, 16.1576 ], [ -96.4414, 16.1716 ], [ -96.4487, 16.1768 ], [ -96.4565, 16.176 ], [ -96.4697, 16.1817 ], [ -96.4759, 16.1791 ], [ -96.4858, 16.1853 ], [ -96.4845, 16.2262 ], [ -96.4658, 16.2384 ], [ -96.4616, 16.2474 ], [ -96.4437, 16.2387 ], [ -96.4326, 16.2568 ], [ -96.4203, 16.2472 ], [ -96.4075, 16.2627 ] ] ] } },
{ "type": "Feature", "properties": { "cvegeo": "20348", "municipio_inegi": "San Sebastián Tecomaxtlahuaca", "clave": "san sebastian tecomaxtlahuaca", "region": "Mixteca", "sin_dato_siap": false }, "geometry": { "type": "Polygon", "coordinates": [ [ [ -98.0192, 17.4012 ], [ -98.0148, 17.3801 ], [ -98.0192, 17.3695 ], [ -98.0157, 17.3468 ], [ -98.0261, 17.3442 ], [ -98.0249, 17.3374 ], [ -98.0287, 17.3333 ], [ -98.046, 17.3274 ], [ -98.0785, 17.2937 ], [ -98.0837, 17.2611 ], [ -98.1085, 17.2221 ], [ -98.1158, 17.2252 ], [ -98.1262, 17.2425 ], [ -98.1272, 17.2533 ], [ -98.1671, 17.2828 ], [ -98.1646, 17.311 ], [ -98.1693, 17.3275 ], [ -98.1659, 17.3345 ], [ -98.1696, 17.3679 ], [ -98.1516, 17.3749 ], [ -98.1571, 17.3812 ], [ -98.1413, 17.3802 ], [ -98.1412, 17.3758 ], [ -98.1363, 17.3859 ], [ -98.0983, 17.3946 ], [ -98.0928, 17.416 ], [ -98.0708, 17.4489 ], [ -98.0646, 17.4729 ], [ -98.0613, 17.4696 ], [ -98.0407, 17.4669 ], [ -98.0489, 17.4533 ], [ -98.0472, 17.4384 ], [ -98.035, 17.4193 ], [ -98.0285, 17.4185 ], [ -98.0136, 17.4048 ], [ -98.0192, 17.4012 ] ] ] } },
{ "type": "Feature", "properties": { "cvegeo": "20349", "municipio_inegi": "San Sebastián Teitipac", "clave": "san sebastian teitipac", "region": "Valles Centrales", "sin_dato_siap": false }, "geometry": { "type": "Polygon", "coordinates": [ [ [ -96.6549, 16.9773 ], [ -96.5969, 16.9664 ], [ -96.603, 16.9425 ], [ -96.6202, 16.941 ], [ -96.6256, 16.9239 ], [ -96.6305, 16.9191 ], [ -96.6585, 16.9263 ], [ -96.6599, 16.9699 ], [ -96.6549, 16.9773 ] ] ] } },
{ "type": "Feature", "properties": { "cvegeo": "20359", "municipio_inegi": "Santa Ana Yareni", "clave": "santa ana yareni", "region": "Sierra Juárez", "sin_dato_siap": false }, "geometry": { "type": "Polygon", "coordinates": [ [ [ -96.5718, 17.4129 ], [ -96.5688, 17.4073 ], [ -96.5803, 17.3964 ], [ -96.5741, 17.3902 ], [ -96.5821, 17.3889 ], [ -96.5857, 17.3818 ], [ -96.5782, 17.3791 ], [ -96.6093, 17.3671 ], [ -96.6234, 17.368 ], [ -96.648, 17.3758 ], [ -96.6611, 17.3862 ], [ -96.6633, 17.3959 ], [ -96.6702, 17.4003 ], [ -96.6623, 17.421 ], [ -96.6425, 17.4275 ], [ -96.6153, 17.4139 ], [ -96.5718, 17.4129 ] ] ] } },
{ "type": "Feature", "properties": { "cvegeo": "20367", "municipio_inegi": "Santa Catarina Mechoacán", "clave": "santa catarina mechoacan", "region": "Costa", "sin_dato_siap": false }, "geometry": { "type": "Polygon", "coordinates": [ [ [ -97.8345, 16.3887 ], [ -97.8284, 16.3693 ], [ -97.8004, 16.3552 ], [ -97.7964, 16.3578 ], [ -97.7923, 16.347 ], [ -97.8333, 16.299 ], [ -97.8611, 16.296 ], [ -97.8727, 16.3252 ], [ -97.8607, 16.3792 ], [ -97.8523, 16.3787 ], [ -97.8506, 16.3832 ], [ -97.8345, 16.3887 ] ] ] } },
{ "type": "Feature", "properties": { "cvegeo": "20350", "municipio_inegi": "San Sebastián Tutla", "clave": "san sebastian tutla", "region": "Valles Centrales", "sin_dato_siap": false }, "geometry": { "type": "MultiPolygon", "coordinates": [ [ [ [ -96.6934, 17.054 ], [ -96.6865, 17.048 ], [ -96.6904, 17.0356 ], [ -96.7022, 17.0404 ], [ -96.7018, 17.0447 ], [ -96.6962, 17.0434 ], [ -96.6934, 17.054 ] ] ], [ [ [ -96.6855, 17.0674 ], [ -96.6634, 17.0605 ], [ -96.6734, 17.0486 ], [ -96.6668, 17.0213 ], [ -96.6835, 17.0316 ], [ -96.6791, 17.0629 ], [ -96.6838, 17.0637 ], [ -96.6874, 17.0595 ], [ -96.6855, 17.0674 ] ] ] ] } },
{ "type": "Feature", "properties": { "cvegeo": "20351", "municipio_inegi": "San Simón Almolongas", "clave": "san simon almolongas", "region": "Valles Centrales", "sin_dato_siap": false }, "geometry": { "type": "Polygon", "coordinates": [ [ [ -96.6874, 16.4639 ], [ -96.6803, 16.4634 ], [ -96.6699, 16.4562 ], [ -96.6729, 16.4361 ], [ -96.683, 16.4224 ], [ -96.7012, 16.44 ], [ -96.7015, 16.4278 ], [ -96.7076, 16.4208 ], [ -96.7033, 16.4191 ], [ -96.6994, 16.4062 ], [ -96.6966, 16.4065 ], [ -96.6977, 16.3899 ], [ -96.7144, 16.3718 ], [ -96.725, 16.3695 ], [ -96.7313, 16.3614 ], [ -96.7357, 16.3636 ], [ -96.7376, 16.36 ], [ -96.7615, 16.3665 ], [ -96.7629, 16.3712 ], [ -96.7852, 16.3712 ], [ -96.7862, 16.3985 ], [ -96.7532, 16.3944 ], [ -96.7469, 16.406 ], [ -96.7356, 16.4084 ], [ -96.7283, 16.4244 ], [ -96.7082, 16.4174 ], [ -96.7042, 16.449 ], [ -96.6874, 16.4639 ] ] ] } },
{ "type": "Feature", "properties": { "cvegeo": "20368", "municipio_inegi": "Santa Catarina Minas", "clave": "santa catarina minas", "region": "Valles Centrales", "sin_dato_siap": false }, "geometry": { "type": "Polygon", "coordinates": [ [ [ -96.6002, 16.7801 ], [ -96.6044, 16.7797 ], [ -96.6074, 16.7624 ], [ -96.6027, 16.749 ], [ -96.597, 16.7439 ], [ -96.6025, 16.7393 ], [ -96.6129, 16.7457 ], [ -96.6358, 16.7489 ], [ -96.6301, 16.7641 ], [ -96.6384, 16.7668 ], [ -96.6332, 16.8067 ], [ -96.6177, 16.8268 ], [ -96.5803, 16.8399 ], [ -96.6002, 16.7801 ] ] ] } },
{ "type": "Feature", "properties": { "cvegeo": "20352", "municipio_inegi": "San Simón Zahuatlán", "clave": "san simon zahuatlan", "region": "Mixteca", "sin_dato_siap": false }, "geometry": { "type": "Polygon", "coordinates": [ [ [ -98.0057, 17.8789 ], [ -97.9921, 17.8705 ], [ -97.9856, 17.8759 ], [ -97.9851, 17.8732 ], [ -97.9764, 17.8726 ], [ -97.974, 17.8678 ], [ -97.9697, 17.8692 ], [ -97.966, 17.8647 ], [ -97.9633, 17.842 ], [ -97.9766, 17.8201 ], [ -97.9738, 17.8108 ], [ -97.9783, 17.8051 ], [ -98.0042, 17.7974 ], [ -98.0061, 17.7998 ], [ -98.0143, 17.7978 ], [ -98.0323, 17.808 ], [ -98.0406, 17.822 ], [ -98.0456, 17.8199 ], [ -98.0079, 17.8454 ], [ -98.0171, 17.8625 ], [ -98.0142, 17.8649 ], [ -98.0163, 17.8708 ], [ -98.0057, 17.8789 ] ] ] } },
{ "type": "Feature", "properties": { "cvegeo": "20353", "municipio_inegi": "Santa Ana", "clave": "santa ana", "region": "Valles Centrales", "sin_dato_siap": false }, "geometry": { "type": "Polygon", "coordinates": [ [ [ -96.7144, 16.3718 ], [ -96.709, 16.3563 ], [ -96.6954, 16.353 ], [ -96.6929, 16.35 ], [ -96.703, 16.3528 ], [ -96.6991, 16.3493 ], [ -96.7005, 16.3411 ], [ -96.6905, 16.3354 ], [ -96.6869, 16.326 ], [ -96.6897, 16.3088 ], [ -96.7023, 16.2961 ], [ -96.7189, 16.2873 ], [ -96.7128, 16.2981 ], [ -96.7352, 16.3045 ], [ -96.7402, 16.2908 ], [ -96.7632, 16.3352 ], [ -96.7757, 16.3476 ], [ -96.7808, 16.3728 ], [ -96.7629, 16.3712 ], [ -96.7615, 16.3665 ], [ -96.7376, 16.36 ], [ -96.7357, 16.3636 ], [ -96.7313, 16.3614 ], [ -96.725, 16.3695 ], [ -96.7144, 16.3718 ] ] ] } },
{ "type": "Feature", "properties": { "cvegeo": "20354", "municipio_inegi": "Santa Ana Ateixtlahuaca", "clave": "santa ana ateixtlahuaca", "region": "Cañada", "sin_dato_siap": false }, "geometry": { "type": "Polygon", "coordinates": [ [ [ -96.8781, 18.2437 ], [ -96.8633, 18.2399 ], [ -96.8669, 18.2286 ], [ -96.8647, 18.2234 ], [ -96.8751, 18.2179 ], [ -96.8817, 18.2186 ], [ -96.883, 18.2106 ], [ -96.8986, 18.2043 ], [ -96.9023, 18.1957 ], [ -96.9065, 18.2005 ], [ -96.913, 18.1959 ], [ -96.907, 18.2094 ], [ -96.9047, 18.2376 ], [ -96.8781, 18.2437 ] ] ] } },
{ "type": "Feature", "properties": { "cvegeo": "20355", "municipio_inegi": "Santa Ana Cuauhtémoc", "clave": "santa ana cuauhtemoc", "region": "Cañada", "sin_dato_siap": false }, "geometry": { "type": "Polygon", "coordinates": [ [ [ -96.8161, 18.0333 ], [ -96.8023, 18.026 ], [ -96.7949, 18.0273 ], [ -96.7853, 18.016 ], [ -96.7766, 18.0162 ], [ -96.7804, 17.9873 ], [ -96.774, 17.9652 ], [ -96.7842, 17.9415 ], [ -96.7918, 17.9361 ], [ -96.8118, 17.9612 ], [ -96.8362, 18.0141 ], [ -96.8274, 18.0189 ], [ -96.8266, 18.0246 ], [ -96.8161, 18.0333 ] ] ] } },
{ "type": "Feature", "properties": { "cvegeo": "20358", "municipio_inegi": "Santa Ana Tlapacoyan", "clave": "santa ana tlapacoyan", "region": "Valles Centrales", "sin_dato_siap": false }, "geometry": { "type": "Polygon", "coordinates": [ [ [ -96.8756, 16.7878 ], [ -96.865, 16.7633 ], [ -96.8511, 16.7527 ], [ -96.8517, 16.7585 ], [ -96.8353, 16.7463 ], [ -96.8279, 16.7433 ], [ -96.8226, 16.7483 ], [ -96.8015, 16.7377 ], [ -96.8219, 16.7203 ], [ -96.831, 16.7031 ], [ -96.8535, 16.717 ], [ -96.8856, 16.7269 ], [ -96.913, 16.7635 ], [ -96.9097, 16.7691 ], [ -96.8756, 16.7878 ] ] ] } },
{ "type": "Feature", "properties": { "cvegeo": "20361", "municipio_inegi": "Santa Catalina Quierí", "clave": "santa catalina quieri", "region": "Istmo", "sin_dato_siap": false }, "geometry": { "type": "Polygon", "coordinates": [ [ [ -96.284, 16.3673 ], [ -96.2618, 16.3465 ], [ -96.2338, 16.3355 ], [ -96.2278, 16.336 ], [ -96.2043, 16.3558 ], [ -96.1909, 16.3183 ], [ -96.1968, 16.3136 ], [ -96.1923, 16.301 ], [ -96.2101, 16.2792 ], [ -96.236, 16.3029 ], [ -96.2378, 16.3123 ], [ -96.2614, 16.3132 ], [ -96.2777, 16.3228 ], [ -96.2821, 16.3409 ], [ -96.2941, 16.3493 ], [ -96.2974, 16.361 ], [ -96.3047, 16.3626 ], [ -96.305, 16.3759 ], [ -96.2955, 16.392 ], [ -96.284, 16.3673 ] ] ] } },
{ "type": "Feature", "properties": { "cvegeo": "20362", "municipio_inegi": "Santa Catarina Cuixtla", "clave": "santa catarina cuixtla", "region": "Valles Centrales", "sin_dato_siap": false }, "geometry": { "type": "Polygon", "coordinates": [ [ [ -96.6281, 16.3294 ], [ -96.6241, 16.3148 ], [ -96.6251, 16.2969 ], [ -96.6216, 16.2927 ], [ -96.6379, 16.2834 ], [ -96.6446, 16.2668 ], [ -96.6698, 16.2618 ], [ -96.6755, 16.2689 ], [ -96.6686, 16.2745 ], [ -96.6785, 16.2801 ], [ -96.6611, 16.2854 ], [ -96.6761, 16.291 ], [ -96.6584, 16.3134 ], [ -96.6383, 16.3296 ], [ -96.6281, 16.3294 ] ] ] } },
{ "type": "Feature", "properties": { "cvegeo": "20363", "municipio_inegi": "Santa Catarina Ixtepeji", "clave": "santa catarina ixtepeji", "region": "Sierra Juárez", "sin_dato_siap": false }, "geometry": { "type": "Polygon", "coordinates": [ [ [ -96.5278, 17.3097 ], [ -96.5239, 17.2947 ], [ -96.5288, 17.2889 ], [ -96.528, 17.2842 ], [ -96.5169, 17.2807 ], [ -96.5127, 17.2718 ], [ -96.5202, 17.2602 ], [ -96.5169, 17.2376 ], [ -96.5405, 17.2295 ], [ -96.5324, 17.2172 ], [ -96.522, 17.1753 ], [ -96.5362, 17.1342 ], [ -96.538, 17.1315 ], [ -96.5922, 17.1217 ], [ -96.5978, 17.1174 ], [ -96.6072, 17.1192 ], [ -96.6225, 17.1449 ], [ -96.6363, 17.1355 ], [ -96.6427, 17.1441 ], [ -96.6505, 17.1458 ], [ -96.6533, 17.1737 ], [ -96.6477, 17.1897 ], [ -96.6308, 17.2014 ], [ -96.6178, 17.2505 ], [ -96.6036, 17.2681 ], [ -96.6055, 17.2802 ], [ -96.599, 17.2894 ], [ -96.593, 17.3199 ], [ -96.5655, 17.3096 ], [ -96.5643, 17.3148 ], [ -96.5487, 17.3264 ], [ -96.5278, 17.3097 ] ] ] } },
{ "type": "Feature", "properties": { "cvegeo": "20364", "municipio_inegi": "Santa Catarina Juquila", "clave": "santa catarina juquila", "region": "Costa", "sin_dato_siap": false }, "geometry": { "type": "Polygon", "coordinates": [ [ [ -97.3027, 16.3898 ], [ -97.296, 16.3918 ], [ -97.2909, 16.3832 ], [ -97.2845, 16.3887 ], [ -97.2585, 16.3699 ], [ -97.2504, 16.3776 ], [ -97.2414, 16.3701 ], [ -97.2339, 16.3742 ], [ -97.2228, 16.3712 ], [ -97.2135, 16.361 ], [ -97.2037, 16.3642 ], [ -97.1865, 16.3555 ], [ -97.1912, 16.3497 ], [ -97.1895, 16.3469 ], [ -97.1741, 16.3537 ], [ -97.1651, 16.3512 ], [ -97.1635, 16.3553 ], [ -97.1672, 16.3614 ], [ -97.1647, 16.3621 ], [ -97.1552, 16.3523 ], [ -97.1435, 16.3506 ], [ -97.1423, 16.2786 ], [ -97.1614, 16.2644 ], [ -97.1692, 16.2642 ], [ -97.1732, 16.2576 ], [ -97.1806, 16.2563 ], [ -97.1845, 16.2413 ], [ -97.1906, 16.2458 ], [ -97.1942, 16.2446 ], [ -97.1937, 16.2473 ], [ -97.199, 16.2393 ], [ -97.2001, 16.2466 ], [ -97.2047, 16.2493 ], [ -97.2127, 16.2439 ], [ -97.2141, 16.248 ], [ -97.2209, 16.2447 ], [ -97.2164, 16.2389 ], [ -97.2566, 16.2304 ], [ -97.2685, 16.2342 ], [ -97.2752, 16.2309 ], [ -97.2773, 16.224 ], [ -97.2684, 16.2055 ], [ -97.2688, 16.192 ], [ -97.2524, 16.1788 ], [ -97.2538, 16.1723 ], [ -97.2424, 16.1559 ], [ -97.2484, 16.1517 ], [ -97.2549, 16.1532 ], [ -97.2601, 16.146 ], [ -97.2579, 16.1106 ], [ -97.2487, 16.1104 ], [ -97.2407, 16.0775 ], [ -97.2266, 16.0514 ], [ -97.2631, 16.0189 ], [ -97.2619, 16.0251 ], [ -97.2691, 16.028 ], [ -97.2778, 16.0232 ], [ -97.2889, 16.0238 ], [ -97.2957, 16.0086 ], [ -97.3206, 16.0043 ], [ -97.3213, 15.9899 ], [ -97.3506, 15.9792 ], [ -97.3596, 15.9876 ], [ -97.3794, 15.9653 ], [ -97.4069, 16.0059 ], [ -97.417, 16.05 ], [ -97.4104, 16.0558 ], [ -97.415, 16.0621 ], [ -97.4113, 16.077 ], [ -97.4052, 16.0802 ], [ -97.3911, 16.1134 ], [ -97.4038, 16.1238 ], [ -97.404, 16.1284 ], [ -97.3942, 16.1396 ], [ -97.3897, 16.1545 ], [ -97.3778, 16.158 ], [ -97.3776, 16.161 ], [ -97.3951, 16.1756 ], [ -97.4092, 16.1821 ], [ -97.398, 16.1883 ], [ -97.405, 16.1946 ], [ -97.4113, 16.1946 ], [ -97.4121, 16.2006 ], [ -97.4229, 16.202 ], [ -97.4212, 16.2052 ], [ -97.4268, 16.2043 ], [ -97.4326, 16.2102 ], [ -97.4255, 16.2113 ], [ -97.4111, 16.2274 ], [ -97.4012, 16.2301 ], [ -97.3986, 16.2234 ], [ -97.3915, 16.2266 ], [ -97.3831, 16.2159 ], [ -97.3834, 16.2028 ], [ -97.3765, 16.1938 ], [ -97.3667, 16.2037 ], [ -97.3737, 16.2067 ], [ -97.3732, 16.2184 ], [ -97.36, 16.2248 ], [ -97.3586, 16.2331 ], [ -97.3253, 16.2298 ], [ -97.3202, 16.2348 ], [ -97.3286, 16.2485 ], [ -97.3238, 16.2677 ], [ -97.2575, 16.2848 ], [ -97.2565, 16.2961 ], [ -97.2406, 16.3119 ], [ -97.242, 16.3228 ], [ -97.2638, 16.3154 ], [ -97.2955, 16.3187 ], [ -97.2897, 16.3308 ], [ -97.2919, 16.3361 ], [ -97.2879, 16.3396 ], [ -97.2882, 16.3454 ], [ -97.3097, 16.3396 ], [ -97.3178, 16.3314 ], [ -97.3203, 16.3339 ], [ -97.3202, 16.3548 ], [ -97.3079, 16.3727 ], [ -97.3097, 16.3872 ], [ -97.3066, 16.3939 ], [ -97.3027, 16.3898 ] ] ] } },
{ "type": "Feature", "properties": { "cvegeo": "20365", "municipio_inegi": "Santa Catarina Lachatao", "clave": "santa catarina lachatao", "region": "Sierra Juárez", "sin_dato_siap": false }, "geometry": { "type": "Polygon", "coordinates": [ [ [ -96.4788, 17.2688 ], [ -96.4717, 17.2718 ], [ -96.4677, 17.2658 ], [ -96.47, 17.256 ], [ -96.4758, 17.253 ], [ -96.4784, 17.246 ], [ -96.4832, 17.2452 ], [ -96.4834, 17.2399 ], [ -96.4746, 17.2317 ], [ -96.47, 17.2185 ], [ -96.4739, 17.2083 ], [ -96.4664, 17.1968 ], [ -96.4703, 17.1877 ], [ -96.4702, 17.171 ], [ -96.4588, 17.1541 ], [ -96.4611, 17.1474 ], [ -96.4728, 17.1393 ], [ -96.4694, 17.1338 ], [ -96.4717, 17.1191 ], [ -96.4658, 17.109 ], [ -96.4907, 17.1132 ], [ -96.5067, 17.1027 ], [ -96.5312, 17.1204 ], [ -96.538, 17.1315 ], [ -96.522, 17.1753 ], [ -96.5324, 17.2172 ], [ -96.5405, 17.2295 ], [ -96.509, 17.2418 ], [ -96.498, 17.2524 ], [ -96.4913, 17.2715 ], [ -96.4841, 17.2689 ], [ -96.4824, 17.273 ], [ -96.4788, 17.2688 ] ] ] } },
{ "type": "Feature", "properties": { "cvegeo": "20366", "municipio_inegi": "Santa Catarina Loxicha", "clave": "santa catarina loxicha", "region": "Costa", "sin_dato_siap": false }, "geometry": { "type": "Polygon", "coordinates": [ [ [ -96.7336, 16.1405 ], [ -96.6499, 16.0855 ], [ -96.6549, 16.0785 ], [ -96.6529, 16.0718 ], [ -96.6574, 16.0718 ], [ -96.6512, 16.0618 ], [ -96.6555, 16.0608 ], [ -96.6556, 16.0551 ], [ -96.6634, 16.058 ], [ -96.6619, 16.051 ], [ -96.6716, 16.0428 ], [ -96.6753, 16.045 ], [ -96.6805, 16.0409 ], [ -96.6889, 16.0422 ], [ -96.6849, 16.0374 ], [ -96.6902, 16.0353 ], [ -96.69, 16.0282 ], [ -96.6956, 16.0286 ], [ -96.7031, 16.0214 ], [ -96.7084, 16.0266 ], [ -96.7087, 16.0189 ], [ -96.7121, 16.0201 ], [ -96.7103, 16.0152 ], [ -96.7136, 16.0128 ], [ -96.7207, 16.0116 ], [ -96.7254, 16.0163 ], [ -96.7258, 16.0112 ], [ -96.7331, 16.0061 ], [ -96.738, 16.0052 ], [ -96.741, 16.009 ], [ -96.7488, 15.9933 ], [ -96.7531, 15.9943 ], [ -96.7572, 15.9986 ], [ -96.7538, 16.0081 ], [ -96.7591, 16.0099 ], [ -96.7546, 16.0231 ], [ -96.7574, 16.0292 ], [ -96.7642, 16.034 ], [ -96.7691, 16.0323 ], [ -96.7733, 16.0394 ], [ -96.7706, 16.0463 ], [ -96.7674, 16.0461 ], [ -96.7736, 16.0689 ], [ -96.7665, 16.0751 ], [ -96.7679, 16.0824 ], [ -96.7601, 16.0837 ], [ -96.7595, 16.1038 ], [ -96.7511, 16.1033 ], [ -96.762, 16.1275 ], [ -96.7336, 16.1405 ] ] ] } },
{ "type": "Feature", "properties": { "cvegeo": "20369", "municipio_inegi": "Santa Catarina Quiané", "clave": "santa catarina quiane", "region": "Valles Centrales", "sin_dato_siap": false }, "geometry": { "type": "Polygon", "coordinates": [ [ [ -96.7391, 16.9073 ], [ -96.731, 16.904 ], [ -96.7157, 16.9059 ], [ -96.7081, 16.8898 ], [ -96.7054, 16.8938 ], [ -96.6965, 16.8924 ], [ -96.7032, 16.8884 ], [ -96.7123, 16.8732 ], [ -96.7408, 16.8623 ], [ -96.7426, 16.8533 ], [ -96.7583, 16.8581 ], [ -96.7504, 16.8772 ], [ -96.7538, 16.8781 ], [ -96.7518, 16.8941 ], [ -96.7461, 16.8979 ], [ -96.7471, 16.9034 ], [ -96.7391, 16.9073 ] ] ] } },
{ "type": "Feature", "properties": { "cvegeo": "20373", "municipio_inegi": "Santa Catarina Zapoquila", "clave": "santa catarina zapoquila", "region": "Mixteca", "sin_dato_siap": false }, "geometry": { "type": "Polygon", "coordinates": [ [ [ -97.5681, 18.0921 ], [ -97.5617, 18.073 ], [ -97.5638, 18.0626 ], [ -97.5563, 18.0517 ], [ -97.5576, 18.0469 ], [ -97.5439, 18.0334 ], [ -97.534, 18.0463 ], [ -97.5224, 18.0446 ], [ -97.5059, 18.0278 ], [ -97.4797, 18.0272 ], [ -97.4826, 18.0249 ], [ -97.4805, 18.0101 ], [ -97.4835, 18.0086 ], [ -97.4835, 17.9804 ], [ -97.4984, 17.9797 ], [ -97.5139, 17.9731 ], [ -97.5221, 17.9725 ], [ -97.5255, 17.976 ], [ -97.5521, 17.9719 ], [ -97.5667, 17.9748 ], [ -97.5729, 17.982 ], [ -97.583, 17.9833 ], [ -97.5793, 17.974 ], [ -97.5875, 17.9683 ], [ -97.5893, 17.9587 ], [ -97.598, 17.961 ], [ -97.5968, 18.0194 ], [ -97.6124, 18.0317 ], [ -97.6174, 18.0405 ], [ -97.6349, 18.044 ], [ -97.6323, 18.0564 ], [ -97.6166, 18.0576 ], [ -97.6116, 18.0685 ], [ -97.6033, 18.0754 ], [ -97.5989, 18.0905 ], [ -97.5839, 18.0862 ], [ -97.5797, 18.0884 ], [ -97.5772, 18.0829 ], [ -97.5681, 18.0921 ] ] ] } },
{ "type": "Feature", "properties": { "cvegeo": "20370", "municipio_inegi": "Santa Catarina Tayata", "clave": "santa catarina tayata", "region": "Mixteca", "sin_dato_siap": false }, "geometry": { "type": "Polygon", "coordinates": [ [ [ -97.5452, 17.3888 ], [ -97.5398, 17.3777 ], [ -97.5294, 17.3774 ], [ -97.5329, 17.3585 ], [ -97.5292, 17.3306 ], [ -97.5347, 17.3331 ], [ -97.5258, 17.3066 ], [ -97.5338, 17.2934 ], [ -97.5446, 17.2942 ], [ -97.5456, 17.2972 ], [ -97.5486, 17.2952 ], [ -97.5778, 17.3123 ], [ -97.591, 17.3277 ], [ -97.5725, 17.3408 ], [ -97.5578, 17.3576 ], [ -97.5498, 17.3596 ], [ -97.5599, 17.3878 ], [ -97.5452, 17.3888 ] ] ] } },
{ "type": "Feature", "properties": { "cvegeo": "20371", "municipio_inegi": "Santa Catarina Ticuá", "clave": "santa catarina ticua", "region": "Mixteca", "sin_dato_siap": false }, "geometry": { "type": "Polygon", "coordinates": [ [ [ -97.5148, 17.0924 ], [ -97.5048, 17.0691 ], [ -97.5129, 17.0679 ], [ -97.52, 17.0337 ], [ -97.5274, 17.0179 ], [ -97.5534, 17.0464 ], [ -97.5659, 17.0723 ], [ -97.5543, 17.0829 ], [ -97.5344, 17.0903 ], [ -97.5148, 17.0924 ] ] ] } },
{ "type": "Feature", "properties": { "cvegeo": "20372", "municipio_inegi": "Santa Catarina Yosonotú", "clave": "santa catarina yosonotu", "region": "Mixteca", "sin_dato_siap": false }, "geometry": { "type": "Polygon", "coordinates": [ [ [ -97.6502, 17.0381 ], [ -97.6429, 17.0239 ], [ -97.6457, 17.0249 ], [ -97.651, 17.0092 ], [ -97.6406, 17.0034 ], [ -97.6433, 16.983 ], [ -97.6297, 16.9886 ], [ -97.6367, 16.9656 ], [ -97.645, 16.9719 ], [ -97.6462, 16.983 ], [ -97.6611, 16.9747 ], [ -97.6812, 16.988 ], [ -97.6862, 16.9983 ], [ -97.6906, 17.0003 ], [ -97.696, 16.9963 ], [ -97.7052, 17.0104 ], [ -97.7105, 17.0061 ], [ -97.7225, 17.0046 ], [ -97.722, 17.0 ], [ -97.7301, 17.0171 ], [ -97.7179, 17.0235 ], [ -97.6955, 17.0222 ], [ -97.6632, 17.04 ], [ -97.646, 17.0436 ], [ -97.6502, 17.0381 ] ] ] } },
{ "type": "Feature", "properties": { "cvegeo": "20374", "municipio_inegi": "Santa Cruz Acatepec", "clave": "santa cruz acatepec", "region": "Cañada", "sin_dato_siap": false }, "geometry": { "type": "Polygon", "coordinates": [ [ [ -96.9014, 18.1716 ], [ -96.8633, 18.1662 ], [ -96.8691, 18.1578 ], [ -96.8569, 18.1533 ], [ -96.8651, 18.1558 ], [ -96.8765, 18.1494 ], [ -96.8962, 18.1456 ], [ -96.9028, 18.1488 ], [ -96.8913, 18.1652 ], [ -96.9014, 18.1716 ] ] ] } },
{ "type": "Feature", "properties": { "cvegeo": "20379", "municipio_inegi": "Santa Cruz Nundaco", "clave": "santa cruz nundaco", "region": "Mixteca", "sin_dato_siap": false }, "geometry": { "type": "Polygon", "coordinates": [ [ [ -97.7044, 17.189 ], [ -97.6786, 17.1268 ], [ -97.6861, 17.1287 ], [ -97.7174, 17.1137 ], [ -97.73, 17.1213 ], [ -97.7326, 17.1263 ], [ -97.7275, 17.1289 ], [ -97.7298, 17.1352 ], [ -97.7526, 17.1487 ], [ -97.7551, 17.1703 ], [ -97.7252, 17.1967 ], [ -97.7044, 17.189 ] ] ] } },
{ "type": "Feature", "properties": { "cvegeo": "20375", "municipio_inegi": "Santa Cruz Amilpas", "clave": "santa cruz amilpas", "region": "Valles Centrales", "sin_dato_siap": false }, "geometry": { "type": "Polygon", "coordinates": [ [ [ -96.6791, 17.0629 ], [ -96.6824, 17.0491 ], [ -96.6835, 17.0316 ], [ -96.6904, 17.0356 ], [ -96.6865, 17.048 ], [ -96.6935, 17.054 ], [ -96.6884, 17.0528 ], [ -96.6838, 17.0637 ], [ -96.6791, 17.0629 ] ] ] } },
{ "type": "Feature", "properties": { "cvegeo": "20376", "municipio_inegi": "Santa Cruz de Bravo", "clave": "santa cruz de bravo", "region": "Mixteca", "sin_dato_siap": false }, "geometry": { "type": "Polygon", "coordinates": [ [ [ -98.214, 17.6023 ], [ -98.2075, 17.5778 ], [ -98.2002, 17.5756 ], [ -98.1923, 17.5845 ], [ -98.1878, 17.5847 ], [ -98.1995, 17.5443 ], [ -98.2043, 17.5424 ], [ -98.2209, 17.5522 ], [ -98.2316, 17.5659 ], [ -98.2371, 17.5633 ], [ -98.2428, 17.5685 ], [ -98.2344, 17.5789 ], [ -98.2391, 17.5779 ], [ -98.24, 17.5887 ], [ -98.2238, 17.5908 ], [ -98.214, 17.6023 ] ] ] } },
{ "type": "Feature", "properties": { "cvegeo": "20377", "municipio_inegi": "Santa Cruz Itundujia", "clave": "santa cruz itundujia", "region": "Mixteca", "sin_dato_siap": false }, "geometry": { "type": "Polygon", "coordinates": [ [ [ -97.6541, 16.9211 ], [ -97.6423, 16.9182 ], [ -97.6426, 16.9086 ], [ -97.6364, 16.9004 ], [ -97.6305, 16.8745 ], [ -97.6158, 16.8437 ], [ -97.6038, 16.7987 ], [ -97.5757, 16.7686 ], [ -97.5745, 16.7396 ], [ -97.5529, 16.7264 ], [ -97.5568, 16.7209 ], [ -97.5554, 16.7016 ], [ -97.5611, 16.6967 ], [ -97.5596, 16.6908 ], [ -97.5644, 16.6864 ], [ -97.5539, 16.6748 ], [ -97.5602, 16.673 ], [ -97.5632, 16.664 ], [ -97.5908, 16.6562 ], [ -97.5992, 16.6504 ], [ -97.6022, 16.6423 ], [ -97.6115, 16.6366 ], [ -97.6075, 16.6307 ], [ -97.6158, 16.6246 ], [ -97.6157, 16.6162 ], [ -97.6259, 16.6081 ], [ -97.6333, 16.6064 ], [ -97.6491, 16.6145 ], [ -97.6712, 16.6197 ], [ -97.6826, 16.6177 ], [ -97.703, 16.6222 ], [ -97.7166, 16.6205 ], [ -97.7227, 16.6141 ], [ -97.7447, 16.6237 ], [ -97.7923, 16.6226 ], [ -97.7929, 16.6175 ], [ -97.779, 16.5931 ], [ -97.8175, 16.6128 ], [ -97.8213, 16.6296 ], [ -97.7974, 16.6572 ], [ -97.8175, 16.6783 ], [ -97.8061, 16.7031 ], [ -97.7691, 16.7617 ], [ -97.7518, 16.7793 ], [ -97.7525, 16.7848 ], [ -97.7372, 16.8117 ], [ -97.7104, 16.8418 ], [ -97.6935, 16.8515 ], [ -97.6857, 16.8679 ], [ -97.6693, 16.8808 ], [ -97.6711, 16.8916 ], [ -97.6637, 16.8996 ], [ -97.6541, 16.9211 ] ] ] } },
{ "type": "Feature", "properties": { "cvegeo": "20378", "municipio_inegi": "Santa Cruz Mixtepec", "clave": "santa cruz mixtepec", "region": "Valles Centrales", "sin_dato_siap": false }, "geometry": { "type": "Polygon", "coordinates": [ [ [ -96.9302, 16.8173 ], [ -96.9176, 16.8071 ], [ -96.895, 16.8037 ], [ -96.8847, 16.8067 ], [ -96.8776, 16.801 ], [ -96.8479, 16.7972 ], [ -96.8474, 16.7903 ], [ -96.8374, 16.78 ], [ -96.842, 16.7749 ], [ -96.8403, 16.7721 ], [ -96.8684, 16.773 ], [ -96.8675, 16.7683 ], [ -96.8652, 16.771 ], [ -96.8641, 16.7661 ], [ -96.854, 16.7658 ], [ -96.8537, 16.7697 ], [ -96.8509, 16.7693 ], [ -96.8474, 16.7614 ], [ -96.8426, 16.7609 ], [ -96.8361, 16.7693 ], [ -96.8246, 16.7621 ], [ -96.8269, 16.7591 ], [ -96.8186, 16.7513 ], [ -96.8141, 16.7549 ], [ -96.8106, 16.7494 ], [ -96.8185, 16.7462 ], [ -96.8226, 16.7483 ], [ -96.8279, 16.7433 ], [ -96.8517, 16.7585 ], [ -96.8519, 16.7531 ], [ -96.8699, 16.7692 ], [ -96.8763, 16.7886 ], [ -96.9196, 16.7904 ], [ -96.9584, 16.7794 ], [ -96.9681, 16.7815 ], [ -96.9821, 16.7935 ], [ -96.9742, 16.816 ], [ -96.9302, 16.8173 ] ] ] } },
{ "type": "Feature", "properties": { "cvegeo": "20381", "municipio_inegi": "Santa Cruz Tacache de Mina", "clave": "santa cruz tacache de mina", "region": "Mixteca", "sin_dato_siap": false }, "geometry": { "type": "Polygon", "coordinates": [ [ [ -98.1407, 17.8444 ], [ -98.1315, 17.8097 ], [ -98.1432, 17.8061 ], [ -98.1364, 17.7965 ], [ -98.149, 17.7947 ], [ -98.1491, 17.7901 ], [ -98.1515, 17.7937 ], [ -98.1578, 17.7939 ], [ -98.1682, 17.8108 ], [ -98.1945, 17.8106 ], [ -98.1976, 17.7955 ], [ -98.201, 17.8352 ], [ -98.1992, 17.8419 ], [ -98.1981, 17.8384 ], [ -98.195, 17.8402 ], [ -98.1952, 17.8359 ], [ -98.1836, 17.8327 ], [ -98.1768, 17.8422 ], [ -98.172, 17.84 ], [ -98.1659, 17.8448 ], [ -98.1541, 17.839 ], [ -98.1503, 17.843 ], [ -98.1407, 17.8444 ] ] ] } },
{ "type": "Feature", "properties": { "cvegeo": "20382", "municipio_inegi": "Santa Cruz Tacahua", "clave": "santa cruz tacahua", "region": "Mixteca", "sin_dato_siap": false }, "geometry": { "type": "Polygon", "coordinates": [ [ [ -97.5058, 16.9508 ], [ -97.4512, 16.9309 ], [ -97.4434, 16.9339 ], [ -97.4464, 16.938 ], [ -97.437, 16.9409 ], [ -97.4388, 16.9353 ], [ -97.4337, 16.9359 ], [ -97.4338, 16.9319 ], [ -97.4287, 16.9334 ], [ -97.4172, 16.9265 ], [ -97.4147, 16.914 ], [ -97.4077, 16.9153 ], [ -97.4061, 16.9104 ], [ -97.4168, 16.8932 ], [ -97.4284, 16.8884 ], [ -97.4524, 16.8995 ], [ -97.4649, 16.895 ], [ -97.5024, 16.9048 ], [ -97.5088, 16.9114 ], [ -97.5107, 16.9182 ], [ -97.5071, 16.9324 ], [ -97.5107, 16.937 ], [ -97.5102, 16.9442 ], [ -97.5058, 16.9508 ] ] ] } },
{ "type": "Feature", "properties": { "cvegeo": "20383", "municipio_inegi": "Santa Cruz Tayata", "clave": "santa cruz tayata", "region": "Mixteca", "sin_dato_siap": false }, "geometry": { "type": "Polygon", "coordinates": [ [ [ -97.5522, 17.3977 ], [ -97.5451, 17.4042 ], [ -97.5408, 17.4038 ], [ -97.5404, 17.3914 ], [ -97.5518, 17.3868 ], [ -97.5599, 17.3878 ], [ -97.5498, 17.3596 ], [ -97.5578, 17.3576 ], [ -97.5725, 17.3408 ], [ -97.5799, 17.3381 ], [ -97.5807, 17.3588 ], [ -97.5897, 17.3683 ], [ -97.6029, 17.3748 ], [ -97.5872, 17.3841 ], [ -97.5738, 17.3858 ], [ -97.5725, 17.3928 ], [ -97.5635, 17.401 ], [ -97.5631, 17.414 ], [ -97.55, 17.4145 ], [ -97.5532, 17.4091 ], [ -97.5522, 17.3977 ] ] ] } },
{ "type": "Feature", "properties": { "cvegeo": "20420", "municipio_inegi": "Santa María Lachixío", "clave": "santa maria lachixio", "region": "Valles Centrales", "sin_dato_siap": false }, "geometry": { "type": "Polygon", "coordinates": [ [ [ -97.0219, 16.7735 ], [ -97.0272, 16.7603 ], [ -97.0221, 16.7595 ], [ -97.0167, 16.7664 ], [ -97.0078, 16.7543 ], [ -96.9987, 16.7501 ], [ -96.9808, 16.7326 ], [ -96.9791, 16.724 ], [ -97.0718, 16.7185 ], [ -97.0687, 16.7076 ], [ -97.08, 16.7009 ], [ -97.0888, 16.7045 ], [ -97.0847, 16.7079 ], [ -97.0858, 16.7115 ], [ -97.0977, 16.7232 ], [ -97.0915, 16.7349 ], [ -97.0471, 16.7702 ], [ -97.0317, 16.7694 ], [ -97.0219, 16.7735 ] ] ] } },
{ "type": "Feature", "properties": { "cvegeo": "20384", "municipio_inegi": "Santa Cruz Xitla", "clave": "santa cruz xitla", "region": "Valles Centrales", "sin_dato_siap": false }, "geometry": { "type": "Polygon", "coordinates": [ [ [ -96.6847, 16.3834 ], [ -96.6771, 16.3792 ], [ -96.6692, 16.3803 ], [ -96.6766, 16.3638 ], [ -96.6722, 16.3585 ], [ -96.6669, 16.3654 ], [ -96.6615, 16.3611 ], [ -96.6576, 16.3705 ], [ -96.6532, 16.3715 ], [ -96.6492, 16.3705 ], [ -96.6453, 16.3607 ], [ -96.6319, 16.355 ], [ -96.6445, 16.3353 ], [ -96.6383, 16.3296 ], [ -96.6584, 16.3134 ], [ -96.6897, 16.2768 ], [ -96.6983, 16.2723 ], [ -96.7189, 16.2873 ], [ -96.7023, 16.2961 ], [ -96.6897, 16.3088 ], [ -96.6869, 16.326 ], [ -96.6905, 16.3354 ], [ -96.7005, 16.3411 ], [ -96.6991, 16.3493 ], [ -96.703, 16.3528 ], [ -96.6929, 16.35 ], [ -96.709, 16.3563 ], [ -96.7144, 16.3718 ], [ -96.6986, 16.3877 ], [ -96.6963, 16.4026 ], [ -96.6902, 16.399 ], [ -96.6847, 16.3834 ] ] ] } },
{ "type": "Feature", "properties": { "cvegeo": "20385", "municipio_inegi": "Santa Cruz Xoxocotlán", "clave": "santa cruz xoxocotlan", "region": "Valles Centrales", "sin_dato_siap": false }, "geometry": { "type": "Polygon", "coordinates": [ [ [ -96.7647, 17.0542 ], [ -96.7637, 17.0451 ], [ -96.7488, 17.0448 ], [ -96.7477, 17.0485 ], [ -96.7232, 17.0464 ], [ -96.715, 17.035 ], [ -96.719, 17.0316 ], [ -96.7129, 17.0293 ], [ -96.7162, 17.0231 ], [ -96.7131, 17.0178 ], [ -96.7187, 17.0083 ], [ -96.717, 17.0015 ], [ -96.7285, 16.9659 ], [ -96.7472, 16.972 ], [ -96.7398, 16.9967 ], [ -96.7628, 16.9974 ], [ -96.7614, 17.0079 ], [ -96.756, 17.0152 ], [ -96.777, 17.0156 ], [ -96.7736, 17.0198 ], [ -96.7814, 17.019 ], [ -96.7976, 17.0277 ], [ -96.7884, 17.0334 ], [ -96.7944, 17.0339 ], [ -96.807, 17.0442 ], [ -96.7872, 17.0468 ], [ -96.783, 17.0505 ], [ -96.7698, 17.0417 ], [ -96.7729, 17.048 ], [ -96.765, 17.0496 ], [ -96.7647, 17.0542 ] ] ] } },
{ "type": "Feature", "properties": { "cvegeo": "20386", "municipio_inegi": "Santa Cruz Zenzontepec", "clave": "santa cruz zenzontepec", "region": "Valles Centrales", "sin_dato_siap": false }, "geometry": { "type": "Polygon", "coordinates": [ [ [ -97.4575, 16.6019 ], [ -97.4329, 16.5926 ], [ -97.4291, 16.597 ], [ -97.412, 16.5933 ], [ -97.4047, 16.5971 ], [ -97.3899, 16.5795 ], [ -97.3789, 16.5582 ], [ -97.3988, 16.5449 ], [ -97.405, 16.5348 ], [ -97.4, 16.5231 ], [ -97.403, 16.5124 ], [ -97.3903, 16.5014 ], [ -97.3862, 16.4917 ], [ -97.3929, 16.4788 ], [ -97.3874, 16.455 ], [ -97.3788, 16.4495 ], [ -97.3833, 16.4257 ], [ -97.3945, 16.3974 ], [ -97.4317, 16.3793 ], [ -97.4362, 16.3733 ], [ -97.4319, 16.3641 ], [ -97.4334, 16.3556 ], [ -97.4404, 16.3506 ], [ -97.445, 16.339 ], [ -97.4681, 16.3493 ], [ -97.4823, 16.362 ], [ -97.5519, 16.3595 ], [ -97.5894, 16.3844 ], [ -97.5927, 16.3824 ], [ -97.5977, 16.387 ], [ -97.6059, 16.3879 ], [ -97.6125, 16.3978 ], [ -97.6081, 16.4119 ], [ -97.6104, 16.413 ], [ -97.5934, 16.4189 ], [ -97.6043, 16.4265 ], [ -97.6121, 16.4233 ], [ -97.617, 16.4278 ], [ -97.6183, 16.4378 ], [ -97.6138, 16.4396 ], [ -97.6083, 16.436 ], [ -97.6021, 16.4459 ], [ -97.594, 16.4478 ], [ -97.5878, 16.4592 ], [ -97.5725, 16.4677 ], [ -97.5652, 16.4591 ], [ -97.5609, 16.4682 ], [ -97.5543, 16.4721 ], [ -97.5535, 16.4779 ], [ -97.5406, 16.4803 ], [ -97.5394, 16.504 ], [ -97.5655, 16.503 ], [ -97.5469, 16.516 ], [ -97.5698, 16.5562 ], [ -97.5699, 16.5687 ], [ -97.5749, 16.5733 ], [ -97.5485, 16.5832 ], [ -97.5482, 16.5796 ], [ -97.5428, 16.5786 ], [ -97.497, 16.5795 ], [ -97.4957, 16.5747 ], [ -97.489, 16.5799 ], [ -97.47, 16.5784 ], [ -97.4655, 16.5927 ], [ -97.4575, 16.6019 ] ] ] } },
{ "type": "Feature", "properties": { "cvegeo": "20387", "municipio_inegi": "Santa Gertrudis", "clave": "santa gertrudis", "region": "Valles Centrales", "sin_dato_siap": false }, "geometry": { "type": "Polygon", "coordinates": [ [ [ -96.8231, 16.8096 ], [ -96.7999, 16.8018 ], [ -96.7945, 16.795 ], [ -96.7763, 16.7993 ], [ -96.7644, 16.7957 ], [ -96.7544, 16.7975 ], [ -96.7589, 16.7745 ], [ -96.7707, 16.7654 ], [ -96.7758, 16.7654 ], [ -96.7827, 16.7531 ], [ -96.7957, 16.7434 ], [ -96.8085, 16.7761 ], [ -96.8118, 16.7784 ], [ -96.8193, 16.7746 ], [ -96.8227, 16.7818 ], [ -96.8175, 16.7836 ], [ -96.8379, 16.8014 ], [ -96.8231, 16.8096 ] ] ] } },
{ "type": "Feature", "properties": { "cvegeo": "20421", "municipio_inegi": "Santa María Mixtequilla", "clave": "santa maria mixtequilla", "region": "Istmo", "sin_dato_siap": false }, "geometry": { "type": "Polygon", "coordinates": [ [ [ -95.2634, 16.4715 ], [ -95.2428, 16.4578 ], [ -95.2071, 16.4616 ], [ -95.2137, 16.4352 ], [ -95.2018, 16.4259 ], [ -95.2173, 16.3915 ], [ -95.2263, 16.3849 ], [ -95.2416, 16.3809 ], [ -95.2449, 16.3741 ], [ -95.2396, 16.3651 ], [ -95.2527, 16.3608 ], [ -95.2567, 16.3488 ], [ -95.2692, 16.3511 ], [ -95.2812, 16.3585 ], [ -95.349, 16.4259 ], [ -95.3363, 16.4418 ], [ -95.319, 16.4957 ], [ -95.2746, 16.4848 ], [ -95.2634, 16.4715 ] ] ] } },
{ "type": "Feature", "properties": { "cvegeo": "20388", "municipio_inegi": "Santa Inés del Monte", "clave": "santa ines del monte", "region": "Valles Centrales", "sin_dato_siap": false }, "geometry": { "type": "Polygon", "coordinates": [ [ [ -96.8223, 16.9216 ], [ -96.8123, 16.9182 ], [ -96.8134, 16.9111 ], [ -96.8242, 16.9111 ], [ -96.8268, 16.8956 ], [ -96.8345, 16.8875 ], [ -96.848, 16.8795 ], [ -96.8565, 16.8859 ], [ -96.875, 16.887 ], [ -96.8837, 16.9002 ], [ -96.8818, 16.9153 ], [ -96.888, 16.9449 ], [ -96.8712, 16.9603 ], [ -96.8449, 16.9652 ], [ -96.8416, 16.9503 ], [ -96.8274, 16.9465 ], [ -96.8296, 16.9345 ], [ -96.8223, 16.9216 ] ] ] } },
{ "type": "Feature", "properties": { "cvegeo": "20389", "municipio_inegi": "Santa Inés Yatzeche", "clave": "santa ines yatzeche", "region": "Valles Centrales", "sin_dato_siap": false }, "geometry": { "type": "Polygon", "coordinates": [ [ [ -96.7599, 16.8152 ], [ -96.7513, 16.8115 ], [ -96.7544, 16.7975 ], [ -96.7656, 16.7985 ], [ -96.7659, 16.8124 ], [ -96.7609, 16.8121 ], [ -96.7599, 16.8152 ] ] ] } },
{ "type": "Feature", "properties": { "cvegeo": "20422", "municipio_inegi": "Santa María Nativitas", "clave": "santa maria nativitas", "region": "Mixteca", "sin_dato_siap": false }, "geometry": { "type": "Polygon", "coordinates": [ [ [ -97.3243, 17.6084 ], [ -97.3342, 17.6206 ], [ -97.3833, 17.6535 ], [ -97.3426, 17.6785 ], [ -97.334, 17.6804 ], [ -97.3064, 17.6691 ], [ -97.3093, 17.656 ], [ -97.2997, 17.6548 ], [ -97.2972, 17.6387 ], [ -97.2999, 17.6167 ], [ -97.3056, 17.6111 ], [ -97.3243, 17.6084 ] ] ] } },
{ "type": "Feature", "properties": { "cvegeo": "20423", "municipio_inegi": "Santa María Nduayaco", "clave": "santa maria nduayaco", "region": "Mixteca", "sin_dato_siap": false }, "geometry": { "type": "Polygon", "coordinates": [ [ [ -97.4905, 17.4565 ], [ -97.4659, 17.4269 ], [ -97.4659, 17.3995 ], [ -97.4427, 17.3495 ], [ -97.5086, 17.3779 ], [ -97.5398, 17.3777 ], [ -97.5452, 17.3888 ], [ -97.5404, 17.3914 ], [ -97.5408, 17.4038 ], [ -97.5533, 17.3988 ], [ -97.5492, 17.427 ], [ -97.5407, 17.4435 ], [ -97.5266, 17.4527 ], [ -97.5214, 17.4496 ], [ -97.4905, 17.4565 ] ] ] } },
{ "type": "Feature", "properties": { "cvegeo": "20424", "municipio_inegi": "Santa María Ozolotepec", "clave": "santa maria ozolotepec", "region": "Valles Centrales", "sin_dato_siap": false }, "geometry": { "type": "Polygon", "coordinates": [ [ [ -96.3682, 16.1704 ], [ -96.3461, 16.1653 ], [ -96.3376, 16.1553 ], [ -96.324, 16.1484 ], [ -96.3184, 16.1506 ], [ -96.3226, 16.141 ], [ -96.3133, 16.1396 ], [ -96.3056, 16.1355 ], [ -96.304, 16.1301 ], [ -96.2954, 16.1278 ], [ -96.2941, 16.1246 ], [ -96.3115, 16.0921 ], [ -96.3097, 16.0885 ], [ -96.2959, 16.0851 ], [ -96.3005, 16.0796 ], [ -96.2865, 16.0608 ], [ -96.2865, 16.0437 ], [ -96.2819, 16.0439 ], [ -96.2772, 16.039 ], [ -96.3201, 16.0303 ], [ -96.3277, 16.0255 ], [ -96.3506, 16.0264 ], [ -96.3674, 16.0433 ], [ -96.3684, 16.0535 ], [ -96.3585, 16.0609 ], [ -96.3771, 16.0681 ], [ -96.3827, 16.0871 ], [ -96.4002, 16.0978 ], [ -96.4255, 16.0983 ], [ -96.4291, 16.1013 ], [ -96.4333, 16.1126 ], [ -96.4208, 16.1124 ], [ -96.4145, 16.1166 ], [ -96.4151, 16.1268 ], [ -96.4044, 16.139 ], [ -96.4067, 16.1436 ], [ -96.4029, 16.1573 ], [ -96.3682, 16.1704 ] ] ] } },
{ "type": "Feature", "properties": { "cvegeo": "20390", "municipio_inegi": "Santa Lucía del Camino", "clave": "santa lucia del camino", "region": "Valles Centrales", "sin_dato_siap": false }, "geometry": { "type": "MultiPolygon", "coordinates": [ [ [ [ -96.7064, 17.0818 ], [ -96.6939, 17.0794 ], [ -96.696, 17.069 ], [ -96.6854, 17.067 ], [ -96.6881, 17.0534 ], [ -96.6934, 17.0545 ], [ -96.6962, 17.0434 ], [ -96.7018, 17.0447 ], [ -96.7012, 17.0499 ], [ -96.7055, 17.0513 ], [ -96.7107, 17.0631 ], [ -96.7059, 17.0726 ], [ -96.7064, 17.0818 ] ] ], [ [ [ -96.6636, 17.0734 ], [ -96.6611, 17.069 ], [ -96.6639, 17.0606 ], [ -96.6855, 17.0674 ], [ -96.685, 17.0741 ], [ -96.6636, 17.0734 ] ] ] ] } },
{ "type": "Feature", "properties": { "cvegeo": "20391", "municipio_inegi": "Santa Lucía Miahuatlán", "clave": "santa lucia miahuatlan", "region": "Valles Centrales", "sin_dato_siap": false }, "geometry": { "type": "Polygon", "coordinates": [ [ [ -96.6367, 16.2463 ], [ -96.5995, 16.2127 ], [ -96.5854, 16.1922 ], [ -96.5839, 16.1575 ], [ -96.5921, 16.1431 ], [ -96.598, 16.1412 ], [ -96.6216, 16.1135 ], [ -96.6341, 16.1127 ], [ -96.6328, 16.1277 ], [ -96.6473, 16.1502 ], [ -96.6366, 16.1651 ], [ -96.6368, 16.1715 ], [ -96.652, 16.1807 ], [ -96.6462, 16.2015 ], [ -96.6548, 16.2106 ], [ -96.6579, 16.227 ], [ -96.6367, 16.2463 ] ] ] } },
{ "type": "Feature", "properties": { "cvegeo": "20430", "municipio_inegi": "Santa María Tataltepec", "clave": "santa maria tataltepec", "region": "Mixteca", "sin_dato_siap": false }, "geometry": { "type": "Polygon", "coordinates": [ [ [ -97.3847, 17.1765 ], [ -97.3937, 17.1603 ], [ -97.3686, 17.1621 ], [ -97.3651, 17.1439 ], [ -97.3667, 17.1133 ], [ -97.3725, 17.109 ], [ -97.3757, 17.0974 ], [ -97.3807, 17.0958 ], [ -97.3918, 17.1139 ], [ -97.442, 17.1256 ], [ -97.4148, 17.1589 ], [ -97.403, 17.1578 ], [ -97.4064, 17.1715 ], [ -97.4015, 17.1771 ], [ -97.3847, 17.1765 ] ] ] } },
{ "type": "Feature", "properties": { "cvegeo": "20392", "municipio_inegi": "Santa Lucía Monteverde", "clave": "santa lucia monteverde", "region": "Mixteca", "sin_dato_siap": false }, "geometry": { "type": "Polygon", "coordinates": [ [ [ -97.7057, 17.0104 ], [ -97.696, 16.9963 ], [ -97.6906, 17.0003 ], [ -97.6862, 16.9983 ], [ -97.6812, 16.988 ], [ -97.6611, 16.9747 ], [ -97.6462, 16.983 ], [ -97.6435, 16.9697 ], [ -97.6339, 16.9644 ], [ -97.6373, 16.9599 ], [ -97.6342, 16.9556 ], [ -97.6426, 16.9195 ], [ -97.6541, 16.9211 ], [ -97.6994, 16.9162 ], [ -97.7332, 16.9001 ], [ -97.785, 16.9011 ], [ -97.7888, 16.9086 ], [ -97.7928, 16.9012 ], [ -97.8452, 16.9026 ], [ -97.8481, 16.924 ], [ -97.8455, 16.9215 ], [ -97.8287, 16.9264 ], [ -97.8065, 16.955 ], [ -97.8074, 16.9607 ], [ -97.7756, 16.9717 ], [ -97.7553, 16.9734 ], [ -97.7592, 16.9601 ], [ -97.7496, 16.9589 ], [ -97.7372, 16.9679 ], [ -97.7317, 16.9668 ], [ -97.7277, 16.9721 ], [ -97.7341, 16.9714 ], [ -97.744, 16.9782 ], [ -97.726, 16.9865 ], [ -97.7183, 16.9941 ], [ -97.7225, 17.0046 ], [ -97.7105, 17.0061 ], [ -97.7057, 17.0104 ] ] ] } },
{ "type": "Feature", "properties": { "cvegeo": "20393", "municipio_inegi": "Santa Lucía Ocotlán", "clave": "santa lucia ocotlan", "region": "Valles Centrales", "sin_dato_siap": false }, "geometry": { "type": "Polygon", "coordinates": [ [ [ -96.6877, 16.7457 ], [ -96.6735, 16.7427 ], [ -96.6742, 16.7381 ], [ -96.6635, 16.7383 ], [ -96.6595, 16.734 ], [ -96.6488, 16.7358 ], [ -96.6575, 16.7206 ], [ -96.6374, 16.7113 ], [ -96.6647, 16.7082 ], [ -96.682, 16.7117 ], [ -96.6841, 16.7215 ], [ -96.6802, 16.7301 ], [ -96.6922, 16.736 ], [ -96.6877, 16.7457 ] ] ] } },
{ "type": "Feature", "properties": { "cvegeo": "20394", "municipio_inegi": "Santa María Alotepec", "clave": "santa maria alotepec", "region": "Sierra Juárez", "sin_dato_siap": false }, "geometry": { "type": "Polygon", "coordinates": [ [ [ -95.8218, 17.1281 ], [ -95.7824, 17.0801 ], [ -95.7852, 17.0753 ], [ -95.7787, 17.0729 ], [ -95.8192, 17.0667 ], [ -95.8465, 17.0486 ], [ -95.8512, 17.0318 ], [ -95.8368, 17.027 ], [ -95.8349, 17.0191 ], [ -95.8378, 17.0097 ], [ -95.8474, 17.0035 ], [ -95.8465, 16.9962 ], [ -95.8503, 16.9903 ], [ -95.8741, 16.988 ], [ -95.8787, 16.9929 ], [ -95.8713, 17.0025 ], [ -95.8747, 17.0066 ], [ -95.8699, 17.0106 ], [ -95.8728, 17.0157 ], [ -95.8914, 17.0258 ], [ -95.9007, 17.0258 ], [ -95.8852, 17.0336 ], [ -95.8816, 17.043 ], [ -95.8705, 17.0398 ], [ -95.8662, 17.0632 ], [ -95.8812, 17.1063 ], [ -95.866, 17.113 ], [ -95.8896, 17.1164 ], [ -95.8928, 17.1084 ], [ -95.8964, 17.1084 ], [ -95.9111, 17.121 ], [ -95.8944, 17.132 ], [ -95.8513, 17.1282 ], [ -95.8279, 17.1371 ], [ -95.8189, 17.1436 ], [ -95.8201, 17.1595 ], [ -95.8156, 17.1735 ], [ -95.8035, 17.1548 ], [ -95.8218, 17.1281 ] ] ] } },
{ "type": "Feature", "properties": { "cvegeo": "20395", "municipio_inegi": "Santa María Apazco", "clave": "santa maria apazco", "region": "Mixteca", "sin_dato_siap": false }, "geometry": { "type": "Polygon", "coordinates": [ [ [ -97.0383, 17.5903 ], [ -97.0415, 17.587 ], [ -97.0476, 17.5885 ], [ -97.0755, 17.582 ], [ -97.0973, 17.5737 ], [ -97.1313, 17.5791 ], [ -97.1149, 17.5933 ], [ -97.1187, 17.6406 ], [ -97.1078, 17.6579 ], [ -97.0799, 17.6858 ], [ -97.056, 17.6716 ], [ -97.0446, 17.6568 ], [ -97.0383, 17.5903 ] ] ] } },
{ "type": "Feature", "properties": { "cvegeo": "20396", "municipio_inegi": "Santa María la Asunción", "clave": "santa maria la asuncion", "region": "Cañada", "sin_dato_siap": false }, "geometry": { "type": "Polygon", "coordinates": [ [ [ -96.8192, 18.1167 ], [ -96.797, 18.1131 ], [ -96.7948, 18.1159 ], [ -96.7915, 18.113 ], [ -96.8065, 18.1078 ], [ -96.8045, 18.1001 ], [ -96.8103, 18.0909 ], [ -96.8175, 18.0937 ], [ -96.8234, 18.0879 ], [ -96.8233, 18.093 ], [ -96.8352, 18.0922 ], [ -96.8366, 18.099 ], [ -96.8291, 18.1071 ], [ -96.824, 18.1081 ], [ -96.8192, 18.1167 ] ] ] } },
{ "type": "Feature", "properties": { "cvegeo": "20397", "municipio_inegi": "Heroica Ciudad de Tlaxiaco", "clave": "heroica ciudad de tlaxiaco", "region": "Mixteca", "sin_dato_siap": false }, "geometry": { "type": "Polygon", "coordinates": [ [ [ -97.6328, 17.3475 ], [ -97.6288, 17.3308 ], [ -97.6218, 17.3316 ], [ -97.6154, 17.3236 ], [ -97.616, 17.3122 ], [ -97.6065, 17.3167 ], [ -97.5848, 17.319 ], [ -97.5913, 17.2995 ], [ -97.5985, 17.2991 ], [ -97.6087, 17.2818 ], [ -97.618, 17.275 ], [ -97.6112, 17.2682 ], [ -97.6149, 17.2576 ], [ -97.6138, 17.253 ], [ -97.6099, 17.2529 ], [ -97.6126, 17.2222 ], [ -97.5787, 17.1754 ], [ -97.577, 17.1619 ], [ -97.5882, 17.1691 ], [ -97.5982, 17.1699 ], [ -97.6058, 17.159 ], [ -97.6243, 17.1594 ], [ -97.6336, 17.1664 ], [ -97.6346, 17.1398 ], [ -97.6413, 17.1477 ], [ -97.6533, 17.1227 ], [ -97.6537, 17.13 ], [ -97.6786, 17.1268 ], [ -97.7044, 17.189 ], [ -97.7252, 17.1967 ], [ -97.7528, 17.1708 ], [ -97.759, 17.1697 ], [ -97.7618, 17.1729 ], [ -97.7719, 17.1701 ], [ -97.7934, 17.1569 ], [ -97.8017, 17.1383 ], [ -97.8017, 17.1271 ], [ -97.8074, 17.125 ], [ -97.8136, 17.1363 ], [ -97.8085, 17.1412 ], [ -97.8073, 17.158 ], [ -97.8196, 17.1747 ], [ -97.8215, 17.1874 ], [ -97.8179, 17.1927 ], [ -97.8027, 17.1999 ], [ -97.8011, 17.2124 ], [ -97.8042, 17.2259 ], [ -97.821, 17.2273 ], [ -97.7798, 17.2382 ], [ -97.7827, 17.244 ], [ -97.7729, 17.2602 ], [ -97.7694, 17.2999 ], [ -97.7508, 17.2968 ], [ -97.6933, 17.311 ], [ -97.6797, 17.3215 ], [ -97.6586, 17.3221 ], [ -97.6463, 17.334 ], [ -97.6457, 17.3433 ], [ -97.6328, 17.3475 ] ] ] } },
{ "type": "Feature", "properties": { "cvegeo": "20398", "municipio_inegi": "Ayoquezco de Aldama", "clave": "ayoquezco de aldama", "region": "Valles Centrales", "sin_dato_siap": false }, "geometry": { "type": "Polygon", "coordinates": [ [ [ -96.8651, 16.7185 ], [ -96.8535, 16.717 ], [ -96.8442, 16.7097 ], [ -96.8422, 16.6983 ], [ -96.8454, 16.694 ], [ -96.8356, 16.6854 ], [ -96.8442, 16.6736 ], [ -96.8464, 16.6479 ], [ -96.8523, 16.6452 ], [ -96.8535, 16.6319 ], [ -96.8717, 16.6317 ], [ -96.8796, 16.6233 ], [ -96.8967, 16.6172 ], [ -96.8995, 16.6095 ], [ -96.9081, 16.6186 ], [ -96.9093, 16.6252 ], [ -96.9283, 16.6412 ], [ -96.9478, 16.7248 ], [ -96.8836, 16.7272 ], [ -96.8651, 16.7185 ] ] ] } },
{ "type": "Feature", "properties": { "cvegeo": "20399", "municipio_inegi": "Santa María Atzompa", "clave": "santa maria atzompa", "region": "Valles Centrales", "sin_dato_siap": false }, "geometry": { "type": "Polygon", "coordinates": [ [ [ -96.7823, 17.1284 ], [ -96.773, 17.1124 ], [ -96.7664, 17.112 ], [ -96.7673, 17.1046 ], [ -96.7585, 17.0864 ], [ -96.7577, 17.0796 ], [ -96.7683, 17.0735 ], [ -96.7646, 17.0601 ], [ -96.7732, 17.0586 ], [ -96.7698, 17.0417 ], [ -96.783, 17.0505 ], [ -96.7897, 17.0666 ], [ -96.7986, 17.0653 ], [ -96.8011, 17.0819 ], [ -96.814, 17.0719 ], [ -96.8138, 17.0775 ], [ -96.8184, 17.0779 ], [ -96.8289, 17.0891 ], [ -96.8098, 17.0905 ], [ -96.8166, 17.0982 ], [ -96.8032, 17.1064 ], [ -96.7872, 17.105 ], [ -96.7866, 17.1077 ], [ -96.7973, 17.1123 ], [ -96.8002, 17.1171 ], [ -96.7919, 17.1193 ], [ -96.7921, 17.126 ], [ -96.7823, 17.1284 ] ] ] } },
{ "type": "Feature", "properties": { "cvegeo": "20400", "municipio_inegi": "Santa María Camotlán", "clave": "santa maria camotlan", "region": "Mixteca", "sin_dato_siap": false }, "geometry": { "type": "Polygon", "coordinates": [ [ [ -97.7131, 17.9104 ], [ -97.6908, 17.9056 ], [ -97.6594, 17.9075 ], [ -97.6169, 17.902 ], [ -97.5844, 17.8834 ], [ -97.5811, 17.8703 ], [ -97.6188, 17.8236 ], [ -97.683, 17.8318 ], [ -97.6947, 17.8414 ], [ -97.6909, 17.8503 ], [ -97.695, 17.8651 ], [ -97.7058, 17.8785 ], [ -97.7038, 17.8825 ], [ -97.7141, 17.885 ], [ -97.7212, 17.8947 ], [ -97.7188, 17.9048 ], [ -97.7131, 17.9104 ] ] ] } },
{ "type": "Feature", "properties": { "cvegeo": "20401", "municipio_inegi": "Santa María Colotepec", "clave": "santa maria colotepec", "region": "Costa", "sin_dato_siap": false }, "geometry": { "type": "Polygon", "coordinates": [ [ [ -96.8949, 15.9687 ], [ -96.8539, 15.9662 ], [ -96.8288, 15.9609 ], [ -96.8393, 15.9589 ], [ -96.8459, 15.9496 ], [ -96.8384, 15.9209 ], [ -96.8118, 15.894 ], [ -96.8271, 15.8371 ], [ -96.8258, 15.8236 ], [ -96.8375, 15.8162 ], [ -96.8374, 15.8051 ], [ -96.8322, 15.8016 ], [ -96.8464, 15.7806 ], [ -96.8463, 15.7572 ], [ -96.8422, 15.7436 ], [ -96.8522, 15.7376 ], [ -96.9339, 15.7826 ], [ -97.0239, 15.8097 ], [ -97.0486, 15.8282 ], [ -97.0463, 15.8358 ], [ -97.0619, 15.8603 ], [ -97.051, 15.8836 ], [ -97.0152, 15.9049 ], [ -97.0105, 15.9233 ], [ -96.9956, 15.9186 ], [ -96.9776, 15.9303 ], [ -96.8949, 15.9687 ] ] ] } },
{ "type": "Feature", "properties": { "cvegeo": "20402", "municipio_inegi": "Santa María Cortijo", "clave": "santa maria cortijo", "region": "Costa", "sin_dato_siap": false }, "geometry": { "type": "Polygon", "coordinates": [ [ [ -98.2992, 16.4668 ], [ -98.2839, 16.468 ], [ -98.2793, 16.4618 ], [ -98.2834, 16.4588 ], [ -98.2786, 16.4553 ], [ -98.2565, 16.4545 ], [ -98.2547, 16.4598 ], [ -98.2569, 16.4111 ], [ -98.2661, 16.4023 ], [ -98.3245, 16.3911 ], [ -98.328, 16.3876 ], [ -98.3381, 16.3875 ], [ -98.35, 16.3961 ], [ -98.3646, 16.3905 ], [ -98.3616, 16.4055 ], [ -98.3681, 16.4092 ], [ -98.3604, 16.4233 ], [ -98.3659, 16.4237 ], [ -98.3495, 16.4456 ], [ -98.3587, 16.4662 ], [ -98.3575, 16.4777 ], [ -98.3508, 16.4758 ], [ -98.3453, 16.4807 ], [ -98.336, 16.4811 ], [ -98.3319, 16.4724 ], [ -98.3383, 16.4778 ], [ -98.3409, 16.4734 ], [ -98.3353, 16.4706 ], [ -98.3375, 16.4674 ], [ -98.3326, 16.4685 ], [ -98.3323, 16.4636 ], [ -98.3271, 16.4629 ], [ -98.328, 16.4564 ], [ -98.3221, 16.4544 ], [ -98.3178, 16.4573 ], [ -98.3188, 16.4448 ], [ -98.3121, 16.4449 ], [ -98.3079, 16.4564 ], [ -98.2992, 16.4668 ] ] ] } },
{ "type": "Feature", "properties": { "cvegeo": "20432", "municipio_inegi": "Santa María Temaxcalapa", "clave": "santa maria temaxcalapa", "region": "Sierra Juárez", "sin_dato_siap": false }, "geometry": { "type": "Polygon", "coordinates": [ [ [ -96.1472, 17.3987 ], [ -96.1414, 17.3943 ], [ -96.1451, 17.3854 ], [ -96.1416, 17.3734 ], [ -96.1358, 17.3712 ], [ -96.1428, 17.3645 ], [ -96.1425, 17.3592 ], [ -96.1522, 17.353 ], [ -96.1503, 17.3584 ], [ -96.1565, 17.3606 ], [ -96.1565, 17.3661 ], [ -96.1703, 17.3726 ], [ -96.176, 17.3687 ], [ -96.1909, 17.3855 ], [ -96.18, 17.3833 ], [ -96.1606, 17.3914 ], [ -96.16, 17.4 ], [ -96.1472, 17.3987 ] ] ] } },
{ "type": "Feature", "properties": { "cvegeo": "20403", "municipio_inegi": "Santa María Coyotepec", "clave": "santa maria coyotepec", "region": "Valles Centrales", "sin_dato_siap": false }, "geometry": { "type": "Polygon", "coordinates": [ [ [ -96.7067, 16.983 ], [ -96.6818, 16.9635 ], [ -96.7079, 16.9619 ], [ -96.7278, 16.966 ], [ -96.7285, 16.9603 ], [ -96.7346, 16.9616 ], [ -96.7277, 16.9674 ], [ -96.7252, 16.9801 ], [ -96.7173, 16.9759 ], [ -96.7067, 16.983 ] ] ] } },
{ "type": "Feature", "properties": { "cvegeo": "20404", "municipio_inegi": "Santa María Chachoápam", "clave": "santa maria chachoapam", "region": "Mixteca", "sin_dato_siap": false }, "geometry": { "type": "Polygon", "coordinates": [ [ [ -97.2754, 17.6145 ], [ -97.2802, 17.6097 ], [ -97.2773, 17.5983 ], [ -97.286, 17.5803 ], [ -97.2754, 17.5732 ], [ -97.2447, 17.6022 ], [ -97.2097, 17.5969 ], [ -97.1984, 17.5916 ], [ -97.1976, 17.5849 ], [ -97.1998, 17.5788 ], [ -97.2325, 17.5446 ], [ -97.2557, 17.5291 ], [ -97.2464, 17.5425 ], [ -97.2522, 17.5523 ], [ -97.259, 17.5474 ], [ -97.2561, 17.5614 ], [ -97.2703, 17.5635 ], [ -97.2809, 17.5574 ], [ -97.2831, 17.5505 ], [ -97.2739, 17.5357 ], [ -97.2736, 17.5286 ], [ -97.27, 17.5308 ], [ -97.267, 17.5264 ], [ -97.2757, 17.5177 ], [ -97.2889, 17.5175 ], [ -97.3076, 17.5111 ], [ -97.3141, 17.5229 ], [ -97.3142, 17.5356 ], [ -97.3077, 17.5494 ], [ -97.2999, 17.5566 ], [ -97.3028, 17.5671 ], [ -97.2917, 17.5657 ], [ -97.2942, 17.577 ], [ -97.282, 17.5925 ], [ -97.2906, 17.6125 ], [ -97.2838, 17.6147 ], [ -97.2917, 17.6253 ], [ -97.2895, 17.6375 ], [ -97.2805, 17.6311 ], [ -97.2754, 17.6145 ] ] ] } },
{ "type": "Feature", "properties": { "cvegeo": "20435", "municipio_inegi": "Santa María Tepantlali", "clave": "santa maria tepantlali", "region": "Sierra Juárez", "sin_dato_siap": false }, "geometry": { "type": "Polygon", "coordinates": [ [ [ -95.9955, 17.0066 ], [ -95.9823, 16.9981 ], [ -95.9817, 17.0056 ], [ -95.9777, 17.0069 ], [ -95.9721, 17.004 ], [ -95.9734, 16.9992 ], [ -95.9588, 16.992 ], [ -95.9452, 16.995 ], [ -95.953, 16.9344 ], [ -95.9703, 16.9068 ], [ -95.9644, 16.8768 ], [ -95.9716, 16.8793 ], [ -95.9875, 16.8979 ], [ -96.0016, 16.9032 ], [ -96.013, 16.9138 ], [ -96.0199, 16.9141 ], [ -96.0263, 16.9204 ], [ -96.0403, 16.9248 ], [ -96.0391, 16.9347 ], [ -96.0336, 16.9397 ], [ -96.0366, 16.949 ], [ -96.0256, 16.9416 ], [ -96.0232, 16.9655 ], [ -96.0151, 16.9631 ], [ -96.0106, 16.9666 ], [ -96.0222, 16.9928 ], [ -96.0131, 17.0058 ], [ -95.9955, 17.0066 ] ] ] } },
{ "type": "Feature", "properties": { "cvegeo": "20436", "municipio_inegi": "Santa María Texcatitlán", "clave": "santa maria texcatitlan", "region": "Cañada", "sin_dato_siap": false }, "geometry": { "type": "Polygon", "coordinates": [ [ [ -97.0416, 17.7129 ], [ -97.0486, 17.705 ], [ -97.0699, 17.6986 ], [ -97.0874, 17.6783 ], [ -97.1011, 17.6948 ], [ -97.0791, 17.7147 ], [ -97.0742, 17.7224 ], [ -97.075, 17.7275 ], [ -97.0655, 17.737 ], [ -97.0424, 17.7442 ], [ -97.0334, 17.754 ], [ -97.0095, 17.7596 ], [ -97.0084, 17.7405 ], [ -97.0138, 17.7211 ], [ -97.0416, 17.7129 ] ] ] } },
{ "type": "Feature", "properties": { "cvegeo": "20437", "municipio_inegi": "Santa María Tlahuitoltepec", "clave": "santa maria tlahuitoltepec", "region": "Sierra Juárez", "sin_dato_siap": false }, "geometry": { "type": "Polygon", "coordinates": [ [ [ -95.9642, 17.1467 ], [ -95.963, 17.134 ], [ -95.9788, 17.1291 ], [ -95.9701, 17.1243 ], [ -95.9641, 17.1086 ], [ -95.9678, 17.1044 ], [ -95.9778, 17.1098 ], [ -95.9937, 17.1054 ], [ -96.0041, 17.0965 ], [ -96.0034, 17.0778 ], [ -96.0088, 17.0666 ], [ -96.028, 17.068 ], [ -96.0347, 17.0636 ], [ -96.0467, 17.0704 ], [ -96.0602, 17.0687 ], [ -96.0752, 17.0734 ], [ -96.0833, 17.0671 ], [ -96.0872, 17.0738 ], [ -96.0916, 17.0673 ], [ -96.0966, 17.0702 ], [ -96.0959, 17.0764 ], [ -96.1052, 17.078 ], [ -96.1149, 17.0757 ], [ -96.1132, 17.0648 ], [ -96.1204, 17.0644 ], [ -96.1292, 17.0731 ], [ -96.1311, 17.0829 ], [ -96.1554, 17.0832 ], [ -96.1693, 17.1002 ], [ -96.1643, 17.1096 ], [ -96.1588, 17.1119 ], [ -96.1601, 17.1224 ], [ -96.156, 17.1255 ], [ -96.0919, 17.1193 ], [ -96.0832, 17.1286 ], [ -96.0711, 17.1316 ], [ -96.0767, 17.1396 ], [ -96.0753, 17.1532 ], [ -96.0622, 17.165 ], [ -96.0566, 17.1611 ], [ -96.0387, 17.1653 ], [ -96.0108, 17.1438 ], [ -95.9979, 17.174 ], [ -95.9806, 17.1887 ], [ -95.9792, 17.178 ], [ -95.9642, 17.1467 ] ] ] } },
{ "type": "Feature", "properties": { "cvegeo": "20405", "municipio_inegi": "Villa de Chilapa de Díaz", "clave": "villa de chilapa de diaz", "region": "Mixteca", "sin_dato_siap": false }, "geometry": { "type": "Polygon", "coordinates": [ [ [ -97.5856, 17.6326 ], [ -97.5716, 17.6168 ], [ -97.5642, 17.6168 ], [ -97.5626, 17.5945 ], [ -97.5522, 17.582 ], [ -97.5515, 17.5604 ], [ -97.5577, 17.5562 ], [ -97.58, 17.5549 ], [ -97.5871, 17.5221 ], [ -97.5909, 17.5215 ], [ -97.5929, 17.5278 ], [ -97.6006, 17.531 ], [ -97.5992, 17.5372 ], [ -97.6053, 17.5424 ], [ -97.6019, 17.5506 ], [ -97.6043, 17.5532 ], [ -97.6154, 17.553 ], [ -97.6085, 17.54 ], [ -97.6181, 17.5362 ], [ -97.6253, 17.5398 ], [ -97.6295, 17.5333 ], [ -97.633, 17.5404 ], [ -97.6391, 17.5412 ], [ -97.6504, 17.5349 ], [ -97.6542, 17.5496 ], [ -97.6618, 17.5574 ], [ -97.6647, 17.5681 ], [ -97.6821, 17.5627 ], [ -97.6971, 17.5497 ], [ -97.7025, 17.5519 ], [ -97.7313, 17.5731 ], [ -97.7382, 17.5954 ], [ -97.7444, 17.6029 ], [ -97.7412, 17.6138 ], [ -97.7435, 17.6214 ], [ -97.716, 17.6066 ], [ -97.6755, 17.6137 ], [ -97.6719, 17.6169 ], [ -97.6718, 17.6334 ], [ -97.6604, 17.6485 ], [ -97.6758, 17.6559 ], [ -97.6632, 17.6642 ], [ -97.642, 17.6688 ], [ -97.5856, 17.6326 ] ] ] } },
{ "type": "Feature", "properties": { "cvegeo": "20406", "municipio_inegi": "Santa María Chilchotla", "clave": "santa maria chilchotla", "region": "Cañada", "sin_dato_siap": false }, "geometry": { "type": "Polygon", "coordinates": [ [ [ -96.7293, 18.3973 ], [ -96.7414, 18.3833 ], [ -96.7323, 18.3737 ], [ -96.7173, 18.3804 ], [ -96.6977, 18.3821 ], [ -96.6963, 18.3649 ], [ -96.7032, 18.3605 ], [ -96.7016, 18.3526 ], [ -96.6803, 18.3474 ], [ -96.6732, 18.3569 ], [ -96.6694, 18.35 ], [ -96.66, 18.3488 ], [ -96.6661, 18.3414 ], [ -96.6589, 18.3408 ], [ -96.6609, 18.3397 ], [ -96.6558, 18.3349 ], [ -96.6542, 18.3384 ], [ -96.6578, 18.3383 ], [ -96.6541, 18.34 ], [ -96.6581, 18.3423 ], [ -96.6519, 18.3411 ], [ -96.6552, 18.3434 ], [ -96.6436, 18.3395 ], [ -96.6523, 18.338 ], [ -96.6513, 18.3347 ], [ -96.6508, 18.3359 ], [ -96.6461, 18.3365 ], [ -96.6495, 18.3302 ], [ -96.654, 18.3325 ], [ -96.654, 18.3274 ], [ -96.6451, 18.3305 ], [ -96.6466, 18.3344 ], [ -96.6439, 18.3375 ], [ -96.6431, 18.3374 ], [ -96.6449, 18.3363 ], [ -96.6452, 18.3339 ], [ -96.6441, 18.3353 ], [ -96.6354, 18.3328 ], [ -96.6375, 18.3293 ], [ -96.639, 18.3335 ], [ -96.6422, 18.3331 ], [ -96.6384, 18.3295 ], [ -96.6462, 18.3257 ], [ -96.6451, 18.3226 ], [ -96.6422, 18.3249 ], [ -96.6416, 18.3194 ], [ -96.6346, 18.3249 ], [ -96.6361, 18.3285 ], [ -96.6258, 18.3288 ], [ -96.6274, 18.3123 ], [ -96.6131, 18.3132 ], [ -96.6024, 18.3045 ], [ -96.5949, 18.3036 ], [ -96.5967, 18.2972 ], [ -96.6044, 18.2916 ], [ -96.6002, 18.2849 ], [ -96.6121, 18.2738 ], [ -96.6236, 18.277 ], [ -96.6271, 18.2984 ], [ -96.631, 18.3001 ], [ -96.6541, 18.2832 ], [ -96.6617, 18.282 ], [ -96.6685, 18.2884 ], [ -96.6868, 18.286 ], [ -96.6898, 18.2772 ], [ -96.6826, 18.2614 ], [ -96.6914, 18.2615 ], [ -96.6991, 18.2661 ], [ -96.7013, 18.2539 ], [ -96.7129, 18.2508 ], [ -96.753, 18.2262 ], [ -96.7537, 18.2345 ], [ -96.765, 18.2328 ], [ -96.7896, 18.2072 ], [ -96.7968, 18.2051 ], [ -96.7959, 18.2011 ], [ -96.8133, 18.1989 ], [ -96.813, 18.1929 ], [ -96.8189, 18.1865 ], [ -96.8223, 18.1879 ], [ -96.8192, 18.1936 ], [ -96.8247, 18.1952 ], [ -96.8335, 18.1931 ], [ -96.8347, 18.1861 ], [ -96.8468, 18.1874 ], [ -96.8459, 18.1795 ], [ -96.8501, 18.1844 ], [ -96.8496, 18.1922 ], [ -96.843, 18.1949 ], [ -96.8411, 18.2007 ], [ -96.8471, 18.209 ], [ -96.8435, 18.2133 ], [ -96.848, 18.2204 ], [ -96.8469, 18.2343 ], [ -96.8515, 18.2311 ], [ -96.8543, 18.2332 ], [ -96.8553, 18.2413 ], [ -96.8462, 18.2469 ], [ -96.8417, 18.2565 ], [ -96.8427, 18.265 ], [ -96.8387, 18.2677 ], [ -96.8432, 18.2711 ], [ -96.8373, 18.2719 ], [ -96.8257, 18.2964 ], [ -96.8176, 18.3008 ], [ -96.8223, 18.3102 ], [ -96.8218, 18.3207 ], [ -96.8095, 18.3293 ], [ -96.8003, 18.3293 ], [ -96.7948, 18.332 ], [ -96.7954, 18.3349 ], [ -96.7842, 18.3383 ], [ -96.7827, 18.3473 ], [ -96.786, 18.3535 ], [ -96.7804, 18.3635 ], [ -96.7635, 18.375 ], [ -96.7628, 18.3832 ], [ -96.7498, 18.3816 ], [ -96.7546, 18.3922 ], [ -96.7293, 18.3973 ] ] ] } },
{ "type": "Feature", "properties": { "cvegeo": "20407", "municipio_inegi": "Santa María Chimalapa", "clave": "santa maria chimalapa", "region": "Istmo", "sin_dato_siap": false }, "geometry": { "type": "Polygon", "coordinates": [ [ [ -94.8236, 17.1888 ], [ -93.8674, 17.137 ], [ -94.0456, 16.695 ], [ -94.0443, 16.7122 ], [ -94.6048, 16.7172 ], [ -94.6668, 16.7253 ], [ -94.758, 16.7522 ], [ -94.8112, 16.7728 ], [ -94.8074, 16.7851 ], [ -94.8161, 16.7933 ], [ -94.8177, 16.8042 ], [ -94.828, 16.8056 ], [ -94.8346, 16.8145 ], [ -94.8434, 16.8102 ], [ -94.8436, 16.8024 ], [ -94.8498, 16.7943 ], [ -94.8543, 16.8081 ], [ -94.8628, 16.8138 ], [ -94.8667, 16.8123 ], [ -94.8684, 16.8173 ], [ -94.8714, 16.8155 ], [ -94.8954, 16.8476 ], [ -94.9026, 16.8501 ], [ -94.9017, 16.8595 ], [ -94.8957, 16.8651 ], [ -94.9013, 16.8732 ], [ -94.8956, 16.8819 ], [ -94.889, 16.8801 ], [ -94.892, 16.8839 ], [ -94.8879, 16.8905 ], [ -94.8916, 16.8958 ], [ -94.8841, 16.9008 ], [ -94.8812, 16.9094 ], [ -94.8677, 16.9096 ], [ -94.8537, 16.8932 ], [ -94.8347, 16.8953 ], [ -94.8285, 16.9012 ], [ -94.8201, 16.8999 ], [ -94.8061, 16.9071 ], [ -94.7959, 16.9035 ], [ -94.7886, 16.9145 ], [ -94.7836, 16.9108 ], [ -94.7746, 16.9128 ], [ -94.7708, 16.9283 ], [ -94.781, 16.9335 ], [ -94.7786, 16.9384 ], [ -94.771, 16.9414 ], [ -94.7758, 16.9494 ], [ -94.7882, 16.9537 ], [ -94.7957, 16.9504 ], [ -94.8087, 16.9622 ], [ -94.8222, 16.9624 ], [ -94.8151, 16.9746 ], [ -94.834, 16.9787 ], [ -94.8341, 16.9838 ], [ -94.844, 16.9874 ], [ -94.8482, 16.999 ], [ -94.8397, 17.0122 ], [ -94.8413, 17.0163 ], [ -94.8635, 17.0068 ], [ -94.8718, 17.0098 ], [ -94.8814, 17.0078 ], [ -94.8842, 17.0131 ], [ -94.8791, 17.0205 ], [ -94.8834, 17.0305 ], [ -94.9103, 17.0399 ], [ -94.9167, 17.0459 ], [ -94.8931, 17.0438 ], [ -94.8888, 17.0497 ], [ -94.8994, 17.0592 ], [ -94.8932, 17.0617 ], [ -94.8836, 17.0587 ], [ -94.8805, 17.0619 ], [ -94.8829, 17.0683 ], [ -94.8773, 17.0624 ], [ -94.8758, 17.0525 ], [ -94.8795, 17.0505 ], [ -94.866, 17.0506 ], [ -94.8645, 17.0569 ], [ -94.8513, 17.053 ], [ -94.8477, 17.0486 ], [ -94.8389, 17.0534 ], [ -94.836, 17.0388 ], [ -94.8211, 17.029 ], [ -94.8119, 17.0295 ], [ -94.8114, 17.0402 ], [ -94.8067, 17.039 ], [ -94.8034, 17.0447 ], [ -94.7821, 17.0325 ], [ -94.777, 17.0447 ], [ -94.7443, 17.0436 ], [ -94.7144, 17.0755 ], [ -94.7104, 17.0738 ], [ -94.7063, 17.0877 ], [ -94.7019, 17.0895 ], [ -94.7081, 17.0993 ], [ -94.7172, 17.0934 ], [ -94.7203, 17.0953 ], [ -94.7254, 17.1076 ], [ -94.7475, 17.1037 ], [ -94.7421, 17.0912 ], [ -94.7494, 17.0943 ], [ -94.7506, 17.0902 ], [ -94.763, 17.0976 ], [ -94.7599, 17.1092 ], [ -94.7526, 17.1114 ], [ -94.7549, 17.1146 ], [ -94.7902, 17.1147 ], [ -94.7953, 17.1222 ], [ -94.7877, 17.1291 ], [ -94.7896, 17.132 ], [ -94.7948, 17.1339 ], [ -94.8, 17.1262 ], [ -94.7963, 17.124 ], [ -94.8019, 17.1257 ], [ -94.8137, 17.1476 ], [ -94.8096, 17.1505 ], [ -94.8176, 17.1546 ], [ -94.8129, 17.1566 ], [ -94.8259, 17.1797 ], [ -94.8236, 17.1888 ] ] ] } },
{ "type": "Feature", "properties": { "cvegeo": "20409", "municipio_inegi": "Santa María del Tule", "clave": "santa maria del tule", "region": "Valles Centrales", "sin_dato_siap": false }, "geometry": { "type": "Polygon", "coordinates": [ [ [ -96.6227, 17.0517 ], [ -96.6245, 17.0458 ], [ -96.6093, 17.0397 ], [ -96.6123, 17.027 ], [ -96.6071, 17.0258 ], [ -96.6083, 17.0209 ], [ -96.6153, 17.0246 ], [ -96.622, 17.017 ], [ -96.6447, 17.0073 ], [ -96.6633, 17.0096 ], [ -96.6429, 17.0414 ], [ -96.6393, 17.0542 ], [ -96.6227, 17.0517 ] ] ] } },
{ "type": "Feature", "properties": { "cvegeo": "20410", "municipio_inegi": "Santa María Ecatepec", "clave": "santa maria ecatepec", "region": "Istmo", "sin_dato_siap": false }, "geometry": { "type": "Polygon", "coordinates": [ [ [ -95.738, 16.3854 ], [ -95.7672, 16.3428 ], [ -95.7629, 16.3421 ], [ -95.8282, 16.3145 ], [ -95.7954, 16.2796 ], [ -95.8046, 16.2725 ], [ -95.8121, 16.2509 ], [ -95.8083, 16.2123 ], [ -95.7971, 16.2094 ], [ -95.793, 16.2159 ], [ -95.7921, 16.2109 ], [ -95.7878, 16.2117 ], [ -95.7871, 16.2088 ], [ -95.7941, 16.1955 ], [ -95.7916, 16.1873 ], [ -95.8018, 16.1823 ], [ -95.8058, 16.1756 ], [ -95.8052, 16.1494 ], [ -95.7643, 16.082 ], [ -95.7827, 16.0513 ], [ -95.787, 16.0375 ], [ -95.8117, 16.0113 ], [ -95.8269, 16.0052 ], [ -95.8659, 16.0764 ], [ -95.8759, 16.1163 ], [ -95.8737, 16.1273 ], [ -95.9024, 16.1207 ], [ -95.8977, 16.1007 ], [ -95.8974, 16.0911 ], [ -95.9011, 16.0873 ], [ -95.9156, 16.095 ], [ -95.9259, 16.0903 ], [ -95.9294, 16.1052 ], [ -95.9413, 16.0949 ], [ -95.9461, 16.0972 ], [ -95.9423, 16.1114 ], [ -95.9508, 16.1166 ], [ -95.9466, 16.1261 ], [ -95.9574, 16.1273 ], [ -95.9638, 16.1339 ], [ -95.9518, 16.1331 ], [ -95.9593, 16.1403 ], [ -95.9586, 16.1534 ], [ -95.9555, 16.1526 ], [ -95.9441, 16.1458 ], [ -95.9253, 16.1412 ], [ -95.935, 16.1223 ], [ -95.9225, 16.1207 ], [ -95.9109, 16.1251 ], [ -95.9013, 16.1415 ], [ -95.8885, 16.1469 ], [ -95.8892, 16.1515 ], [ -95.884, 16.1488 ], [ -95.8772, 16.1539 ], [ -95.8749, 16.1507 ], [ -95.867, 16.1549 ], [ -95.8621, 16.1502 ], [ -95.8584, 16.1512 ], [ -95.8557, 16.161 ], [ -95.8521, 16.1592 ], [ -95.8511, 16.1629 ], [ -95.8413, 16.1646 ], [ -95.8368, 16.177 ], [ -95.8101, 16.1835 ], [ -95.8498, 16.2041 ], [ -95.8427, 16.2079 ], [ -95.8473, 16.2069 ], [ -95.8476, 16.2152 ], [ -95.8526, 16.2094 ], [ -95.8605, 16.2158 ], [ -95.8633, 16.2125 ], [ -95.8688, 16.2182 ], [ -95.8769, 16.2145 ], [ -95.8781, 16.2196 ], [ -95.8823, 16.2181 ], [ -95.8868, 16.2276 ], [ -95.8928, 16.2281 ], [ -95.8962, 16.2335 ], [ -95.905, 16.2343 ], [ -95.905, 16.2313 ], [ -95.9237, 16.2364 ], [ -95.9351, 16.2308 ], [ -95.9397, 16.2245 ], [ -95.9353, 16.2191 ], [ -95.9354, 16.2115 ], [ -95.9474, 16.2043 ], [ -95.9543, 16.2048 ], [ -95.9548, 16.1998 ], [ -95.9648, 16.1968 ], [ -95.9797, 16.2031 ], [ -95.9893, 16.1963 ], [ -95.9928, 16.1994 ], [ -95.9903, 16.2026 ], [ -95.9958, 16.2051 ], [ -96.001, 16.2024 ], [ -96.0044, 16.2073 ], [ -96.0141, 16.2097 ], [ -96.0193, 16.2138 ], [ -96.0179, 16.2193 ], [ -96.0208, 16.2169 ], [ -96.0275, 16.224 ], [ -96.0185, 16.2407 ], [ -96.0159, 16.2569 ], [ -96.0183, 16.2627 ], [ -96.0025, 16.2588 ], [ -96.006, 16.264 ], [ -96.0009, 16.2724 ], [ -95.9975, 16.272 ], [ -95.9888, 16.2943 ], [ -95.9834, 16.2934 ], [ -95.9606, 16.3131 ], [ -95.98, 16.3353 ], [ -95.9749, 16.3435 ], [ -95.9573, 16.3569 ], [ -95.9432, 16.3559 ], [ -95.9329, 16.3612 ], [ -95.9315, 16.3657 ], [ -95.9255, 16.3649 ], [ -95.9455, 16.3284 ], [ -95.9285, 16.3145 ], [ -95.9284, 16.3046 ], [ -95.9127, 16.2797 ], [ -95.8984, 16.283 ], [ -95.8499, 16.3897 ], [ -95.8451, 16.3886 ], [ -95.8449, 16.4388 ], [ -95.8086, 16.4172 ], [ -95.7568, 16.407 ], [ -95.738, 16.3854 ] ] ] } },
{ "type": "Feature", "properties": { "cvegeo": "20411", "municipio_inegi": "Santa María Guelacé", "clave": "santa maria guelace", "region": "Valles Centrales", "sin_dato_siap": false }, "geometry": { "type": "Polygon", "coordinates": [ [ [ -96.5992, 17.0054 ], [ -96.6069, 16.9944 ], [ -96.5989, 16.9868 ], [ -96.6053, 16.9707 ], [ -96.6061, 16.9818 ], [ -96.6258, 16.9801 ], [ -96.6246, 17.0029 ], [ -96.6154, 17.001 ], [ -96.6121, 17.0111 ], [ -96.5992, 17.0054 ] ] ] } },
{ "type": "Feature", "properties": { "cvegeo": "20412", "municipio_inegi": "Santa María Guienagati", "clave": "santa maria guienagati", "region": "Istmo", "sin_dato_siap": false }, "geometry": { "type": "Polygon", "coordinates": [ [ [ -95.3335, 16.9557 ], [ -95.2954, 16.916 ], [ -95.2843, 16.8942 ], [ -95.2435, 16.7758 ], [ -95.2354, 16.7254 ], [ -95.2402, 16.7185 ], [ -95.2423, 16.7315 ], [ -95.2486, 16.7303 ], [ -95.2608, 16.7012 ], [ -95.2737, 16.7001 ], [ -95.2825, 16.6949 ], [ -95.2869, 16.7018 ], [ -95.3006, 16.6979 ], [ -95.3043, 16.6808 ], [ -95.2995, 16.6754 ], [ -95.3091, 16.6745 ], [ -95.3053, 16.6696 ], [ -95.3054, 16.6568 ], [ -95.3178, 16.6583 ], [ -95.3223, 16.6493 ], [ -95.3159, 16.6508 ], [ -95.3093, 16.6414 ], [ -95.3219, 16.6386 ], [ -95.3352, 16.6291 ], [ -95.3531, 16.6437 ], [ -95.3756, 16.6327 ], [ -95.3801, 16.6016 ], [ -95.4555, 16.667 ], [ -95.4856, 16.701 ], [ -95.4771, 16.7273 ], [ -95.4818, 16.7256 ], [ -95.4788, 16.7352 ], [ -95.4839, 16.7417 ], [ -95.488, 16.7408 ], [ -95.4894, 16.7475 ], [ -95.4867, 16.7592 ], [ -95.4748, 16.7592 ], [ -95.4637, 16.7731 ], [ -95.4632, 16.7697 ], [ -95.3767, 16.7494 ], [ -95.319, 16.788 ], [ -95.3003, 16.8894 ], [ -95.3144, 16.9148 ], [ -95.324, 16.9131 ], [ -95.3286, 16.9177 ], [ -95.33, 16.9328 ], [ -95.3403, 16.9284 ], [ -95.3484, 16.9355 ], [ -95.3335, 16.9557 ] ] ] } },
{ "type": "Feature", "properties": { "cvegeo": "20413", "municipio_inegi": "Santa María Huatulco", "clave": "santa maria huatulco", "region": "Costa", "sin_dato_siap": false }, "geometry": { "type": "MultiPolygon", "coordinates": [ [ [ [ -96.2313, 15.6872 ], [ -96.2271, 15.6871 ], [ -96.2283, 15.6853 ], [ -96.2313, 15.6872 ] ] ], [ [ [ -96.2223, 15.6899 ], [ -96.2233, 15.6908 ], [ -96.2221, 15.6909 ], [ -96.2223, 15.6899 ] ] ], [ [ [ -96.1617, 15.7207 ], [ -96.1602, 15.7182 ], [ -96.1615, 15.7164 ], [ -96.164, 15.7182 ], [ -96.1617, 15.7207 ] ] ], [ [ [ -96.1189, 15.7479 ], [ -96.1186, 15.747 ], [ -96.1198, 15.7475 ], [ -96.1189, 15.7479 ] ] ], [ [ [ -96.1169, 15.7481 ], [ -96.1176, 15.748 ], [ -96.1175, 15.7482 ], [ -96.1169, 15.7481 ] ] ], [ [ [ -96.1161, 15.7489 ], [ -96.1158, 15.7486 ], [ -96.116, 15.7485 ], [ -96.1161, 15.7489 ] ] ], [ [ [ -96.1165, 15.7492 ], [ -96.1163, 15.7489 ], [ -96.1164, 15.7489 ], [ -96.1165, 15.7492 ] ] ], [ [ [ -96.0848, 15.7656 ], [ -96.0827, 15.7636 ], [ -96.0838, 15.7625 ], [ -96.0848, 15.7656 ] ] ], [ [ [ -96.0946, 15.7718 ], [ -96.0951, 15.7718 ], [ -96.0947, 15.772 ], [ -96.0946, 15.7718 ] ] ], [ [ [ -96.2514, 15.953 ], [ -96.2474, 15.9572 ], [ -96.2361, 15.945 ], [ -96.2421, 15.9404 ], [ -96.2384, 15.9352 ], [ -96.2467, 15.9155 ], [ -96.2388, 15.9106 ], [ -96.2329, 15.9003 ], [ -96.247, 15.9019 ], [ -96.2494, 15.8993 ], [ -96.2479, 15.88 ], [ -96.2417, 15.872 ], [ -96.2167, 15.8673 ], [ -96.1121, 15.8704 ], [ -96.1203, 15.8604 ], [ -96.1114, 15.8594 ], [ -96.1092, 15.8486 ], [ -96.1007, 15.8365 ], [ -96.0967, 15.8334 ], [ -96.0941, 15.8375 ], [ -96.0834, 15.8362 ], [ -96.077, 15.8403 ], [ -96.0784, 15.8274 ], [ -96.0669, 15.8251 ], [ -96.0638, 15.8128 ], [ -96.0504, 15.8047 ], [ -96.0444, 15.794 ], [ -96.0512, 15.7899 ], [ -96.0451, 15.7887 ], [ -96.0534, 15.7873 ], [ -96.063, 15.777 ], [ -96.066, 15.781 ], [ -96.0729, 15.7776 ], [ -96.0749, 15.7667 ], [ -96.0841, 15.7675 ], [ -96.0943, 15.7737 ], [ -96.0994, 15.7698 ], [ -96.0958, 15.763 ], [ -96.1002, 15.7612 ], [ -96.0993, 15.7584 ], [ -96.1072, 15.7559 ], [ -96.1121, 15.7633 ], [ -96.1214, 15.7607 ], [ -96.1255, 15.7531 ], [ -96.1236, 15.7497 ], [ -96.1282, 15.7543 ], [ -96.1315, 15.7526 ], [ -96.1292, 15.7438 ], [ -96.1242, 15.7419 ], [ -96.1279, 15.7376 ], [ -96.1321, 15.7365 ], [ -96.1331, 15.7395 ], [ -96.1415, 15.7342 ], [ -96.1456, 15.7378 ], [ -96.1521, 15.7311 ], [ -96.1442, 15.7277 ], [ -96.1536, 15.7268 ], [ -96.1527, 15.7232 ], [ -96.1586, 15.7257 ], [ -96.1661, 15.7232 ], [ -96.1729, 15.7137 ], [ -96.178, 15.7166 ], [ -96.1792, 15.7127 ], [ -96.191, 15.7102 ], [ -96.1929, 15.7054 ], [ -96.197, 15.7109 ], [ -96.2038, 15.712 ], [ -96.2052, 15.7016 ], [ -96.208, 15.6997 ], [ -96.2106, 15.7036 ], [ -96.2168, 15.7008 ], [ -96.2146, 15.6974 ], [ -96.2256, 15.6979 ], [ -96.2244, 15.6917 ], [ -96.235, 15.6918 ], [ -96.2375, 15.6825 ], [ -96.2827, 15.6868 ], [ -96.2857, 15.6839 ], [ -96.3049, 15.6861 ], [ -96.3076, 15.6832 ], [ -96.333, 15.688 ], [ -96.3286, 15.6992 ], [ -96.3294, 15.7398 ], [ -96.3369, 15.8042 ], [ -96.3474, 15.8131 ], [ -96.3492, 15.8168 ], [ -96.3457, 15.8208 ], [ -96.3598, 15.843 ], [ -96.3588, 15.8483 ], [ -96.3634, 15.8508 ], [ -96.3656, 15.8622 ], [ -96.3699, 15.8628 ], [ -96.3677, 15.8672 ], [ -96.372, 15.8687 ], [ -96.3618, 15.8753 ], [ -96.3476, 15.8618 ], [ -96.3358, 15.8654 ], [ -96.2608, 15.8641 ], [ -96.2706, 15.8918 ], [ -96.2623, 15.9135 ], [ -96.2634, 15.9194 ], [ -96.276, 15.9256 ], [ -96.277, 15.9181 ], [ -96.2965, 15.9245 ], [ -96.2938, 15.9388 ], [ -96.2802, 15.9449 ], [ -96.2699, 15.9442 ], [ -96.2556, 15.9613 ], [ -96.2514, 15.953 ] ] ] ] } },
{ "type": "Feature", "properties": { "cvegeo": "20414", "municipio_inegi": "Santa María Huazolotitlán", "clave": "santa maria huazolotitlan", "region": "Costa", "sin_dato_siap": false }, "geometry": { "type": "Polygon", "coordinates": [ [ [ -97.9208, 16.3161 ], [ -97.9041, 16.3132 ], [ -97.8904, 16.3013 ], [ -97.8611, 16.296 ], [ -97.8496, 16.2661 ], [ -97.878, 16.1934 ], [ -97.8839, 16.1528 ], [ -97.9074, 16.0638 ], [ -97.9612, 16.1006 ], [ -97.9895, 16.1154 ], [ -97.9948, 16.1247 ], [ -97.9949, 16.1296 ], [ -97.9836, 16.1343 ], [ -97.9841, 16.1441 ], [ -97.9725, 16.1565 ], [ -97.965, 16.1799 ], [ -97.9715, 16.1942 ], [ -97.9636, 16.2052 ], [ -97.9618, 16.2209 ], [ -97.9666, 16.2339 ], [ -97.9748, 16.239 ], [ -97.9675, 16.2489 ], [ -97.9918, 16.2737 ], [ -98.0046, 16.2768 ], [ -98.0076, 16.2818 ], [ -98.0047, 16.2894 ], [ -97.9948, 16.294 ], [ -98.0029, 16.2991 ], [ -97.9984, 16.313 ], [ -97.9887, 16.3179 ], [ -97.9739, 16.2996 ], [ -97.9512, 16.3137 ], [ -97.9208, 16.3161 ] ] ] } },
{ "type": "Feature", "properties": { "cvegeo": "20415", "municipio_inegi": "Santa María Ipalapa", "clave": "santa maria ipalapa", "region": "Mixteca", "sin_dato_siap": false }, "geometry": { "type": "Polygon", "coordinates": [ [ [ -98.0278, 16.6978 ], [ -97.9764, 16.6798 ], [ -97.9457, 16.6507 ], [ -97.9204, 16.6132 ], [ -97.9326, 16.571 ], [ -97.931, 16.5669 ], [ -97.9446, 16.564 ], [ -97.9543, 16.5697 ], [ -97.9541, 16.5605 ], [ -97.9594, 16.552 ], [ -97.9697, 16.5469 ], [ -97.9775, 16.5522 ], [ -97.9726, 16.5566 ], [ -97.9796, 16.56 ], [ -97.9748, 16.5704 ], [ -97.9796, 16.5739 ], [ -97.9905, 16.5686 ], [ -98.0399, 16.5686 ], [ -98.0641, 16.5645 ], [ -98.0845, 16.567 ], [ -98.0946, 16.5879 ], [ -98.0882, 16.5929 ], [ -98.0703, 16.5932 ], [ -98.0736, 16.5962 ], [ -98.068, 16.5963 ], [ -98.0662, 16.6025 ], [ -98.0733, 16.6093 ], [ -98.0471, 16.6276 ], [ -98.042, 16.6363 ], [ -98.04, 16.6526 ], [ -98.0234, 16.6663 ], [ -98.0278, 16.6978 ] ] ] } },
{ "type": "Feature", "properties": { "cvegeo": "20416", "municipio_inegi": "Santa María Ixcatlán", "clave": "santa maria ixcatlan", "region": "Cañada", "sin_dato_siap": false }, "geometry": { "type": "Polygon", "coordinates": [ [ [ -97.2167, 17.8661 ], [ -97.2045, 17.8592 ], [ -97.208, 17.8682 ], [ -97.1763, 17.9015 ], [ -97.1615, 17.8995 ], [ -97.1349, 17.9056 ], [ -97.1254, 17.9042 ], [ -97.1122, 17.8907 ], [ -97.1021, 17.8883 ], [ -97.0768, 17.9011 ], [ -97.0481, 17.864 ], [ -97.0668, 17.8563 ], [ -97.0707, 17.8508 ], [ -97.0791, 17.8495 ], [ -97.0872, 17.839 ], [ -97.0925, 17.8379 ], [ -97.1084, 17.8108 ], [ -97.1162, 17.8109 ], [ -97.1177, 17.8065 ], [ -97.1261, 17.8078 ], [ -97.1392, 17.7983 ], [ -97.1588, 17.8032 ], [ -97.1833, 17.7876 ], [ -97.1952, 17.7843 ], [ -97.1987, 17.7966 ], [ -97.2461, 17.8154 ], [ -97.2435, 17.8453 ], [ -97.2454, 17.9153 ], [ -97.2167, 17.8661 ] ] ] } },
{ "type": "Feature", "properties": { "cvegeo": "20417", "municipio_inegi": "Santa María Jacatepec", "clave": "santa maria jacatepec", "region": "Papaloapan", "sin_dato_siap": false }, "geometry": { "type": "Polygon", "coordinates": [ [ [ -96.2016, 17.9942 ], [ -96.1928, 17.9921 ], [ -96.2023, 17.9837 ], [ -96.1959, 17.9753 ], [ -96.2022, 17.9712 ], [ -96.2054, 17.9483 ], [ -96.2021, 17.9409 ], [ -96.2068, 17.9362 ], [ -96.2039, 17.9357 ], [ -96.2055, 17.9292 ], [ -96.1853, 17.9214 ], [ -96.1728, 17.9316 ], [ -96.1744, 17.9121 ], [ -96.1622, 17.9148 ], [ -96.1623, 17.9254 ], [ -96.1482, 17.9178 ], [ -96.1519, 17.9095 ], [ -96.1395, 17.8879 ], [ -96.1397, 17.8846 ], [ -96.148, 17.8831 ], [ -96.1483, 17.879 ], [ -96.1423, 17.8244 ], [ -96.1054, 17.8199 ], [ -96.0853, 17.8258 ], [ -96.0818, 17.8235 ], [ -96.0694, 17.8368 ], [ -96.0771, 17.8783 ], [ -96.0618, 17.8832 ], [ -96.0537, 17.8897 ], [ -96.0513, 17.877 ], [ -96.0421, 17.8618 ], [ -96.0305, 17.8901 ], [ -95.9852, 17.8431 ], [ -95.9845, 17.8494 ], [ -95.9911, 17.8536 ], [ -95.9904, 17.8627 ], [ -95.9761, 17.8531 ], [ -95.9693, 17.829 ], [ -95.9416, 17.7938 ], [ -95.9458, 17.7879 ], [ -95.9581, 17.7898 ], [ -95.9625, 17.7837 ], [ -95.9663, 17.7981 ], [ -95.9644, 17.8048 ], [ -95.9736, 17.8149 ], [ -95.9757, 17.8103 ], [ -95.9796, 17.8124 ], [ -95.9821, 17.8048 ], [ -95.9872, 17.8066 ], [ -96.0009, 17.7988 ], [ -96.0022, 17.7906 ], [ -96.0101, 17.7888 ], [ -96.011, 17.7812 ], [ -96.018, 17.7848 ], [ -96.0214, 17.7775 ], [ -96.0364, 17.7798 ], [ -96.0432, 17.7737 ], [ -96.0521, 17.7731 ], [ -96.0621, 17.7606 ], [ -96.0759, 17.7637 ], [ -96.0786, 17.7537 ], [ -96.0868, 17.7487 ], [ -96.087, 17.7419 ], [ -96.0963, 17.7506 ], [ -96.0896, 17.7636 ], [ -96.0952, 17.7812 ], [ -96.1144, 17.8021 ], [ -96.1669, 17.7946 ], [ -96.1676, 17.7869 ], [ -96.1806, 17.7814 ], [ -96.2172, 17.7894 ], [ -96.2181, 17.7995 ], [ -96.2239, 17.7986 ], [ -96.2302, 17.8039 ], [ -96.2284, 17.8139 ], [ -96.2323, 17.827 ], [ -96.227, 17.8343 ], [ -96.2107, 17.8424 ], [ -96.2579, 17.8369 ], [ -96.26, 17.8672 ], [ -96.2808, 17.8839 ], [ -96.2307, 17.8982 ], [ -96.2289, 17.9028 ], [ -96.232, 17.9137 ], [ -96.2297, 17.9159 ], [ -96.236, 17.9273 ], [ -96.2358, 17.9419 ], [ -96.2519, 17.9709 ], [ -96.2398, 17.9728 ], [ -96.2496, 17.994 ], [ -96.2089, 17.9805 ], [ -96.2016, 17.9942 ] ] ] } },
{ "type": "Feature", "properties": { "cvegeo": "20425", "municipio_inegi": "Santa María Pápalo", "clave": "santa maria papalo", "region": "Cañada", "sin_dato_siap": false }, "geometry": { "type": "Polygon", "coordinates": [ [ [ -96.7597, 17.8583 ], [ -96.7463, 17.853 ], [ -96.7155, 17.848 ], [ -96.7042, 17.8407 ], [ -96.7143, 17.8273 ], [ -96.7453, 17.8313 ], [ -96.7451, 17.8363 ], [ -96.7768, 17.8186 ], [ -96.79, 17.7804 ], [ -96.7991, 17.7714 ], [ -96.7973, 17.7649 ], [ -96.7818, 17.75 ], [ -96.7891, 17.7367 ], [ -96.8074, 17.7489 ], [ -96.8155, 17.7464 ], [ -96.8152, 17.758 ], [ -96.8268, 17.7742 ], [ -96.8332, 17.7776 ], [ -96.8253, 17.8065 ], [ -96.805, 17.8328 ], [ -96.7788, 17.8342 ], [ -96.7705, 17.85 ], [ -96.7597, 17.8583 ] ] ] } },
{ "type": "Feature", "properties": { "cvegeo": "20426", "municipio_inegi": "Santa María Peñoles", "clave": "santa maria penoles", "region": "Valles Centrales", "sin_dato_siap": false }, "geometry": { "type": "Polygon", "coordinates": [ [ [ -96.9637, 17.1512 ], [ -96.9308, 17.106 ], [ -96.9329, 17.0979 ], [ -96.9248, 17.0964 ], [ -96.9259, 17.0816 ], [ -96.9484, 17.0604 ], [ -96.9543, 17.0636 ], [ -96.9805, 17.0506 ], [ -96.9854, 17.0566 ], [ -96.9947, 17.0574 ], [ -96.9983, 17.0726 ], [ -97.0062, 17.0555 ], [ -97.0166, 17.0596 ], [ -97.0242, 17.0501 ], [ -97.0254, 17.0463 ], [ -97.0189, 17.0342 ], [ -97.0253, 17.0152 ], [ -97.0075, 17.0103 ], [ -96.9925, 17.0131 ], [ -96.9835, 17.0034 ], [ -96.9759, 17.0046 ], [ -96.9707, 16.998 ], [ -96.9618, 16.9964 ], [ -96.9556, 16.9848 ], [ -96.9412, 16.9874 ], [ -96.9685, 16.9742 ], [ -96.9983, 16.977 ], [ -97.0035, 16.9846 ], [ -97.0137, 16.9799 ], [ -97.0215, 16.9812 ], [ -97.0237, 16.9722 ], [ -97.0351, 16.977 ], [ -97.0633, 16.9605 ], [ -97.0693, 16.9668 ], [ -97.0658, 16.9763 ], [ -97.0915, 16.9874 ], [ -97.131, 16.9953 ], [ -97.1474, 16.9913 ], [ -97.1466, 16.9972 ], [ -97.1512, 17.0008 ], [ -97.1574, 17.021 ], [ -97.1512, 17.0232 ], [ -97.119, 17.0591 ], [ -97.0809, 17.0763 ], [ -97.0725, 17.0757 ], [ -97.0729, 17.06 ], [ -97.0574, 17.0647 ], [ -97.0526, 17.0711 ], [ -97.0548, 17.0833 ], [ -97.0352, 17.0929 ], [ -97.0288, 17.1175 ], [ -97.0073, 17.1196 ], [ -97.0009, 17.1337 ], [ -96.9866, 17.1451 ], [ -96.9835, 17.1518 ], [ -96.9637, 17.1512 ] ] ] } },
{ "type": "Feature", "properties": { "cvegeo": "20427", "municipio_inegi": "Santa María Petapa", "clave": "santa maria petapa", "region": "Istmo", "sin_dato_siap": false }, "geometry": { "type": "Polygon", "coordinates": [ [ [ -94.9445, 16.9824 ], [ -94.9577, 16.9784 ], [ -94.9542, 16.97 ], [ -94.9471, 16.9768 ], [ -94.9447, 16.9614 ], [ -94.9409, 16.9575 ], [ -94.9507, 16.9502 ], [ -94.9431, 16.9392 ], [ -94.9557, 16.9343 ], [ -94.9536, 16.9272 ], [ -94.965, 16.9235 ], [ -94.9711, 16.9279 ], [ -94.9815, 16.921 ], [ -94.9925, 16.9317 ], [ -95.0114, 16.9185 ], [ -95.0112, 16.9124 ], [ -95.0186, 16.9079 ], [ -95.0466, 16.9026 ], [ -95.046, 16.8991 ], [ -95.0332, 16.9006 ], [ -95.0351, 16.8931 ], [ -95.0223, 16.8881 ], [ -95.0258, 16.8859 ], [ -95.0143, 16.8874 ], [ -95.0181, 16.8849 ], [ -95.016, 16.8789 ], [ -95.0264, 16.8782 ], [ -95.049, 16.8898 ], [ -95.0506, 16.8597 ], [ -95.0603, 16.8613 ], [ -95.0641, 16.837 ], [ -95.0502, 16.8331 ], [ -95.0622, 16.8146 ], [ -95.0795, 16.8158 ], [ -95.096, 16.8111 ], [ -95.0926, 16.8177 ], [ -95.0964, 16.8204 ], [ -95.1132, 16.8117 ], [ -95.1214, 16.8024 ], [ -95.1309, 16.8051 ], [ -95.1324, 16.8191 ], [ -95.1379, 16.8229 ], [ -95.1752, 16.8856 ], [ -95.1507, 16.8884 ], [ -95.1551, 16.915 ], [ -95.1288, 16.9056 ], [ -95.1297, 16.9093 ], [ -95.1138, 16.9033 ], [ -95.1054, 16.9046 ], [ -95.0987, 16.9022 ], [ -95.0982, 16.8973 ], [ -95.0851, 16.9013 ], [ -95.0835, 16.8977 ], [ -95.0725, 16.9072 ], [ -95.0635, 16.9053 ], [ -95.0594, 16.9099 ], [ -95.056, 16.9063 ], [ -95.0555, 16.9171 ], [ -95.0332, 16.9245 ], [ -95.0325, 16.9323 ], [ -95.0398, 16.9395 ], [ -95.0396, 16.9436 ], [ -95.0184, 16.9342 ], [ -95.0101, 16.9441 ], [ -95.0127, 16.9473 ], [ -95.0076, 16.9462 ], [ -94.9908, 16.9601 ], [ -94.9873, 16.9561 ], [ -94.9742, 16.953 ], [ -94.9689, 16.9599 ], [ -94.9688, 16.9695 ], [ -94.9623, 16.9764 ], [ -94.9666, 16.9847 ], [ -94.9638, 16.9947 ], [ -94.9523, 16.9939 ], [ -94.9448, 16.9883 ], [ -94.9445, 16.9824 ] ] ] } },
{ "type": "Feature", "properties": { "cvegeo": "20428", "municipio_inegi": "Santa María Quiegolani", "clave": "santa maria quiegolani", "region": "Istmo", "sin_dato_siap": false }, "geometry": { "type": "Polygon", "coordinates": [ [ [ -95.9985, 16.3662 ], [ -95.9965, 16.3601 ], [ -95.9871, 16.3538 ], [ -95.9925, 16.3448 ], [ -95.9976, 16.3451 ], [ -95.9995, 16.3393 ], [ -95.9865, 16.3315 ], [ -95.9935, 16.3301 ], [ -95.9985, 16.3224 ], [ -96.0027, 16.3233 ], [ -96.0027, 16.3115 ], [ -95.9947, 16.3015 ], [ -96.0065, 16.2809 ], [ -96.0337, 16.2739 ], [ -96.0299, 16.257 ], [ -96.024, 16.254 ], [ -96.0183, 16.2627 ], [ -96.016, 16.2577 ], [ -96.0185, 16.2407 ], [ -96.0255, 16.2259 ], [ -96.0317, 16.226 ], [ -96.0448, 16.2358 ], [ -96.0644, 16.238 ], [ -96.0654, 16.2406 ], [ -96.0853, 16.2319 ], [ -96.0894, 16.223 ], [ -96.1099, 16.2227 ], [ -96.1143, 16.2286 ], [ -96.1134, 16.2486 ], [ -96.118, 16.2473 ], [ -96.1128, 16.2709 ], [ -96.0935, 16.2881 ], [ -96.089, 16.3011 ], [ -96.0992, 16.3419 ], [ -96.0951, 16.3485 ], [ -96.0898, 16.3505 ], [ -96.0791, 16.3664 ], [ -96.0599, 16.3683 ], [ -96.0423, 16.3916 ], [ -95.9944, 16.3702 ], [ -95.9985, 16.3662 ] ] ] } },
{ "type": "Feature", "properties": { "cvegeo": "20429", "municipio_inegi": "Santa María Sola", "clave": "santa maria sola", "region": "Valles Centrales", "sin_dato_siap": false }, "geometry": { "type": "Polygon", "coordinates": [ [ [ -97.0377, 16.6186 ], [ -97.0269, 16.6104 ], [ -97.0302, 16.6052 ], [ -97.0055, 16.5998 ], [ -96.9892, 16.5847 ], [ -96.9906, 16.5538 ], [ -96.9918, 16.5479 ], [ -97.0034, 16.543 ], [ -97.0074, 16.5494 ], [ -97.0168, 16.5465 ], [ -97.011, 16.5379 ], [ -97.0415, 16.5152 ], [ -97.0691, 16.5345 ], [ -97.0786, 16.5565 ], [ -97.0668, 16.5632 ], [ -97.058, 16.5619 ], [ -97.0557, 16.5717 ], [ -97.0483, 16.5692 ], [ -97.0394, 16.5746 ], [ -97.0211, 16.5755 ], [ -97.0258, 16.5971 ], [ -97.0528, 16.6085 ], [ -97.0377, 16.6186 ] ] ] } },
{ "type": "Feature", "properties": { "cvegeo": "20431", "municipio_inegi": "Santa María Tecomavaca", "clave": "santa maria tecomavaca", "region": "Cañada", "sin_dato_siap": false }, "geometry": { "type": "Polygon", "coordinates": [ [ [ -97.1457, 18.0494 ], [ -97.1351, 18.0465 ], [ -97.1304, 18.0495 ], [ -97.1277, 18.0442 ], [ -97.1152, 18.0449 ], [ -97.0889, 18.0094 ], [ -97.0683, 17.9921 ], [ -97.0624, 17.9994 ], [ -97.0414, 17.9883 ], [ -97.0468, 17.9844 ], [ -97.0456, 17.9769 ], [ -96.9832, 18.027 ], [ -96.9699, 18.0021 ], [ -96.9585, 17.9687 ], [ -96.9414, 17.9461 ], [ -96.9345, 17.9427 ], [ -96.9361, 17.9362 ], [ -96.9418, 17.9382 ], [ -96.9471, 17.9337 ], [ -96.9629, 17.9348 ], [ -96.9718, 17.9173 ], [ -96.9775, 17.9212 ], [ -96.9854, 17.9167 ], [ -96.9991, 17.9227 ], [ -97.0038, 17.929 ], [ -97.002, 17.9259 ], [ -97.0198, 17.9023 ], [ -97.0309, 17.8954 ], [ -97.0117, 17.8697 ], [ -97.0481, 17.864 ], [ -97.0768, 17.9011 ], [ -97.1021, 17.8883 ], [ -97.1122, 17.8907 ], [ -97.1254, 17.9042 ], [ -97.1349, 17.9056 ], [ -97.1615, 17.8995 ], [ -97.1763, 17.9015 ], [ -97.208, 17.8682 ], [ -97.2045, 17.8592 ], [ -97.2177, 17.8661 ], [ -97.2454, 17.9153 ], [ -97.1958, 17.9704 ], [ -97.1923, 18.0353 ], [ -97.1797, 18.0331 ], [ -97.165, 18.039 ], [ -97.1663, 18.043 ], [ -97.153, 18.0412 ], [ -97.1457, 18.0494 ] ] ] } },
{ "type": "Feature", "properties": { "cvegeo": "20433", "municipio_inegi": "Santa María Temaxcaltepec", "clave": "santa maria temaxcaltepec", "region": "Costa", "sin_dato_siap": false }, "geometry": { "type": "Polygon", "coordinates": [ [ [ -97.18, 16.2069 ], [ -97.1695, 16.1646 ], [ -97.1618, 16.1623 ], [ -97.1612, 16.1674 ], [ -97.1497, 16.1731 ], [ -97.1449, 16.1698 ], [ -97.1494, 16.1408 ], [ -97.1459, 16.1307 ], [ -97.1559, 16.1289 ], [ -97.1625, 16.1332 ], [ -97.1668, 16.1292 ], [ -97.1748, 16.1311 ], [ -97.186, 16.1487 ], [ -97.2207, 16.1677 ], [ -97.2241, 16.1726 ], [ -97.2251, 16.1771 ], [ -97.2198, 16.1827 ], [ -97.18, 16.2069 ] ] ] } },
{ "type": "Feature", "properties": { "cvegeo": "20442", "municipio_inegi": "Santa María Yalina", "clave": "santa maria yalina", "region": "Sierra Juárez", "sin_dato_siap": false }, "geometry": { "type": "Polygon", "coordinates": [ [ [ -96.272, 17.2931 ], [ -96.261, 17.2809 ], [ -96.258, 17.2647 ], [ -96.2509, 17.2612 ], [ -96.2618, 17.2472 ], [ -96.2534, 17.2366 ], [ -96.2661, 17.227 ], [ -96.2802, 17.2306 ], [ -96.2868, 17.2427 ], [ -96.3066, 17.2548 ], [ -96.3138, 17.2557 ], [ -96.3242, 17.2709 ], [ -96.3409, 17.2752 ], [ -96.3492, 17.2716 ], [ -96.3536, 17.292 ], [ -96.3402, 17.301 ], [ -96.2816, 17.297 ], [ -96.272, 17.2931 ] ] ] } },
{ "type": "Feature", "properties": { "cvegeo": "20434", "municipio_inegi": "Santa María Teopoxco", "clave": "santa maria teopoxco", "region": "Cañada", "sin_dato_siap": false }, "geometry": { "type": "Polygon", "coordinates": [ [ [ -96.9381, 18.2193 ], [ -96.9368, 18.216 ], [ -96.9499, 18.204 ], [ -96.9535, 18.1958 ], [ -96.9543, 18.1815 ], [ -96.9394, 18.1715 ], [ -96.952, 18.146 ], [ -96.9691, 18.1323 ], [ -96.9954, 18.1535 ], [ -96.998, 18.1774 ], [ -97.0044, 18.1849 ], [ -97.0041, 18.1986 ], [ -96.9936, 18.2023 ], [ -96.9843, 18.1996 ], [ -96.9635, 18.2021 ], [ -96.9474, 18.2176 ], [ -96.9381, 18.2193 ] ] ] } },
{ "type": "Feature", "properties": { "cvegeo": "20438", "municipio_inegi": "Santa María Tlalixtac", "clave": "santa maria tlalixtac", "region": "Cañada", "sin_dato_siap": false }, "geometry": { "type": "Polygon", "coordinates": [ [ [ -96.7414, 17.9652 ], [ -96.7144, 17.9468 ], [ -96.7099, 17.9265 ], [ -96.7129, 17.9222 ], [ -96.7214, 17.9229 ], [ -96.7245, 17.9167 ], [ -96.7317, 17.9159 ], [ -96.7404, 17.9068 ], [ -96.739, 17.8961 ], [ -96.7307, 17.8923 ], [ -96.7624, 17.8672 ], [ -96.7608, 17.8908 ], [ -96.7508, 17.9073 ], [ -96.7524, 17.9169 ], [ -96.7428, 17.9256 ], [ -96.7411, 17.9409 ], [ -96.748, 17.9511 ], [ -96.7414, 17.9652 ] ] ] } },
{ "type": "Feature", "properties": { "cvegeo": "20439", "municipio_inegi": "Santa María Tonameca", "clave": "santa maria tonameca", "region": "Costa", "sin_dato_siap": false }, "geometry": { "type": "Polygon", "coordinates": [ [ [ -96.7004, 15.9068 ], [ -96.7042, 15.8368 ], [ -96.6906, 15.8241 ], [ -96.6881, 15.826 ], [ -96.6763, 15.8109 ], [ -96.6744, 15.7965 ], [ -96.6629, 15.7851 ], [ -96.6584, 15.7844 ], [ -96.6577, 15.7881 ], [ -96.6516, 15.79 ], [ -96.6199, 15.7882 ], [ -96.5905, 15.7987 ], [ -96.5619, 15.7972 ], [ -96.5312, 15.8102 ], [ -96.5204, 15.7787 ], [ -96.5062, 15.7551 ], [ -96.5055, 15.6958 ], [ -96.5248, 15.6624 ], [ -96.5517, 15.6652 ], [ -96.5553, 15.6632 ], [ -96.5545, 15.6584 ], [ -96.5568, 15.6572 ], [ -96.571, 15.6664 ], [ -96.616, 15.6801 ], [ -96.6593, 15.7022 ], [ -96.705, 15.7178 ], [ -96.746, 15.726 ], [ -96.8081, 15.734 ], [ -96.8388, 15.7333 ], [ -96.8524, 15.7374 ], [ -96.8422, 15.7436 ], [ -96.8463, 15.7572 ], [ -96.8464, 15.7806 ], [ -96.8322, 15.8016 ], [ -96.8374, 15.8051 ], [ -96.8375, 15.8162 ], [ -96.8258, 15.8236 ], [ -96.8271, 15.8371 ], [ -96.8118, 15.894 ], [ -96.7505, 15.8877 ], [ -96.7004, 15.9068 ] ] ] } },
{ "type": "Feature", "properties": { "cvegeo": "20440", "municipio_inegi": "Santa María Totolapilla", "clave": "santa maria totolapilla", "region": "Istmo", "sin_dato_siap": false }, "geometry": { "type": "Polygon", "coordinates": [ [ [ -95.5428, 16.6066 ], [ -95.5706, 16.5788 ], [ -95.5761, 16.5679 ], [ -95.5892, 16.5605 ], [ -95.6783, 16.612 ], [ -95.6765, 16.6376 ], [ -95.6877, 16.6382 ], [ -95.6613, 16.6486 ], [ -95.6527, 16.6629 ], [ -95.6516, 16.6718 ], [ -95.6646, 16.6895 ], [ -95.6594, 16.6907 ], [ -95.6491, 16.6844 ], [ -95.6433, 16.6862 ], [ -95.641, 16.682 ], [ -95.6315, 16.6905 ], [ -95.6277, 16.6884 ], [ -95.631, 16.6816 ], [ -95.6207, 16.6785 ], [ -95.6132, 16.6671 ], [ -95.6032, 16.6649 ], [ -95.5879, 16.6525 ], [ -95.5807, 16.6532 ], [ -95.5803, 16.6479 ], [ -95.5743, 16.6457 ], [ -95.5755, 16.6383 ], [ -95.569, 16.6342 ], [ -95.5573, 16.6374 ], [ -95.5593, 16.6218 ], [ -95.554, 16.6126 ], [ -95.5428, 16.6066 ] ] ] } },
{ "type": "Feature", "properties": { "cvegeo": "20441", "municipio_inegi": "Santa María Xadani", "clave": "santa maria xadani", "region": "Istmo", "sin_dato_siap": false }, "geometry": { "type": "Polygon", "coordinates": [ [ [ -95.0205, 16.4176 ], [ -95.0149, 16.4163 ], [ -95.0041, 16.403 ], [ -95.0017, 16.3862 ], [ -94.9947, 16.3778 ], [ -94.9713, 16.366 ], [ -94.9639, 16.3686 ], [ -94.9594, 16.3663 ], [ -94.9666, 16.3374 ], [ -94.9853, 16.3282 ], [ -95.0074, 16.3334 ], [ -95.0266, 16.3321 ], [ -95.0243, 16.337 ], [ -95.0325, 16.3299 ], [ -95.0281, 16.3265 ], [ -95.0379, 16.3258 ], [ -95.0388, 16.3176 ], [ -95.0415, 16.3224 ], [ -95.0684, 16.3259 ], [ -95.0746, 16.333 ], [ -95.0886, 16.3679 ], [ -95.0636, 16.3683 ], [ -95.0623, 16.403 ], [ -95.047, 16.412 ], [ -95.0461, 16.4031 ], [ -95.0402, 16.4092 ], [ -95.0269, 16.405 ], [ -95.0245, 16.4178 ], [ -95.0203, 16.4203 ], [ -95.0205, 16.4176 ] ] ] } },
{ "type": "Feature", "properties": { "cvegeo": "20451", "municipio_inegi": "Santiago Apoala", "clave": "santiago apoala", "region": "Mixteca", "sin_dato_siap": false }, "geometry": { "type": "Polygon", "coordinates": [ [ [ -97.1069, 17.7174 ], [ -97.1011, 17.6948 ], [ -97.0878, 17.6783 ], [ -97.1078, 17.6579 ], [ -97.1187, 17.6406 ], [ -97.1149, 17.5933 ], [ -97.1313, 17.5791 ], [ -97.1396, 17.5615 ], [ -97.1615, 17.5888 ], [ -97.1624, 17.651 ], [ -97.1726, 17.678 ], [ -97.1795, 17.6733 ], [ -97.1612, 17.7064 ], [ -97.1611, 17.7036 ], [ -97.1379, 17.7058 ], [ -97.1069, 17.7174 ] ] ] } },
{ "type": "Feature", "properties": { "cvegeo": "20443", "municipio_inegi": "Santa María Yavesía", "clave": "santa maria yavesia", "region": "Sierra Juárez", "sin_dato_siap": false }, "geometry": { "type": "Polygon", "coordinates": [ [ [ -96.4462, 17.2615 ], [ -96.4397, 17.2559 ], [ -96.4386, 17.2592 ], [ -96.4295, 17.2583 ], [ -96.4278, 17.2516 ], [ -96.4108, 17.2389 ], [ -96.3618, 17.2309 ], [ -96.3722, 17.212 ], [ -96.3671, 17.1879 ], [ -96.3701, 17.1613 ], [ -96.3936, 17.1445 ], [ -96.4108, 17.1455 ], [ -96.4151, 17.1505 ], [ -96.4252, 17.1471 ], [ -96.4292, 17.1493 ], [ -96.432, 17.161 ], [ -96.4386, 17.1683 ], [ -96.4339, 17.1702 ], [ -96.4335, 17.1797 ], [ -96.4371, 17.1826 ], [ -96.4431, 17.181 ], [ -96.4487, 17.1869 ], [ -96.4532, 17.1983 ], [ -96.4479, 17.2124 ], [ -96.4577, 17.2197 ], [ -96.452, 17.2239 ], [ -96.4528, 17.2333 ], [ -96.4579, 17.2371 ], [ -96.4608, 17.2465 ], [ -96.452, 17.2538 ], [ -96.4522, 17.2609 ], [ -96.4462, 17.2615 ] ] ] } },
{ "type": "Feature", "properties": { "cvegeo": "20456", "municipio_inegi": "Santiago Cacaloxtepec", "clave": "santiago cacaloxtepec", "region": "Mixteca", "sin_dato_siap": false }, "geometry": { "type": "Polygon", "coordinates": [ [ [ -97.7229, 17.7685 ], [ -97.6897, 17.7423 ], [ -97.6887, 17.7238 ], [ -97.7078, 17.7314 ], [ -97.7196, 17.7144 ], [ -97.7714, 17.6921 ], [ -97.7736, 17.6957 ], [ -97.7778, 17.6944 ], [ -97.7701, 17.7221 ], [ -97.7507, 17.7392 ], [ -97.7536, 17.7529 ], [ -97.7464, 17.7536 ], [ -97.7349, 17.7654 ], [ -97.7229, 17.7685 ] ] ] } },
{ "type": "Feature", "properties": { "cvegeo": "20457", "municipio_inegi": "Santiago Camotlán", "clave": "santiago camotlan", "region": "Sierra Juárez", "sin_dato_siap": false }, "geometry": { "type": "Polygon", "coordinates": [ [ [ -96.1189, 17.6564 ], [ -96.1127, 17.6506 ], [ -96.0948, 17.6448 ], [ -96.0868, 17.631 ], [ -96.0937, 17.6259 ], [ -96.1275, 17.6234 ], [ -96.1085, 17.6107 ], [ -96.0993, 17.6099 ], [ -96.0924, 17.6004 ], [ -96.0854, 17.5999 ], [ -96.0717, 17.5864 ], [ -96.0763, 17.5653 ], [ -96.0835, 17.5497 ], [ -96.087, 17.5497 ], [ -96.0812, 17.5436 ], [ -96.0893, 17.538 ], [ -96.0856, 17.528 ], [ -96.0928, 17.5288 ], [ -96.0974, 17.5237 ], [ -96.0975, 17.5138 ], [ -96.0903, 17.5089 ], [ -96.0885, 17.5008 ], [ -96.1009, 17.4843 ], [ -96.1007, 17.4665 ], [ -96.1109, 17.4581 ], [ -96.1144, 17.4471 ], [ -96.1224, 17.4465 ], [ -96.1301, 17.4405 ], [ -96.1396, 17.4543 ], [ -96.1715, 17.4588 ], [ -96.1733, 17.4556 ], [ -96.1632, 17.4424 ], [ -96.1602, 17.4284 ], [ -96.1937, 17.4396 ], [ -96.1957, 17.434 ], [ -96.2169, 17.4212 ], [ -96.2349, 17.4461 ], [ -96.2433, 17.449 ], [ -96.2476, 17.4721 ], [ -96.2589, 17.476 ], [ -96.2836, 17.4989 ], [ -96.2832, 17.512 ], [ -96.2701, 17.534 ], [ -96.2601, 17.538 ], [ -96.2439, 17.5366 ], [ -96.2362, 17.5412 ], [ -96.2323, 17.561 ], [ -96.2277, 17.5672 ], [ -96.2127, 17.5715 ], [ -96.1884, 17.5669 ], [ -96.1773, 17.5729 ], [ -96.1729, 17.5777 ], [ -96.178, 17.5796 ], [ -96.1751, 17.5856 ], [ -96.1682, 17.5896 ], [ -96.1718, 17.5926 ], [ -96.164, 17.5992 ], [ -96.1674, 17.6039 ], [ -96.1608, 17.6069 ], [ -96.1615, 17.6171 ], [ -96.1554, 17.6205 ], [ -96.1516, 17.6143 ], [ -96.1468, 17.6147 ], [ -96.1508, 17.6183 ], [ -96.1504, 17.6271 ], [ -96.1538, 17.6285 ], [ -96.1507, 17.6386 ], [ -96.1462, 17.6405 ], [ -96.1411, 17.6367 ], [ -96.1413, 17.6471 ], [ -96.1333, 17.6383 ], [ -96.1301, 17.6463 ], [ -96.1321, 17.6511 ], [ -96.1236, 17.652 ], [ -96.1381, 17.6574 ], [ -96.1374, 17.6597 ], [ -96.1174, 17.6684 ], [ -96.1151, 17.6631 ], [ -96.1189, 17.6564 ] ] ] } },
{ "type": "Feature", "properties": { "cvegeo": "20444", "municipio_inegi": "Santa María Yolotepec", "clave": "santa maria yolotepec", "region": "Mixteca", "sin_dato_siap": false }, "geometry": { "type": "Polygon", "coordinates": [ [ [ -97.4534, 16.8996 ], [ -97.4106, 16.8762 ], [ -97.4125, 16.8724 ], [ -97.408, 16.8679 ], [ -97.4547, 16.878 ], [ -97.5096, 16.8719 ], [ -97.5147, 16.876 ], [ -97.5057, 16.8865 ], [ -97.4723, 16.8862 ], [ -97.4534, 16.8996 ] ] ] } },
{ "type": "Feature", "properties": { "cvegeo": "20445", "municipio_inegi": "Santa María Yosoyúa", "clave": "santa maria yosoyua", "region": "Mixteca", "sin_dato_siap": false }, "geometry": { "type": "Polygon", "coordinates": [ [ [ -97.5034, 17.0694 ], [ -97.5148, 17.0924 ], [ -97.5216, 17.0956 ], [ -97.5258, 17.1283 ], [ -97.5297, 17.1329 ], [ -97.5154, 17.1447 ], [ -97.4906, 17.1404 ], [ -97.4713, 17.0942 ], [ -97.4786, 17.0762 ], [ -97.5034, 17.0694 ] ] ] } },
{ "type": "Feature", "properties": { "cvegeo": "20446", "municipio_inegi": "Santa María Yucuhiti", "clave": "santa maria yucuhiti", "region": "Mixteca", "sin_dato_siap": false }, "geometry": { "type": "Polygon", "coordinates": [ [ [ -97.7771, 17.0777 ], [ -97.7696, 17.0503 ], [ -97.7617, 17.0436 ], [ -97.7611, 17.0351 ], [ -97.7721, 17.0084 ], [ -97.7822, 17.0179 ], [ -97.7947, 17.0105 ], [ -97.795, 17.0004 ], [ -97.7871, 16.9947 ], [ -97.7868, 16.9847 ], [ -97.7911, 16.9772 ], [ -97.7982, 16.9757 ], [ -97.8014, 16.9654 ], [ -97.8085, 16.9617 ], [ -97.817, 16.967 ], [ -97.8242, 17.005 ], [ -97.8373, 17.0258 ], [ -97.8409, 17.0519 ], [ -97.835, 17.0719 ], [ -97.8434, 17.0776 ], [ -97.8439, 17.0788 ], [ -97.8321, 17.074 ], [ -97.8162, 17.0753 ], [ -97.8148, 17.0804 ], [ -97.8205, 17.0887 ], [ -97.811, 17.0918 ], [ -97.7864, 17.0856 ], [ -97.7771, 17.0777 ] ] ] } },
{ "type": "Feature", "properties": { "cvegeo": "20447", "municipio_inegi": "Santa María Zacatepec", "clave": "santa maria zacatepec", "region": "Mixteca", "sin_dato_siap": false }, "geometry": { "type": "Polygon", "coordinates": [ [ [ -97.8949, 16.8725 ], [ -97.8899, 16.8722 ], [ -97.8895, 16.8618 ], [ -97.8787, 16.8635 ], [ -97.8717, 16.8565 ], [ -97.8716, 16.8429 ], [ -97.8806, 16.8304 ], [ -97.8717, 16.832 ], [ -97.8666, 16.8268 ], [ -97.866, 16.8206 ], [ -97.8698, 16.8208 ], [ -97.8697, 16.8181 ], [ -97.8626, 16.8153 ], [ -97.864, 16.7859 ], [ -97.8548, 16.7655 ], [ -97.8512, 16.7462 ], [ -97.8458, 16.744 ], [ -97.837, 16.7171 ], [ -97.8396, 16.7117 ], [ -97.8574, 16.7186 ], [ -97.8928, 16.7116 ], [ -97.8936, 16.6809 ], [ -97.9001, 16.6641 ], [ -97.9287, 16.6606 ], [ -97.9407, 16.6435 ], [ -97.9764, 16.6798 ], [ -98.0278, 16.6978 ], [ -98.037, 16.7062 ], [ -98.0365, 16.7119 ], [ -98.0672, 16.7397 ], [ -98.0745, 16.7382 ], [ -98.0794, 16.743 ], [ -98.0937, 16.7304 ], [ -98.1264, 16.7554 ], [ -98.1354, 16.7574 ], [ -98.1287, 16.7612 ], [ -98.1205, 16.7547 ], [ -98.1082, 16.761 ], [ -98.1046, 16.7852 ], [ -98.0979, 16.7929 ], [ -98.1001, 16.7993 ], [ -98.0928, 16.8065 ], [ -98.0938, 16.812 ], [ -98.0864, 16.8163 ], [ -98.0877, 16.8217 ], [ -98.0811, 16.8334 ], [ -98.084, 16.8409 ], [ -98.0746, 16.8545 ], [ -98.076, 16.8675 ], [ -98.0723, 16.8742 ], [ -98.0807, 16.885 ], [ -98.0156, 16.8804 ], [ -98.0039, 16.8857 ], [ -97.9746, 16.877 ], [ -97.9208, 16.8498 ], [ -97.9153, 16.862 ], [ -97.9132, 16.8744 ], [ -97.9169, 16.8831 ], [ -97.9139, 16.8904 ], [ -97.9032, 16.8922 ], [ -97.8985, 16.8886 ], [ -97.8929, 16.8775 ], [ -97.8949, 16.8725 ] ] ] } },
{ "type": "Feature", "properties": { "cvegeo": "20448", "municipio_inegi": "Santa María Zaniza", "clave": "santa maria zaniza", "region": "Valles Centrales", "sin_dato_siap": false }, "geometry": { "type": "Polygon", "coordinates": [ [ [ -97.2991, 16.6605 ], [ -97.2775, 16.6498 ], [ -97.2752, 16.6601 ], [ -97.2468, 16.6422 ], [ -97.2579, 16.6384 ], [ -97.2602, 16.6299 ], [ -97.2666, 16.6267 ], [ -97.2731, 16.6159 ], [ -97.2948, 16.6056 ], [ -97.3381, 16.6177 ], [ -97.3462, 16.6133 ], [ -97.3541, 16.6022 ], [ -97.3616, 16.5857 ], [ -97.359, 16.5813 ], [ -97.3627, 16.5807 ], [ -97.3711, 16.5906 ], [ -97.3892, 16.5783 ], [ -97.4286, 16.6184 ], [ -97.4507, 16.6646 ], [ -97.4345, 16.6783 ], [ -97.4086, 16.6858 ], [ -97.3212, 16.6895 ], [ -97.292, 16.6703 ], [ -97.2991, 16.6605 ] ] ] } },
{ "type": "Feature", "properties": { "cvegeo": "20449", "municipio_inegi": "Santa María Zoquitlán", "clave": "santa maria zoquitlan", "region": "Valles Centrales", "sin_dato_siap": false }, "geometry": { "type": "Polygon", "coordinates": [ [ [ -96.3129, 16.6171 ], [ -96.276, 16.5964 ], [ -96.262, 16.6008 ], [ -96.2617, 16.5955 ], [ -96.255, 16.5897 ], [ -96.2441, 16.5857 ], [ -96.2558, 16.5519 ], [ -96.2495, 16.5468 ], [ -96.2432, 16.5304 ], [ -96.2799, 16.536 ], [ -96.2842, 16.5222 ], [ -96.291, 16.4396 ], [ -96.3122, 16.4505 ], [ -96.3368, 16.4575 ], [ -96.3766, 16.4369 ], [ -96.3968, 16.4605 ], [ -96.3968, 16.4552 ], [ -96.4004, 16.456 ], [ -96.4044, 16.4619 ], [ -96.4092, 16.4619 ], [ -96.4107, 16.467 ], [ -96.4158, 16.4616 ], [ -96.418, 16.4712 ], [ -96.423, 16.4659 ], [ -96.4259, 16.48 ], [ -96.4182, 16.4799 ], [ -96.4174, 16.4827 ], [ -96.4291, 16.4872 ], [ -96.4725, 16.5949 ], [ -96.477, 16.5925 ], [ -96.4721, 16.6104 ], [ -96.4958, 16.6426 ], [ -96.4914, 16.6481 ], [ -96.4722, 16.6569 ], [ -96.4228, 16.6686 ], [ -96.4152, 16.6775 ], [ -96.397, 16.6704 ], [ -96.329, 16.6215 ], [ -96.3129, 16.6171 ] ] ] } },
{ "type": "Feature", "properties": { "cvegeo": "20450", "municipio_inegi": "Santiago Amoltepec", "clave": "santiago amoltepec", "region": "Valles Centrales", "sin_dato_siap": false }, "geometry": { "type": "Polygon", "coordinates": [ [ [ -97.5017, 16.7252 ], [ -97.4998, 16.7189 ], [ -97.5114, 16.7074 ], [ -97.4964, 16.6913 ], [ -97.4848, 16.6966 ], [ -97.4772, 16.6799 ], [ -97.4608, 16.6798 ], [ -97.4561, 16.6722 ], [ -97.4532, 16.6737 ], [ -97.4286, 16.6184 ], [ -97.4074, 16.5965 ], [ -97.412, 16.5933 ], [ -97.4291, 16.597 ], [ -97.4329, 16.5926 ], [ -97.4575, 16.6019 ], [ -97.4655, 16.5927 ], [ -97.4688, 16.579 ], [ -97.489, 16.5799 ], [ -97.4957, 16.5747 ], [ -97.497, 16.5795 ], [ -97.5428, 16.5786 ], [ -97.5482, 16.5796 ], [ -97.5485, 16.5832 ], [ -97.5771, 16.5727 ], [ -97.5879, 16.584 ], [ -97.6224, 16.5866 ], [ -97.6236, 16.5939 ], [ -97.6195, 16.6008 ], [ -97.6254, 16.6091 ], [ -97.6157, 16.6162 ], [ -97.6158, 16.6246 ], [ -97.6075, 16.6307 ], [ -97.6116, 16.6353 ], [ -97.6103, 16.6389 ], [ -97.6022, 16.6423 ], [ -97.5992, 16.6504 ], [ -97.5929, 16.6551 ], [ -97.5632, 16.664 ], [ -97.5602, 16.673 ], [ -97.5544, 16.6743 ], [ -97.5529, 16.6796 ], [ -97.5411, 16.6806 ], [ -97.5446, 16.696 ], [ -97.5308, 16.6896 ], [ -97.5313, 16.696 ], [ -97.5244, 16.7056 ], [ -97.5232, 16.7236 ], [ -97.5017, 16.7252 ] ] ] } },
{ "type": "Feature", "properties": { "cvegeo": "20452", "municipio_inegi": "Santiago Apóstol", "clave": "santiago apostol", "region": "Valles Centrales", "sin_dato_siap": false }, "geometry": { "type": "Polygon", "coordinates": [ [ [ -96.7005, 16.8101 ], [ -96.7008, 16.773 ], [ -96.7044, 16.773 ], [ -96.7125, 16.7849 ], [ -96.7251, 16.7928 ], [ -96.7359, 16.792 ], [ -96.7492, 16.7763 ], [ -96.7589, 16.7745 ], [ -96.7516, 16.8132 ], [ -96.7379, 16.8098 ], [ -96.7144, 16.8124 ], [ -96.7005, 16.8101 ] ] ] } },
{ "type": "Feature", "properties": { "cvegeo": "20462", "municipio_inegi": "Santiago Huajolotitlán", "clave": "santiago huajolotitlan", "region": "Mixteca", "sin_dato_siap": false }, "geometry": { "type": "Polygon", "coordinates": [ [ [ -97.7048, 17.8762 ], [ -97.6909, 17.8503 ], [ -97.6947, 17.8414 ], [ -97.683, 17.8318 ], [ -97.6188, 17.8236 ], [ -97.634, 17.799 ], [ -97.6502, 17.7855 ], [ -97.6353, 17.7456 ], [ -97.6897, 17.7423 ], [ -97.7187, 17.7622 ], [ -97.7275, 17.7738 ], [ -97.7321, 17.7837 ], [ -97.7257, 17.7874 ], [ -97.7339, 17.79 ], [ -97.7273, 17.7981 ], [ -97.7303, 17.8031 ], [ -97.7392, 17.8056 ], [ -97.7453, 17.8034 ], [ -97.7341, 17.8119 ], [ -97.7355, 17.8169 ], [ -97.7499, 17.8192 ], [ -97.7429, 17.8219 ], [ -97.7397, 17.8308 ], [ -97.7418, 17.8363 ], [ -97.7362, 17.8407 ], [ -97.7341, 17.854 ], [ -97.7276, 17.8581 ], [ -97.7302, 17.8607 ], [ -97.7134, 17.8752 ], [ -97.7171, 17.8759 ], [ -97.7153, 17.8863 ], [ -97.7038, 17.8825 ], [ -97.7048, 17.8762 ] ] ] } },
{ "type": "Feature", "properties": { "cvegeo": "20453", "municipio_inegi": "Santiago Astata", "clave": "santiago astata", "region": "Istmo", "sin_dato_siap": false }, "geometry": { "type": "MultiPolygon", "coordinates": [ [ [ [ -95.5761, 15.9419 ], [ -95.5743, 15.9404 ], [ -95.5769, 15.9414 ], [ -95.5761, 15.9419 ] ] ], [ [ [ -95.5137, 15.9638 ], [ -95.5727, 15.9563 ], [ -95.5844, 15.9445 ], [ -95.6056, 15.9425 ], [ -95.6133, 15.9357 ], [ -95.6135, 15.9308 ], [ -95.6453, 15.9234 ], [ -95.6625, 15.9124 ], [ -95.7121, 15.9078 ], [ -95.7072, 15.9606 ], [ -95.6992, 15.9887 ], [ -95.665, 15.9939 ], [ -95.6172, 16.0198 ], [ -95.5939, 16.0244 ], [ -95.5363, 16.0631 ], [ -95.5191, 16.0033 ], [ -95.5201, 15.9876 ], [ -95.5137, 15.9638 ] ] ] ] } },
{ "type": "Feature", "properties": { "cvegeo": "20471", "municipio_inegi": "Santiago Lalopa", "clave": "santiago lalopa", "region": "Sierra Juárez", "sin_dato_siap": false }, "geometry": { "type": "Polygon", "coordinates": [ [ [ -96.2186, 17.4237 ], [ -96.2363, 17.4042 ], [ -96.2442, 17.387 ], [ -96.2545, 17.3836 ], [ -96.2695, 17.3849 ], [ -96.2717, 17.3962 ], [ -96.2859, 17.4093 ], [ -96.2705, 17.4146 ], [ -96.2665, 17.4256 ], [ -96.2607, 17.4274 ], [ -96.2518, 17.4423 ], [ -96.2425, 17.4482 ], [ -96.2349, 17.4461 ], [ -96.2186, 17.4237 ] ] ] } },
{ "type": "Feature", "properties": { "cvegeo": "20454", "municipio_inegi": "Santiago Atitlán", "clave": "santiago atitlan", "region": "Sierra Juárez", "sin_dato_siap": false }, "geometry": { "type": "Polygon", "coordinates": [ [ [ -95.911, 17.1205 ], [ -95.8964, 17.1084 ], [ -95.8928, 17.1084 ], [ -95.8896, 17.1164 ], [ -95.866, 17.113 ], [ -95.8812, 17.1063 ], [ -95.8662, 17.0632 ], [ -95.8705, 17.0398 ], [ -95.8849, 17.0442 ], [ -95.902, 17.0632 ], [ -95.9109, 17.0654 ], [ -95.9416, 17.0881 ], [ -95.9491, 17.0834 ], [ -95.9708, 17.0812 ], [ -95.9798, 17.0937 ], [ -95.9944, 17.1049 ], [ -95.9778, 17.1098 ], [ -95.9678, 17.1044 ], [ -95.964, 17.1138 ], [ -95.9701, 17.1243 ], [ -95.9788, 17.1291 ], [ -95.963, 17.134 ], [ -95.9627, 17.1372 ], [ -95.9268, 17.1394 ], [ -95.9094, 17.1244 ], [ -95.911, 17.1205 ] ] ] } },
{ "type": "Feature", "properties": { "cvegeo": "20455", "municipio_inegi": "Santiago Ayuquililla", "clave": "santiago ayuquililla", "region": "Mixteca", "sin_dato_siap": false }, "geometry": { "type": "Polygon", "coordinates": [ [ [ -98.027, 17.9874 ], [ -97.9945, 17.9747 ], [ -98.0049, 17.9666 ], [ -98.0052, 17.9493 ], [ -97.9834, 17.9419 ], [ -97.9821, 17.9275 ], [ -97.967, 17.9364 ], [ -97.9647, 17.945 ], [ -97.9582, 17.9505 ], [ -97.936, 17.9248 ], [ -97.9363, 17.9172 ], [ -97.9208, 17.9173 ], [ -97.9031, 17.9092 ], [ -97.9069, 17.8994 ], [ -97.9085, 17.849 ], [ -97.9827, 17.8859 ], [ -97.9891, 17.9065 ], [ -97.9833, 17.9244 ], [ -98.0102, 17.9333 ], [ -98.0516, 17.9275 ], [ -98.0516, 17.9822 ], [ -98.0476, 17.9811 ], [ -98.0467, 17.9762 ], [ -98.0307, 17.9918 ], [ -98.027, 17.9874 ] ] ] } },
{ "type": "Feature", "properties": { "cvegeo": "20458", "municipio_inegi": "Santiago Comaltepec", "clave": "santiago comaltepec", "region": "Sierra Juárez", "sin_dato_siap": false }, "geometry": { "type": "Polygon", "coordinates": [ [ [ -96.2823, 17.7267 ], [ -96.2676, 17.7111 ], [ -96.2731, 17.7088 ], [ -96.2771, 17.6985 ], [ -96.2847, 17.6945 ], [ -96.2862, 17.6875 ], [ -96.2916, 17.686 ], [ -96.2941, 17.6802 ], [ -96.2917, 17.6772 ], [ -96.294, 17.6742 ], [ -96.2866, 17.6741 ], [ -96.292, 17.6611 ], [ -96.2854, 17.6536 ], [ -96.2915, 17.6535 ], [ -96.2924, 17.644 ], [ -96.3041, 17.647 ], [ -96.3057, 17.6393 ], [ -96.3109, 17.6388 ], [ -96.3029, 17.63 ], [ -96.2959, 17.6318 ], [ -96.2994, 17.6184 ], [ -96.2937, 17.6071 ], [ -96.3115, 17.6015 ], [ -96.3246, 17.5885 ], [ -96.3397, 17.5822 ], [ -96.3521, 17.5917 ], [ -96.3569, 17.5823 ], [ -96.3692, 17.5814 ], [ -96.3712, 17.5721 ], [ -96.3914, 17.5722 ], [ -96.4166, 17.5522 ], [ -96.424, 17.5564 ], [ -96.4449, 17.55 ], [ -96.4874, 17.5598 ], [ -96.5211, 17.5547 ], [ -96.5362, 17.5472 ], [ -96.5436, 17.5539 ], [ -96.553, 17.5485 ], [ -96.5599, 17.5522 ], [ -96.5727, 17.5509 ], [ -96.5868, 17.5642 ], [ -96.5811, 17.5905 ], [ -96.5697, 17.598 ], [ -96.5603, 17.5788 ], [ -96.5394, 17.5693 ], [ -96.5165, 17.5893 ], [ -96.5029, 17.587 ], [ -96.496, 17.5914 ], [ -96.4832, 17.592 ], [ -96.4732, 17.599 ], [ -96.4626, 17.5995 ], [ -96.451, 17.5882 ], [ -96.4413, 17.5861 ], [ -96.4296, 17.5936 ], [ -96.4227, 17.5927 ], [ -96.4203, 17.5966 ], [ -96.4182, 17.5941 ], [ -96.3967, 17.6196 ], [ -96.3822, 17.6267 ], [ -96.4076, 17.643 ], [ -96.3832, 17.674 ], [ -96.3769, 17.6637 ], [ -96.3163, 17.6976 ], [ -96.3043, 17.7194 ], [ -96.2823, 17.7267 ] ] ] } },
{ "type": "Feature", "properties": { "cvegeo": "20459", "municipio_inegi": "Villa de Santiago Chazumba", "clave": "villa de santiago chazumba", "region": "Mixteca", "sin_dato_siap": false }, "geometry": { "type": "Polygon", "coordinates": [ [ [ -97.6593, 18.2931 ], [ -97.644, 18.2794 ], [ -97.6375, 18.232 ], [ -97.6382, 18.2118 ], [ -97.634, 18.2001 ], [ -97.6359, 18.1936 ], [ -97.6516, 18.1769 ], [ -97.6546, 18.1796 ], [ -97.6663, 18.1611 ], [ -97.6434, 18.139 ], [ -97.6266, 18.1424 ], [ -97.623, 18.1371 ], [ -97.621, 18.1037 ], [ -97.615, 18.0926 ], [ -97.62, 18.0881 ], [ -97.6165, 18.0811 ], [ -97.6177, 18.0698 ], [ -97.6228, 18.0666 ], [ -97.6399, 18.0749 ], [ -97.6454, 18.0635 ], [ -97.6526, 18.0694 ], [ -97.6422, 18.0782 ], [ -97.6594, 18.0899 ], [ -97.6609, 18.083 ], [ -97.6678, 18.0798 ], [ -97.6721, 18.084 ], [ -97.6839, 18.0811 ], [ -97.6876, 18.0931 ], [ -97.6819, 18.1019 ], [ -97.6889, 18.1103 ], [ -97.6777, 18.1155 ], [ -97.6752, 18.1224 ], [ -97.6678, 18.1279 ], [ -97.6707, 18.1446 ], [ -97.6832, 18.1482 ], [ -97.6814, 18.1445 ], [ -97.7074, 18.1243 ], [ -97.7099, 18.1181 ], [ -97.725, 18.1111 ], [ -97.7369, 18.1242 ], [ -97.7494, 18.1259 ], [ -97.7614, 18.1227 ], [ -97.7667, 18.1277 ], [ -97.7681, 18.1382 ], [ -97.7456, 18.1496 ], [ -97.7319, 18.167 ], [ -97.7267, 18.1688 ], [ -97.7284, 18.1734 ], [ -97.7301, 18.17 ], [ -97.7371, 18.1763 ], [ -97.7417, 18.1746 ], [ -97.7426, 18.1808 ], [ -97.7504, 18.184 ], [ -97.7464, 18.2078 ], [ -97.7561, 18.2082 ], [ -97.7709, 18.2162 ], [ -97.7724, 18.1892 ], [ -97.7861, 18.186 ], [ -97.7877, 18.1731 ], [ -97.7983, 18.1708 ], [ -97.8306, 18.1713 ], [ -97.8346, 18.167 ], [ -97.8505, 18.1831 ], [ -97.8499, 18.1895 ], [ -97.8592, 18.1923 ], [ -97.8441, 18.2162 ], [ -97.823, 18.2234 ], [ -97.8276, 18.2369 ], [ -97.8155, 18.262 ], [ -97.7973, 18.2832 ], [ -97.7832, 18.2863 ], [ -97.7497, 18.2758 ], [ -97.7213, 18.276 ], [ -97.7109, 18.2853 ], [ -97.6997, 18.2882 ], [ -97.6593, 18.2931 ] ] ] } },
{ "type": "Feature", "properties": { "cvegeo": "20460", "municipio_inegi": "Santiago Choápam", "clave": "santiago choapam", "region": "Papaloapan", "sin_dato_siap": false }, "geometry": { "type": "MultiPolygon", "coordinates": [ [ [ [ -95.9561, 17.446 ], [ -95.9, 17.4387 ], [ -95.9165, 17.4242 ], [ -95.9203, 17.4185 ], [ -95.9192, 17.4117 ], [ -95.8969, 17.3986 ], [ -95.8803, 17.3962 ], [ -95.8714, 17.3875 ], [ -95.8633, 17.3877 ], [ -95.8595, 17.4035 ], [ -95.8476, 17.4115 ], [ -95.8253, 17.4022 ], [ -95.8198, 17.3974 ], [ -95.8239, 17.3944 ], [ -95.8237, 17.3851 ], [ -95.8275, 17.3797 ], [ -95.825, 17.3678 ], [ -95.8137, 17.3469 ], [ -95.8002, 17.3422 ], [ -95.7934, 17.344 ], [ -95.778, 17.3331 ], [ -95.7917, 17.3323 ], [ -95.795, 17.3132 ], [ -95.8065, 17.2938 ], [ -95.8374, 17.2596 ], [ -95.8486, 17.2637 ], [ -95.8548, 17.2603 ], [ -95.8758, 17.2734 ], [ -95.8814, 17.2819 ], [ -95.8961, 17.2791 ], [ -95.8996, 17.273 ], [ -95.9021, 17.2789 ], [ -95.8939, 17.303 ], [ -95.8887, 17.3053 ], [ -95.8905, 17.315 ], [ -95.8843, 17.3265 ], [ -95.887, 17.3304 ], [ -95.8809, 17.3359 ], [ -95.8834, 17.3393 ], [ -95.8864, 17.335 ], [ -95.9082, 17.3331 ], [ -95.9164, 17.3365 ], [ -95.9156, 17.3406 ], [ -95.9193, 17.3384 ], [ -95.9302, 17.3423 ], [ -95.9331, 17.3386 ], [ -95.9325, 17.341 ], [ -95.9449, 17.3435 ], [ -95.9553, 17.3713 ], [ -95.9687, 17.3797 ], [ -95.9908, 17.3796 ], [ -95.9966, 17.3857 ], [ -95.9986, 17.3855 ], [ -95.9995, 17.3804 ], [ -96.0077, 17.3781 ], [ -96.0097, 17.3709 ], [ -96.0195, 17.3703 ], [ -96.0241, 17.3649 ], [ -96.0312, 17.3686 ], [ -96.0367, 17.3626 ], [ -96.0439, 17.3658 ], [ -96.0384, 17.3437 ], [ -96.0775, 17.3709 ], [ -96.0771, 17.3825 ], [ -96.0854, 17.3905 ], [ -96.0692, 17.4049 ], [ -96.0636, 17.4041 ], [ -96.0633, 17.4116 ], [ -96.0427, 17.4306 ], [ -96.0425, 17.4457 ], [ -96.0329, 17.4547 ], [ -96.0197, 17.4533 ], [ -96.0204, 17.4624 ], [ -96.0125, 17.4614 ], [ -95.9973, 17.4494 ], [ -95.9756, 17.4555 ], [ -95.9674, 17.4538 ], [ -95.962, 17.4609 ], [ -95.9561, 17.446 ] ] ], [ [ [ -95.7369, 17.5166 ], [ -95.7244, 17.5037 ], [ -95.7371, 17.5013 ], [ -95.7382, 17.4949 ], [ -95.75, 17.4942 ], [ -95.751, 17.4866 ], [ -95.7395, 17.4759 ], [ -95.7408, 17.4726 ], [ -95.745, 17.4748 ], [ -95.7447, 17.4695 ], [ -95.7486, 17.4677 ], [ -95.7464, 17.4665 ], [ -95.7565, 17.4644 ], [ -95.7804, 17.469 ], [ -95.7803, 17.4762 ], [ -95.7716, 17.4782 ], [ -95.7689, 17.4911 ], [ -95.7596, 17.4946 ], [ -95.7709, 17.5133 ], [ -95.7645, 17.5174 ], [ -95.763, 17.5076 ], [ -95.7536, 17.5034 ], [ -95.7484, 17.5088 ], [ -95.7401, 17.5083 ], [ -95.7369, 17.5166 ] ] ] ] } },
{ "type": "Feature", "properties": { "cvegeo": "20461", "municipio_inegi": "Santiago del Río", "clave": "santiago del rio", "region": "Mixteca", "sin_dato_siap": false }, "geometry": { "type": "Polygon", "coordinates": [ [ [ -98.0715, 17.4803 ], [ -98.0646, 17.4729 ], [ -98.0708, 17.4489 ], [ -98.0928, 17.416 ], [ -98.0983, 17.3946 ], [ -98.1363, 17.3859 ], [ -98.1412, 17.3758 ], [ -98.1396, 17.3976 ], [ -98.1325, 17.4 ], [ -98.1334, 17.406 ], [ -98.1298, 17.4109 ], [ -98.1329, 17.4157 ], [ -98.1247, 17.4296 ], [ -98.116, 17.4346 ], [ -98.1081, 17.4493 ], [ -98.1117, 17.4543 ], [ -98.0966, 17.4663 ], [ -98.0895, 17.4645 ], [ -98.0856, 17.4677 ], [ -98.078, 17.4896 ], [ -98.0709, 17.4843 ], [ -98.0715, 17.4803 ] ] ] } },
{ "type": "Feature", "properties": { "cvegeo": "20463", "municipio_inegi": "Santiago Huauclilla", "clave": "santiago huauclilla", "region": "Mixteca", "sin_dato_siap": false }, "geometry": { "type": "Polygon", "coordinates": [ [ [ -96.9808, 17.5457 ], [ -96.9585, 17.5457 ], [ -96.9559, 17.5344 ], [ -96.976, 17.5088 ], [ -96.9861, 17.5074 ], [ -96.9907, 17.5008 ], [ -97.0131, 17.5006 ], [ -97.0175, 17.498 ], [ -97.019, 17.4802 ], [ -97.0323, 17.481 ], [ -97.0338, 17.4674 ], [ -97.0291, 17.4663 ], [ -97.0224, 17.4525 ], [ -97.0491, 17.4337 ], [ -97.0558, 17.4238 ], [ -97.0603, 17.4281 ], [ -97.0686, 17.4269 ], [ -97.0798, 17.4321 ], [ -97.1037, 17.4351 ], [ -97.112, 17.4535 ], [ -97.1302, 17.4721 ], [ -97.1073, 17.477 ], [ -97.1009, 17.4875 ], [ -97.097, 17.484 ], [ -97.0692, 17.4894 ], [ -97.081, 17.5183 ], [ -97.0493, 17.5268 ], [ -97.0414, 17.5348 ], [ -97.0217, 17.5151 ], [ -96.9954, 17.5064 ], [ -96.9936, 17.5224 ], [ -97.0164, 17.5408 ], [ -97.0116, 17.5516 ], [ -96.9933, 17.546 ], [ -96.9874, 17.556 ], [ -96.9777, 17.5509 ], [ -96.9808, 17.5457 ] ] ] } },
{ "type": "Feature", "properties": { "cvegeo": "20464", "municipio_inegi": "Santiago Ihuitlán Plumas", "clave": "santiago ihuitlan plumas", "region": "Mixteca", "sin_dato_siap": false }, "geometry": { "type": "Polygon", "coordinates": [ [ [ -97.5221, 17.9393 ], [ -97.4502, 17.9085 ], [ -97.4359, 17.8919 ], [ -97.4064, 17.8687 ], [ -97.4025, 17.8598 ], [ -97.393, 17.8631 ], [ -97.3886, 17.8259 ], [ -97.4064, 17.8214 ], [ -97.4278, 17.8287 ], [ -97.4311, 17.8354 ], [ -97.4284, 17.843 ], [ -97.4338, 17.8772 ], [ -97.4703, 17.8897 ], [ -97.4925, 17.9114 ], [ -97.5396, 17.9203 ], [ -97.5221, 17.9393 ] ] ] } },
{ "type": "Feature", "properties": { "cvegeo": "20465", "municipio_inegi": "Santiago Ixcuintepec", "clave": "santiago ixcuintepec", "region": "Istmo", "sin_dato_siap": false }, "geometry": { "type": "Polygon", "coordinates": [ [ [ -95.5632, 16.9817 ], [ -95.5666, 16.9654 ], [ -95.5619, 16.968 ], [ -95.5574, 16.9636 ], [ -95.5506, 16.9658 ], [ -95.5399, 16.9482 ], [ -95.531, 16.9493 ], [ -95.531, 16.9442 ], [ -95.5278, 16.9453 ], [ -95.5168, 16.9359 ], [ -95.5127, 16.937 ], [ -95.5027, 16.9299 ], [ -95.5059, 16.9248 ], [ -95.4951, 16.9203 ], [ -95.4954, 16.9101 ], [ -95.5041, 16.9065 ], [ -95.5094, 16.8984 ], [ -95.5491, 16.902 ], [ -95.5804, 16.8824 ], [ -95.5781, 16.8654 ], [ -95.5911, 16.8713 ], [ -95.5899, 16.8807 ], [ -95.6097, 16.8775 ], [ -95.6136, 16.8887 ], [ -95.6585, 16.9077 ], [ -95.6494, 16.9455 ], [ -95.6407, 16.9446 ], [ -95.6068, 16.9707 ], [ -95.6053, 16.9785 ], [ -95.5822, 16.9898 ], [ -95.5632, 16.9817 ] ] ] } },
{ "type": "Feature", "properties": { "cvegeo": "20466", "municipio_inegi": "Santiago Ixtayutla", "clave": "santiago ixtayutla", "region": "Costa", "sin_dato_siap": false }, "geometry": { "type": "Polygon", "coordinates": [ [ [ -97.7938, 16.6216 ], [ -97.7447, 16.6237 ], [ -97.7227, 16.6141 ], [ -97.7166, 16.6205 ], [ -97.703, 16.6222 ], [ -97.6826, 16.6177 ], [ -97.6599, 16.6175 ], [ -97.6333, 16.6064 ], [ -97.6254, 16.6091 ], [ -97.6195, 16.6008 ], [ -97.6236, 16.5939 ], [ -97.6224, 16.5866 ], [ -97.5879, 16.584 ], [ -97.5792, 16.574 ], [ -97.5704, 16.5705 ], [ -97.5698, 16.5562 ], [ -97.5467, 16.5145 ], [ -97.5545, 16.5133 ], [ -97.5655, 16.503 ], [ -97.5394, 16.504 ], [ -97.541, 16.4794 ], [ -97.5535, 16.4779 ], [ -97.5543, 16.4721 ], [ -97.5609, 16.4682 ], [ -97.5652, 16.4591 ], [ -97.5725, 16.4677 ], [ -97.5777, 16.4623 ], [ -97.5874, 16.4596 ], [ -97.594, 16.4478 ], [ -97.6021, 16.4459 ], [ -97.6094, 16.4356 ], [ -97.6138, 16.4396 ], [ -97.6183, 16.4378 ], [ -97.62, 16.4524 ], [ -97.6304, 16.4651 ], [ -97.6638, 16.4761 ], [ -97.6749, 16.4643 ], [ -97.7089, 16.4844 ], [ -97.7147, 16.4746 ], [ -97.7261, 16.4708 ], [ -97.7367, 16.4788 ], [ -97.7337, 16.483 ], [ -97.7481, 16.4983 ], [ -97.7523, 16.4797 ], [ -97.7638, 16.4766 ], [ -97.7875, 16.4775 ], [ -97.8092, 16.4837 ], [ -97.8147, 16.4809 ], [ -97.8205, 16.4839 ], [ -97.8365, 16.4826 ], [ -97.8417, 16.4779 ], [ -97.8543, 16.481 ], [ -97.8497, 16.4852 ], [ -97.8464, 16.5106 ], [ -97.8328, 16.5137 ], [ -97.8279, 16.5432 ], [ -97.8394, 16.5363 ], [ -97.8504, 16.5463 ], [ -97.8594, 16.5657 ], [ -97.8396, 16.578 ], [ -97.8419, 16.5933 ], [ -97.8269, 16.5968 ], [ -97.8043, 16.5885 ], [ -97.7984, 16.6007 ], [ -97.779, 16.5931 ], [ -97.7938, 16.6216 ] ] ] } },
{ "type": "Feature", "properties": { "cvegeo": "20467", "municipio_inegi": "Santiago Jamiltepec", "clave": "santiago jamiltepec", "region": "Costa", "sin_dato_siap": false }, "geometry": { "type": "Polygon", "coordinates": [ [ [ -97.6981, 16.443 ], [ -97.7075, 16.4057 ], [ -97.7018, 16.3894 ], [ -97.7023, 16.3741 ], [ -97.696, 16.3627 ], [ -97.6832, 16.3527 ], [ -97.6864, 16.3436 ], [ -97.7054, 16.3079 ], [ -97.7169, 16.3188 ], [ -97.7483, 16.3376 ], [ -97.754, 16.3366 ], [ -97.7587, 16.3422 ], [ -97.7713, 16.3389 ], [ -97.7806, 16.3423 ], [ -97.7777, 16.335 ], [ -97.7874, 16.3182 ], [ -97.7749, 16.2791 ], [ -97.765, 16.2699 ], [ -97.7672, 16.2536 ], [ -97.7384, 16.2418 ], [ -97.6598, 16.2522 ], [ -97.6496, 16.2552 ], [ -97.6384, 16.2652 ], [ -97.6103, 16.2577 ], [ -97.5987, 16.2592 ], [ -97.5918, 16.252 ], [ -97.6074, 16.2334 ], [ -97.6092, 16.2235 ], [ -97.616, 16.2346 ], [ -97.6241, 16.2359 ], [ -97.6232, 16.2136 ], [ -97.6303, 16.2058 ], [ -97.6401, 16.2062 ], [ -97.6533, 16.2293 ], [ -97.6695, 16.2386 ], [ -97.7212, 16.2094 ], [ -97.7232, 16.2025 ], [ -97.7172, 16.1899 ], [ -97.7262, 16.1831 ], [ -97.7371, 16.1649 ], [ -97.7426, 16.1661 ], [ -97.7442, 16.1461 ], [ -97.7348, 16.1331 ], [ -97.7369, 16.1212 ], [ -97.7308, 16.0956 ], [ -97.7265, 16.0902 ], [ -97.7359, 16.085 ], [ -97.7319, 16.0742 ], [ -97.7526, 16.0373 ], [ -97.7638, 16.0261 ], [ -97.7754, 16.0302 ], [ -97.7895, 16.0165 ], [ -97.7915, 16.0002 ], [ -97.7825, 15.9952 ], [ -97.7905, 15.9857 ], [ -97.8062, 15.9985 ], [ -97.8572, 16.0273 ], [ -97.9081, 16.0652 ], [ -97.8839, 16.1528 ], [ -97.878, 16.1934 ], [ -97.8496, 16.2661 ], [ -97.8611, 16.296 ], [ -97.8333, 16.299 ], [ -97.7923, 16.347 ], [ -97.7964, 16.3578 ], [ -97.7722, 16.4043 ], [ -97.7709, 16.4121 ], [ -97.7736, 16.4135 ], [ -97.7569, 16.441 ], [ -97.7372, 16.461 ], [ -97.7098, 16.4638 ], [ -97.6981, 16.443 ] ] ] } },
{ "type": "Feature", "properties": { "cvegeo": "20468", "municipio_inegi": "Santiago Jocotepec", "clave": "santiago jocotepec", "region": "Papaloapan", "sin_dato_siap": false }, "geometry": { "type": "Polygon", "coordinates": [ [ [ -95.9736, 17.8149 ], [ -95.9644, 17.8048 ], [ -95.9663, 17.7981 ], [ -95.9625, 17.7837 ], [ -95.9581, 17.7898 ], [ -95.9458, 17.7879 ], [ -95.9455, 17.7922 ], [ -95.9383, 17.7944 ], [ -95.9355, 17.788 ], [ -95.9262, 17.7833 ], [ -95.9134, 17.79 ], [ -95.9037, 17.77 ], [ -95.8988, 17.7657 ], [ -95.8908, 17.7687 ], [ -95.8926, 17.7603 ], [ -95.8992, 17.7536 ], [ -95.9019, 17.7296 ], [ -95.8951, 17.7276 ], [ -95.8921, 17.7206 ], [ -95.8856, 17.7268 ], [ -95.8722, 17.7263 ], [ -95.8745, 17.7164 ], [ -95.8828, 17.717 ], [ -95.894, 17.7123 ], [ -95.8942, 17.7057 ], [ -95.8994, 17.7055 ], [ -95.8977, 17.6942 ], [ -95.903, 17.6954 ], [ -95.9037, 17.6902 ], [ -95.8934, 17.6862 ], [ -95.891, 17.6778 ], [ -95.883, 17.6728 ], [ -95.8802, 17.6602 ], [ -95.8684, 17.6542 ], [ -95.8704, 17.65 ], [ -95.8664, 17.6418 ], [ -95.8688, 17.631 ], [ -95.8661, 17.6267 ], [ -95.8699, 17.6173 ], [ -95.8594, 17.6043 ], [ -95.8712, 17.5845 ], [ -95.8807, 17.5802 ], [ -95.8814, 17.5673 ], [ -95.8951, 17.5674 ], [ -95.8947, 17.5555 ], [ -95.928, 17.5375 ], [ -95.9226, 17.5307 ], [ -95.9007, 17.5282 ], [ -95.8992, 17.5248 ], [ -95.894, 17.5098 ], [ -95.8976, 17.4895 ], [ -95.9052, 17.4826 ], [ -95.9078, 17.4828 ], [ -95.9066, 17.4863 ], [ -95.9122, 17.4845 ], [ -95.9156, 17.4915 ], [ -95.9587, 17.4938 ], [ -95.9969, 17.5211 ], [ -95.9943, 17.5396 ], [ -95.9978, 17.5486 ], [ -96.0072, 17.5478 ], [ -96.0163, 17.5523 ], [ -96.0208, 17.5568 ], [ -96.017, 17.5598 ], [ -96.0219, 17.563 ], [ -96.0256, 17.5731 ], [ -96.0515, 17.5733 ], [ -96.0564, 17.587 ], [ -96.0717, 17.5864 ], [ -96.0854, 17.5999 ], [ -96.0924, 17.6004 ], [ -96.0993, 17.6099 ], [ -96.1085, 17.6107 ], [ -96.1275, 17.6234 ], [ -96.0937, 17.6259 ], [ -96.0867, 17.6316 ], [ -96.0948, 17.6448 ], [ -96.1127, 17.6506 ], [ -96.1189, 17.6564 ], [ -96.1151, 17.6631 ], [ -96.1174, 17.6684 ], [ -96.1093, 17.6712 ], [ -96.1024, 17.7033 ], [ -96.1152, 17.7153 ], [ -96.1156, 17.7259 ], [ -96.1079, 17.7311 ], [ -96.0903, 17.7319 ], [ -96.0868, 17.7487 ], [ -96.0786, 17.7537 ], [ -96.0759, 17.7637 ], [ -96.0621, 17.7606 ], [ -96.0521, 17.7731 ], [ -96.0432, 17.7737 ], [ -96.0364, 17.7798 ], [ -96.0214, 17.7775 ], [ -96.018, 17.7848 ], [ -96.011, 17.7812 ], [ -96.0101, 17.7888 ], [ -96.0022, 17.7906 ], [ -96.0009, 17.7988 ], [ -95.9872, 17.8066 ], [ -95.9821, 17.8048 ], [ -95.9796, 17.8124 ], [ -95.9757, 17.8103 ], [ -95.9736, 17.8149 ] ] ] } },
{ "type": "Feature", "properties": { "cvegeo": "20469", "municipio_inegi": "Santiago Juxtlahuaca", "clave": "santiago juxtlahuaca", "region": "Mixteca", "sin_dato_siap": false }, "geometry": { "type": "Polygon", "coordinates": [ [ [ -98.0175, 17.3972 ], [ -98.0022, 17.3927 ], [ -97.9836, 17.39 ], [ -97.9602, 17.3598 ], [ -97.9402, 17.3464 ], [ -97.9351, 17.3356 ], [ -97.9029, 17.3493 ], [ -97.9116, 17.3297 ], [ -97.9441, 17.3168 ], [ -97.9488, 17.3046 ], [ -97.9268, 17.2637 ], [ -97.8948, 17.2338 ], [ -97.91, 17.2158 ], [ -97.9158, 17.2024 ], [ -97.8999, 17.1799 ], [ -97.8919, 17.1785 ], [ -97.8825, 17.183 ], [ -97.8861, 17.1779 ], [ -97.8821, 17.1721 ], [ -97.8814, 17.1495 ], [ -97.8911, 17.1519 ], [ -97.8857, 17.1473 ], [ -97.8856, 17.1292 ], [ -97.8946, 17.1282 ], [ -97.8822, 17.0931 ], [ -97.874, 17.0954 ], [ -97.8732, 17.0911 ], [ -97.876, 17.0618 ], [ -97.8911, 17.0459 ], [ -97.9264, 17.0494 ], [ -97.9605, 17.0693 ], [ -97.9692, 17.0545 ], [ -97.9762, 17.0623 ], [ -97.982, 17.0637 ], [ -98.0021, 17.0601 ], [ -98.0137, 17.0714 ], [ -98.0167, 17.0887 ], [ -98.0354, 17.0849 ], [ -98.0396, 17.0748 ], [ -98.0518, 17.0743 ], [ -98.036, 17.0688 ], [ -98.0406, 17.0653 ], [ -98.0275, 17.0622 ], [ -98.0256, 17.0559 ], [ -98.0133, 17.062 ], [ -97.9922, 17.0489 ], [ -97.9893, 17.0362 ], [ -97.9819, 17.0317 ], [ -97.9802, 17.0246 ], [ -97.9978, 17.0185 ], [ -98.0252, 17.0192 ], [ -98.0073, 17.0401 ], [ -98.0457, 17.0573 ], [ -98.0726, 17.0644 ], [ -98.0604, 17.0787 ], [ -98.0605, 17.1079 ], [ -98.0697, 17.1241 ], [ -98.0858, 17.1177 ], [ -98.0842, 17.106 ], [ -98.0988, 17.0839 ], [ -98.118, 17.0955 ], [ -98.13, 17.0955 ], [ -98.15, 17.1024 ], [ -98.1534, 17.1104 ], [ -98.1835, 17.1177 ], [ -98.1797, 17.1171 ], [ -98.1773, 17.1211 ], [ -98.1731, 17.1189 ], [ -98.1662, 17.1252 ], [ -98.1603, 17.1672 ], [ -98.1638, 17.1875 ], [ -98.1716, 17.1921 ], [ -98.1571, 17.1985 ], [ -98.1655, 17.2184 ], [ -98.1749, 17.2248 ], [ -98.173, 17.2415 ], [ -98.168, 17.2489 ], [ -98.2023, 17.2312 ], [ -98.2106, 17.2436 ], [ -98.2088, 17.2558 ], [ -98.2117, 17.2612 ], [ -98.1953, 17.2619 ], [ -98.1976, 17.2759 ], [ -98.1863, 17.2867 ], [ -98.1671, 17.2828 ], [ -98.1272, 17.2533 ], [ -98.1201, 17.2286 ], [ -98.1085, 17.2221 ], [ -98.0837, 17.2611 ], [ -98.0785, 17.2937 ], [ -98.046, 17.3274 ], [ -98.0287, 17.3333 ], [ -98.0249, 17.3374 ], [ -98.0261, 17.3442 ], [ -98.0157, 17.3468 ], [ -98.0192, 17.3695 ], [ -98.0148, 17.3801 ], [ -98.0175, 17.3972 ] ] ] } },
{ "type": "Feature", "properties": { "cvegeo": "20470", "municipio_inegi": "Santiago Lachiguiri", "clave": "santiago lachiguiri", "region": "Istmo", "sin_dato_siap": false }, "geometry": { "type": "Polygon", "coordinates": [ [ [ -95.4484, 16.925 ], [ -95.4407, 16.9481 ], [ -95.4195, 16.918 ], [ -95.4241, 16.9145 ], [ -95.4247, 16.9073 ], [ -95.4155, 16.8957 ], [ -95.4197, 16.886 ], [ -95.4177, 16.8811 ], [ -95.4235, 16.8761 ], [ -95.4085, 16.8693 ], [ -95.4106, 16.8627 ], [ -95.4196, 16.8561 ], [ -95.4251, 16.8607 ], [ -95.429, 16.8546 ], [ -95.4325, 16.8568 ], [ -95.4374, 16.8516 ], [ -95.4507, 16.8528 ], [ -95.4658, 16.8428 ], [ -95.483, 16.8392 ], [ -95.4868, 16.8349 ], [ -95.4701, 16.8153 ], [ -95.4637, 16.7731 ], [ -95.4748, 16.7592 ], [ -95.487, 16.7589 ], [ -95.4885, 16.7414 ], [ -95.4839, 16.7417 ], [ -95.479, 16.7358 ], [ -95.4818, 16.7256 ], [ -95.4771, 16.7273 ], [ -95.4856, 16.701 ], [ -95.4555, 16.667 ], [ -95.5018, 16.6189 ], [ -95.532, 16.6271 ], [ -95.5424, 16.6165 ], [ -95.5428, 16.6066 ], [ -95.5457, 16.6071 ], [ -95.5593, 16.6218 ], [ -95.5573, 16.6374 ], [ -95.569, 16.6342 ], [ -95.5755, 16.6383 ], [ -95.5743, 16.6457 ], [ -95.5803, 16.6479 ], [ -95.5807, 16.6532 ], [ -95.5879, 16.6525 ], [ -95.6032, 16.6649 ], [ -95.6132, 16.6671 ], [ -95.6207, 16.6785 ], [ -95.631, 16.6816 ], [ -95.6277, 16.6884 ], [ -95.6315, 16.6905 ], [ -95.641, 16.682 ], [ -95.6433, 16.6862 ], [ -95.6491, 16.6844 ], [ -95.6594, 16.6907 ], [ -95.668, 16.6889 ], [ -95.6732, 16.6917 ], [ -95.6714, 16.6964 ], [ -95.6825, 16.7 ], [ -95.6279, 16.731 ], [ -95.6266, 16.7272 ], [ -95.6336, 16.7214 ], [ -95.6211, 16.7221 ], [ -95.6124, 16.712 ], [ -95.6008, 16.7391 ], [ -95.5681, 16.7686 ], [ -95.5647, 16.8112 ], [ -95.5564, 16.819 ], [ -95.5636, 16.8219 ], [ -95.5716, 16.8158 ], [ -95.5831, 16.8139 ], [ -95.5956, 16.8222 ], [ -95.5774, 16.8323 ], [ -95.565, 16.8444 ], [ -95.5773, 16.8654 ], [ -95.5804, 16.8824 ], [ -95.5491, 16.902 ], [ -95.5211, 16.8991 ], [ -95.5182, 16.8936 ], [ -95.5206, 16.8879 ], [ -95.5157, 16.8903 ], [ -95.4982, 16.8827 ], [ -95.479, 16.8903 ], [ -95.4772, 16.8963 ], [ -95.4684, 16.8804 ], [ -95.4517, 16.9177 ], [ -95.4566, 16.9183 ], [ -95.4602, 16.9275 ], [ -95.4788, 16.9326 ], [ -95.4862, 16.9214 ], [ -95.4938, 16.9218 ], [ -95.5127, 16.937 ], [ -95.5168, 16.9359 ], [ -95.5278, 16.9453 ], [ -95.531, 16.9442 ], [ -95.5303, 16.9506 ], [ -95.5025, 16.9609 ], [ -95.4984, 16.972 ], [ -95.4933, 16.9738 ], [ -95.4484, 16.925 ] ], [ [ -95.5456, 16.7585 ], [ -95.5524, 16.7593 ], [ -95.5618, 16.75 ], [ -95.5704, 16.7475 ], [ -95.557, 16.7355 ], [ -95.5583, 16.7286 ], [ -95.5491, 16.7287 ], [ -95.5441, 16.7244 ], [ -95.5408, 16.7336 ], [ -95.5219, 16.7398 ], [ -95.5262, 16.7423 ], [ -95.535, 16.7379 ], [ -95.527, 16.7551 ], [ -95.533, 16.7538 ], [ -95.5273, 16.761 ], [ -95.543, 16.762 ], [ -95.5456, 16.7585 ] ] ] } },
{ "type": "Feature", "properties": { "cvegeo": "20472", "municipio_inegi": "Santiago Laollaga", "clave": "santiago laollaga", "region": "Istmo", "sin_dato_siap": false }, "geometry": { "type": "Polygon", "coordinates": [ [ [ -95.2421, 16.7304 ], [ -95.2402, 16.7185 ], [ -95.2354, 16.7254 ], [ -95.2272, 16.719 ], [ -95.1997, 16.7117 ], [ -95.1984, 16.6235 ], [ -95.1854, 16.6118 ], [ -95.1773, 16.6111 ], [ -95.1849, 16.589 ], [ -95.1869, 16.5525 ], [ -95.1915, 16.5528 ], [ -95.2023, 16.5355 ], [ -95.2659, 16.5444 ], [ -95.3315, 16.5749 ], [ -95.3433, 16.5955 ], [ -95.3403, 16.5975 ], [ -95.3428, 16.6025 ], [ -95.3801, 16.6016 ], [ -95.3756, 16.6327 ], [ -95.3531, 16.6437 ], [ -95.3352, 16.6291 ], [ -95.3219, 16.6386 ], [ -95.3093, 16.6414 ], [ -95.3159, 16.6508 ], [ -95.3223, 16.6493 ], [ -95.3178, 16.6583 ], [ -95.3054, 16.6568 ], [ -95.3053, 16.6696 ], [ -95.3091, 16.6745 ], [ -95.2995, 16.6754 ], [ -95.3043, 16.6801 ], [ -95.3024, 16.6958 ], [ -95.292, 16.7015 ], [ -95.2869, 16.7018 ], [ -95.2825, 16.6949 ], [ -95.2737, 16.7001 ], [ -95.2608, 16.7012 ], [ -95.2486, 16.7303 ], [ -95.2421, 16.7304 ] ] ] } },
{ "type": "Feature", "properties": { "cvegeo": "20473", "municipio_inegi": "Santiago Laxopa", "clave": "santiago laxopa", "region": "Sierra Juárez", "sin_dato_siap": false }, "geometry": { "type": "Polygon", "coordinates": [ [ [ -96.3468, 17.2741 ], [ -96.3242, 17.2709 ], [ -96.3138, 17.2557 ], [ -96.3066, 17.2548 ], [ -96.2868, 17.2427 ], [ -96.2802, 17.2306 ], [ -96.2661, 17.227 ], [ -96.2683, 17.2234 ], [ -96.2568, 17.2095 ], [ -96.2546, 17.2007 ], [ -96.2718, 17.1926 ], [ -96.2932, 17.1931 ], [ -96.314, 17.204 ], [ -96.3401, 17.1798 ], [ -96.3411, 17.1676 ], [ -96.3155, 17.1786 ], [ -96.3014, 17.1682 ], [ -96.2742, 17.1652 ], [ -96.2727, 17.1579 ], [ -96.2913, 17.1495 ], [ -96.294, 17.1427 ], [ -96.3041, 17.1388 ], [ -96.3235, 17.1424 ], [ -96.3378, 17.135 ], [ -96.347, 17.1244 ], [ -96.356, 17.1213 ], [ -96.3605, 17.1335 ], [ -96.3796, 17.155 ], [ -96.3701, 17.1613 ], [ -96.3673, 17.1726 ], [ -96.3722, 17.212 ], [ -96.3618, 17.2309 ], [ -96.3571, 17.2651 ], [ -96.3468, 17.2741 ] ] ] } },
{ "type": "Feature", "properties": { "cvegeo": "20474", "municipio_inegi": "Santiago Llano Grande", "clave": "santiago llano grande", "region": "Costa", "sin_dato_siap": false }, "geometry": { "type": "Polygon", "coordinates": [ [ [ -98.2917, 16.5701 ], [ -98.2928, 16.5578 ], [ -98.2822, 16.5464 ], [ -98.2777, 16.5128 ], [ -98.2023, 16.5103 ], [ -98.2012, 16.4971 ], [ -98.21, 16.4902 ], [ -98.2115, 16.48 ], [ -98.1972, 16.4773 ], [ -98.2079, 16.4759 ], [ -98.2102, 16.4694 ], [ -98.2126, 16.4591 ], [ -98.2067, 16.4528 ], [ -98.2069, 16.4393 ], [ -98.2166, 16.4366 ], [ -98.2203, 16.4057 ], [ -98.2569, 16.4111 ], [ -98.2547, 16.4598 ], [ -98.2565, 16.4545 ], [ -98.2786, 16.4553 ], [ -98.2834, 16.4588 ], [ -98.2793, 16.4618 ], [ -98.2839, 16.468 ], [ -98.2897, 16.467 ], [ -98.2981, 16.4746 ], [ -98.3102, 16.4707 ], [ -98.3134, 16.4751 ], [ -98.3085, 16.4832 ], [ -98.3133, 16.4911 ], [ -98.3122, 16.509 ], [ -98.3186, 16.539 ], [ -98.3166, 16.5699 ], [ -98.2917, 16.5701 ] ] ] } },
{ "type": "Feature", "properties": { "cvegeo": "20510", "municipio_inegi": "Santo Domingo Ixcatlán", "clave": "santo domingo ixcatlan", "region": "Mixteca", "sin_dato_siap": false }, "geometry": { "type": "Polygon", "coordinates": [ [ [ -97.5071, 16.9324 ], [ -97.5106, 16.9156 ], [ -97.5024, 16.9048 ], [ -97.5081, 16.9019 ], [ -97.5114, 16.8858 ], [ -97.5186, 16.8813 ], [ -97.5299, 16.8816 ], [ -97.5435, 16.9038 ], [ -97.5396, 16.9199 ], [ -97.5431, 16.9261 ], [ -97.5376, 16.9319 ], [ -97.5197, 16.9313 ], [ -97.5107, 16.937 ], [ -97.5071, 16.9324 ] ] ] } },
{ "type": "Feature", "properties": { "cvegeo": "20511", "municipio_inegi": "Santo Domingo Nuxaá", "clave": "santo domingo nuxaa", "region": "Mixteca", "sin_dato_siap": false }, "geometry": { "type": "Polygon", "coordinates": [ [ [ -97.1287, 17.2314 ], [ -97.0729, 17.2239 ], [ -97.0403, 17.2033 ], [ -96.9947, 17.1836 ], [ -96.9914, 17.1851 ], [ -96.9827, 17.1778 ], [ -96.9866, 17.1451 ], [ -97.0009, 17.1337 ], [ -97.0073, 17.1196 ], [ -97.0288, 17.1175 ], [ -97.0312, 17.0993 ], [ -97.0403, 17.0897 ], [ -97.0518, 17.0855 ], [ -97.0544, 17.0889 ], [ -97.054, 17.1116 ], [ -97.0629, 17.1227 ], [ -97.0666, 17.1461 ], [ -97.0946, 17.1598 ], [ -97.1076, 17.1748 ], [ -97.1285, 17.1624 ], [ -97.1702, 17.2014 ], [ -97.131, 17.2379 ], [ -97.1287, 17.2314 ] ] ] } },
{ "type": "Feature", "properties": { "cvegeo": "20475", "municipio_inegi": "Santiago Matatlán", "clave": "santiago matatlan", "region": "Valles Centrales", "sin_dato_siap": false }, "geometry": { "type": "Polygon", "coordinates": [ [ [ -96.336, 16.8381 ], [ -96.3491, 16.8036 ], [ -96.3668, 16.8192 ], [ -96.4019, 16.8108 ], [ -96.4116, 16.8141 ], [ -96.4153, 16.7652 ], [ -96.4241, 16.7468 ], [ -96.4157, 16.7393 ], [ -96.4039, 16.6971 ], [ -96.4049, 16.6934 ], [ -96.418, 16.6898 ], [ -96.4122, 16.7225 ], [ -96.4153, 16.7233 ], [ -96.4189, 16.7362 ], [ -96.4326, 16.7397 ], [ -96.4666, 16.7599 ], [ -96.4548, 16.7662 ], [ -96.4897, 16.7925 ], [ -96.502, 16.8215 ], [ -96.5187, 16.832 ], [ -96.5338, 16.8517 ], [ -96.5194, 16.8629 ], [ -96.5185, 16.8678 ], [ -96.4936, 16.8577 ], [ -96.4851, 16.8625 ], [ -96.439, 16.8333 ], [ -96.4263, 16.8412 ], [ -96.4219, 16.8847 ], [ -96.4269, 16.9114 ], [ -96.4152, 16.9185 ], [ -96.3938, 16.9009 ], [ -96.3537, 16.8863 ], [ -96.3332, 16.8748 ], [ -96.3247, 16.8508 ], [ -96.336, 16.8381 ] ] ] } },
{ "type": "Feature", "properties": { "cvegeo": "20478", "municipio_inegi": "Santiago Nacaltepec", "clave": "santiago nacaltepec", "region": "Cañada", "sin_dato_siap": false }, "geometry": { "type": "Polygon", "coordinates": [ [ [ -96.8779, 17.5889 ], [ -96.8666, 17.5282 ], [ -96.8537, 17.518 ], [ -96.8387, 17.515 ], [ -96.8377, 17.509 ], [ -96.8299, 17.504 ], [ -96.7996, 17.4989 ], [ -96.7959, 17.4895 ], [ -96.8239, 17.491 ], [ -96.8295, 17.4812 ], [ -96.8375, 17.4822 ], [ -96.8431, 17.4769 ], [ -96.8531, 17.477 ], [ -96.8725, 17.4471 ], [ -96.9302, 17.4131 ], [ -96.9332, 17.4313 ], [ -96.9281, 17.4489 ], [ -96.9453, 17.4846 ], [ -96.9585, 17.5457 ], [ -96.9808, 17.5457 ], [ -96.9777, 17.5509 ], [ -97.0084, 17.567 ], [ -97.0021, 17.5742 ], [ -97.0049, 17.5798 ], [ -97.0015, 17.5791 ], [ -97.0007, 17.5885 ], [ -96.9788, 17.6035 ], [ -96.9475, 17.6162 ], [ -96.941, 17.6041 ], [ -96.946, 17.6013 ], [ -96.8779, 17.5889 ] ] ] } },
{ "type": "Feature", "properties": { "cvegeo": "20476", "municipio_inegi": "Santiago Miltepec", "clave": "santiago miltepec", "region": "Mixteca", "sin_dato_siap": false }, "geometry": { "type": "Polygon", "coordinates": [ [ [ -97.6871, 18.0169 ], [ -97.6845, 17.9976 ], [ -97.6893, 17.9879 ], [ -97.6832, 17.9763 ], [ -97.6754, 17.9743 ], [ -97.674, 17.9661 ], [ -97.6822, 17.9592 ], [ -97.6811, 17.9495 ], [ -97.7072, 17.9467 ], [ -97.7386, 17.9603 ], [ -97.7446, 17.9562 ], [ -97.752, 17.9729 ], [ -97.7685, 17.9769 ], [ -97.7649, 17.9908 ], [ -97.7696, 17.9976 ], [ -97.7648, 18.0068 ], [ -97.7535, 18.0047 ], [ -97.7285, 18.0122 ], [ -97.7187, 18.0038 ], [ -97.6997, 18.0016 ], [ -97.699, 18.0223 ], [ -97.6865, 18.0287 ], [ -97.6938, 18.0173 ], [ -97.6871, 18.0169 ] ] ] } },
{ "type": "Feature", "properties": { "cvegeo": "20477", "municipio_inegi": "Santiago Minas", "clave": "santiago minas", "region": "Valles Centrales", "sin_dato_siap": false }, "geometry": { "type": "Polygon", "coordinates": [ [ [ -97.305, 16.498 ], [ -97.2864, 16.4935 ], [ -97.2737, 16.4966 ], [ -97.2714, 16.4917 ], [ -97.2584, 16.4952 ], [ -97.2577, 16.492 ], [ -97.2477, 16.4886 ], [ -97.248, 16.4911 ], [ -97.2367, 16.4951 ], [ -97.1894, 16.4713 ], [ -97.1789, 16.4774 ], [ -97.1647, 16.4762 ], [ -97.1602, 16.4585 ], [ -97.171, 16.438 ], [ -97.175, 16.4375 ], [ -97.1786, 16.4246 ], [ -97.1814, 16.4225 ], [ -97.1915, 16.4255 ], [ -97.2055, 16.4196 ], [ -97.2046, 16.4054 ], [ -97.2121, 16.4056 ], [ -97.2107, 16.3983 ], [ -97.2217, 16.3898 ], [ -97.2213, 16.3804 ], [ -97.2263, 16.3737 ], [ -97.2414, 16.3701 ], [ -97.2521, 16.3776 ], [ -97.2585, 16.3699 ], [ -97.2845, 16.3887 ], [ -97.2909, 16.3832 ], [ -97.296, 16.3918 ], [ -97.3016, 16.389 ], [ -97.3059, 16.3943 ], [ -97.3107, 16.3861 ], [ -97.3191, 16.3856 ], [ -97.3198, 16.3911 ], [ -97.3102, 16.3973 ], [ -97.3105, 16.401 ], [ -97.3185, 16.4019 ], [ -97.3235, 16.3956 ], [ -97.3281, 16.3983 ], [ -97.3286, 16.4058 ], [ -97.3205, 16.4112 ], [ -97.3224, 16.4167 ], [ -97.3307, 16.4156 ], [ -97.3337, 16.423 ], [ -97.3453, 16.417 ], [ -97.3607, 16.4187 ], [ -97.3654, 16.4292 ], [ -97.3722, 16.4311 ], [ -97.3815, 16.4442 ], [ -97.3788, 16.4495 ], [ -97.3813, 16.4525 ], [ -97.3706, 16.4608 ], [ -97.3521, 16.4607 ], [ -97.3443, 16.4685 ], [ -97.338, 16.4667 ], [ -97.339, 16.4638 ], [ -97.3341, 16.464 ], [ -97.3348, 16.4688 ], [ -97.3295, 16.4661 ], [ -97.3274, 16.4766 ], [ -97.3216, 16.4729 ], [ -97.3149, 16.477 ], [ -97.3178, 16.4807 ], [ -97.3014, 16.4917 ], [ -97.305, 16.498 ] ] ] } },
{ "type": "Feature", "properties": { "cvegeo": "20479", "municipio_inegi": "Santiago Nejapilla", "clave": "santiago nejapilla", "region": "Mixteca", "sin_dato_siap": false }, "geometry": { "type": "Polygon", "coordinates": [ [ [ -97.3862, 17.4587 ], [ -97.3803, 17.4434 ], [ -97.3651, 17.4288 ], [ -97.3619, 17.4128 ], [ -97.3729, 17.4046 ], [ -97.3956, 17.4011 ], [ -97.4049, 17.4208 ], [ -97.4006, 17.4331 ], [ -97.4069, 17.4464 ], [ -97.4055, 17.4566 ], [ -97.4007, 17.4625 ], [ -97.3936, 17.4571 ], [ -97.3862, 17.4587 ] ] ] } },
{ "type": "Feature", "properties": { "cvegeo": "20483", "municipio_inegi": "Santiago Suchilquitongo", "clave": "santiago suchilquitongo", "region": "Valles Centrales", "sin_dato_siap": false }, "geometry": { "type": "Polygon", "coordinates": [ [ [ -96.8343, 17.2857 ], [ -96.8273, 17.2486 ], [ -96.8311, 17.2427 ], [ -96.8358, 17.2434 ], [ -96.8365, 17.2393 ], [ -96.842, 17.2385 ], [ -96.8481, 17.2289 ], [ -96.8476, 17.2174 ], [ -96.8641, 17.2098 ], [ -96.8643, 17.2035 ], [ -96.9078, 17.214 ], [ -96.9239, 17.2033 ], [ -96.9353, 17.2031 ], [ -96.9791, 17.1769 ], [ -96.9836, 17.178 ], [ -96.9839, 17.1955 ], [ -96.9953, 17.2072 ], [ -96.9754, 17.2235 ], [ -96.9685, 17.2244 ], [ -96.9656, 17.2471 ], [ -96.9192, 17.2645 ], [ -96.903, 17.2651 ], [ -96.9008, 17.2624 ], [ -96.8876, 17.2676 ], [ -96.8755, 17.2676 ], [ -96.8598, 17.2537 ], [ -96.8598, 17.26 ], [ -96.8505, 17.2552 ], [ -96.8529, 17.2636 ], [ -96.8343, 17.2857 ] ] ] } },
{ "type": "Feature", "properties": { "cvegeo": "20484", "municipio_inegi": "Santiago Tamazola", "clave": "santiago tamazola", "region": "Mixteca", "sin_dato_siap": false }, "geometry": { "type": "Polygon", "coordinates": [ [ [ -98.2464, 17.8651 ], [ -98.2491, 17.8414 ], [ -98.2409, 17.8188 ], [ -98.2313, 17.8154 ], [ -98.2259, 17.819 ], [ -98.2169, 17.8167 ], [ -98.201, 17.8352 ], [ -98.1976, 17.7955 ], [ -98.1945, 17.8106 ], [ -98.1682, 17.8108 ], [ -98.1578, 17.7939 ], [ -98.1515, 17.7937 ], [ -98.1491, 17.7901 ], [ -98.1596, 17.7877 ], [ -98.162, 17.7824 ], [ -98.1552, 17.7813 ], [ -98.1529, 17.7764 ], [ -98.1374, 17.7811 ], [ -98.1308, 17.7765 ], [ -98.1445, 17.7594 ], [ -98.1465, 17.764 ], [ -98.1612, 17.7667 ], [ -98.1634, 17.7714 ], [ -98.1885, 17.7758 ], [ -98.2009, 17.774 ], [ -98.2085, 17.7817 ], [ -98.2133, 17.7751 ], [ -98.2297, 17.7807 ], [ -98.2321, 17.7846 ], [ -98.2376, 17.7833 ], [ -98.2393, 17.7883 ], [ -98.248, 17.7894 ], [ -98.2525, 17.7975 ], [ -98.2575, 17.7854 ], [ -98.2676, 17.7842 ], [ -98.2697, 17.7763 ], [ -98.2648, 17.774 ], [ -98.2647, 17.7689 ], [ -98.2446, 17.7553 ], [ -98.2381, 17.7618 ], [ -98.2267, 17.7415 ], [ -98.2204, 17.7416 ], [ -98.2075, 17.7327 ], [ -98.198, 17.7421 ], [ -98.2032, 17.7306 ], [ -98.2014, 17.7175 ], [ -98.1815, 17.7187 ], [ -98.1821, 17.6798 ], [ -98.1936, 17.6636 ], [ -98.2064, 17.6208 ], [ -98.2152, 17.6068 ], [ -98.2049, 17.6408 ], [ -98.2191, 17.6432 ], [ -98.2618, 17.64 ], [ -98.2628, 17.6173 ], [ -98.3047, 17.6226 ], [ -98.3004, 17.6332 ], [ -98.301, 17.65 ], [ -98.2668, 17.7003 ], [ -98.2693, 17.7023 ], [ -98.2643, 17.7025 ], [ -98.2676, 17.7198 ], [ -98.2751, 17.7277 ], [ -98.2705, 17.7288 ], [ -98.2657, 17.7394 ], [ -98.2552, 17.7436 ], [ -98.2725, 17.7468 ], [ -98.2766, 17.7515 ], [ -98.265, 17.7569 ], [ -98.278, 17.7737 ], [ -98.2814, 17.7921 ], [ -98.2804, 17.808 ], [ -98.2759, 17.8156 ], [ -98.2628, 17.8223 ], [ -98.2682, 17.8253 ], [ -98.2698, 17.8398 ], [ -98.2744, 17.8442 ], [ -98.269, 17.854 ], [ -98.2772, 17.8602 ], [ -98.2835, 17.8559 ], [ -98.2941, 17.8628 ], [ -98.2853, 17.8677 ], [ -98.2853, 17.8741 ], [ -98.2788, 17.8827 ], [ -98.2525, 17.8759 ], [ -98.2464, 17.8651 ] ] ] } },
{ "type": "Feature", "properties": { "cvegeo": "20485", "municipio_inegi": "Santiago Tapextla", "clave": "santiago tapextla", "region": "Costa", "sin_dato_siap": false }, "geometry": { "type": "Polygon", "coordinates": [ [ [ -98.4542, 16.3858 ], [ -98.3993, 16.38 ], [ -98.4051, 16.3419 ], [ -98.4169, 16.3024 ], [ -98.4242, 16.2924 ], [ -98.4216, 16.283 ], [ -98.4246, 16.2797 ], [ -98.4201, 16.2735 ], [ -98.458, 16.2814 ], [ -98.5526, 16.316 ], [ -98.5474, 16.3212 ], [ -98.5499, 16.3261 ], [ -98.5468, 16.3257 ], [ -98.5422, 16.3327 ], [ -98.5429, 16.3431 ], [ -98.5261, 16.357 ], [ -98.5091, 16.3631 ], [ -98.5082, 16.3604 ], [ -98.5016, 16.3618 ], [ -98.4949, 16.365 ], [ -98.495, 16.3686 ], [ -98.4855, 16.3688 ], [ -98.4839, 16.3742 ], [ -98.4794, 16.3731 ], [ -98.4709, 16.3812 ], [ -98.4608, 16.3833 ], [ -98.456, 16.3804 ], [ -98.4542, 16.3858 ] ] ] } },
{ "type": "Feature", "properties": { "cvegeo": "20486", "municipio_inegi": "Villa Tejúpam de la Unión", "clave": "villa tejupam de la union", "region": "Mixteca", "sin_dato_siap": false }, "geometry": { "type": "Polygon", "coordinates": [ [ [ -97.4701, 17.7321 ], [ -97.4627, 17.7211 ], [ -97.4533, 17.7254 ], [ -97.4322, 17.7135 ], [ -97.4009, 17.6834 ], [ -97.3846, 17.6569 ], [ -97.4093, 17.6481 ], [ -97.4231, 17.621 ], [ -97.4205, 17.6188 ], [ -97.4313, 17.6178 ], [ -97.4453, 17.6049 ], [ -97.4595, 17.5979 ], [ -97.4688, 17.6056 ], [ -97.5017, 17.6146 ], [ -97.5134, 17.6291 ], [ -97.5251, 17.6676 ], [ -97.5235, 17.7027 ], [ -97.5103, 17.7166 ], [ -97.4883, 17.7221 ], [ -97.4701, 17.7321 ] ] ] } },
{ "type": "Feature", "properties": { "cvegeo": "20487", "municipio_inegi": "Santiago Tenango", "clave": "santiago tenango", "region": "Valles Centrales", "sin_dato_siap": false }, "geometry": { "type": "Polygon", "coordinates": [ [ [ -96.9963, 17.3791 ], [ -96.9883, 17.374 ], [ -96.9823, 17.3451 ], [ -96.9746, 17.3413 ], [ -96.9629, 17.3145 ], [ -96.9598, 17.3138 ], [ -96.9685, 17.2244 ], [ -96.9754, 17.2235 ], [ -96.9953, 17.2072 ], [ -97.0314, 17.2319 ], [ -97.0301, 17.2437 ], [ -97.0346, 17.2654 ], [ -97.0338, 17.2844 ], [ -97.0281, 17.2873 ], [ -97.0342, 17.2975 ], [ -97.0336, 17.329 ], [ -97.0202, 17.3381 ], [ -97.0232, 17.3423 ], [ -97.0124, 17.364 ], [ -97.0104, 17.3762 ], [ -96.9965, 17.3879 ], [ -96.9963, 17.3791 ] ] ] } },
{ "type": "Feature", "properties": { "cvegeo": "20488", "municipio_inegi": "Santiago Tepetlapa", "clave": "santiago tepetlapa", "region": "Mixteca", "sin_dato_siap": false }, "geometry": { "type": "Polygon", "coordinates": [ [ [ -97.3742, 17.7778 ], [ -97.4139, 17.7699 ], [ -97.4231, 17.7793 ], [ -97.4132, 17.7839 ], [ -97.4072, 17.7938 ], [ -97.4002, 17.8232 ], [ -97.3959, 17.8242 ], [ -97.3909, 17.8143 ], [ -97.3742, 17.7778 ] ] ] } },
{ "type": "Feature", "properties": { "cvegeo": "20514", "municipio_inegi": "Santo Domingo Roayaga", "clave": "santo domingo roayaga", "region": "Sierra Juárez", "sin_dato_siap": false }, "geometry": { "type": "Polygon", "coordinates": [ [ [ -96.0384, 17.3437 ], [ -96.0316, 17.3472 ], [ -96.0284, 17.342 ], [ -96.0096, 17.3419 ], [ -95.9934, 17.3331 ], [ -95.9895, 17.3199 ], [ -96.0215, 17.3157 ], [ -96.0291, 17.3218 ], [ -96.0386, 17.323 ], [ -96.0468, 17.3171 ], [ -96.0649, 17.3177 ], [ -96.067, 17.3282 ], [ -96.0696, 17.3234 ], [ -96.0822, 17.323 ], [ -96.0814, 17.3109 ], [ -96.0852, 17.3038 ], [ -96.0805, 17.3016 ], [ -96.088, 17.2953 ], [ -96.105, 17.3045 ], [ -96.1155, 17.305 ], [ -96.1307, 17.3281 ], [ -96.1241, 17.3506 ], [ -96.085, 17.3528 ], [ -96.0775, 17.3709 ], [ -96.0384, 17.3437 ] ] ] } },
{ "type": "Feature", "properties": { "cvegeo": "20515", "municipio_inegi": "Santo Domingo Tehuantepec", "clave": "santo domingo tehuantepec", "region": "Istmo", "sin_dato_siap": false }, "geometry": { "type": "MultiPolygon", "coordinates": [ [ [ [ -95.1833, 16.3959 ], [ -95.2038, 16.3715 ], [ -95.1835, 16.3403 ], [ -95.1891, 16.3383 ], [ -95.1885, 16.3405 ], [ -95.2128, 16.3451 ], [ -95.2191, 16.3326 ], [ -95.2255, 16.3327 ], [ -95.2315, 16.3264 ], [ -95.2148, 16.3208 ], [ -95.189, 16.3016 ], [ -95.1904, 16.2823 ], [ -95.1848, 16.2781 ], [ -95.1859, 16.2688 ], [ -95.171, 16.2693 ], [ -95.1741, 16.2633 ], [ -95.1651, 16.2445 ], [ -95.1807, 16.2427 ], [ -95.1817, 16.2499 ], [ -95.1917, 16.2642 ], [ -95.2734, 16.2057 ], [ -95.289, 16.2065 ], [ -95.2828, 16.117 ], [ -95.2803, 16.1156 ], [ -95.2785, 16.1109 ], [ -95.2754, 16.108 ], [ -95.2757, 16.1074 ], [ -95.2862, 16.101 ], [ -95.3031, 16.099 ], [ -95.3055, 16.0944 ], [ -95.34, 16.0873 ], [ -95.3547, 16.0785 ], [ -95.378, 16.0463 ], [ -95.3745, 16.0308 ], [ -95.3681, 16.0209 ], [ -95.3951, 16.0133 ], [ -95.3989, 16.0063 ], [ -95.4241, 15.9997 ], [ -95.4356, 15.9761 ], [ -95.4858, 15.9758 ], [ -95.4943, 15.9729 ], [ -95.496, 15.9665 ], [ -95.5137, 15.9638 ], [ -95.5201, 15.9876 ], [ -95.5191, 16.0033 ], [ -95.5363, 16.0631 ], [ -95.5792, 16.0955 ], [ -95.575, 16.1107 ], [ -95.5841, 16.1427 ], [ -95.5987, 16.142 ], [ -95.6143, 16.1325 ], [ -95.6168, 16.1362 ], [ -95.6078, 16.1494 ], [ -95.5993, 16.1479 ], [ -95.6003, 16.1529 ], [ -95.5963, 16.1572 ], [ -95.5937, 16.1551 ], [ -95.5939, 16.1578 ], [ -95.5832, 16.1621 ], [ -95.5756, 16.1602 ], [ -95.5726, 16.1621 ], [ -95.5737, 16.167 ], [ -95.5611, 16.1701 ], [ -95.5489, 16.1594 ], [ -95.5441, 16.1611 ], [ -95.5309, 16.1512 ], [ -95.5221, 16.1494 ], [ -95.5221, 16.1415 ], [ -95.5133, 16.1322 ], [ -95.5041, 16.1611 ], [ -95.5097, 16.1658 ], [ -95.4886, 16.2431 ], [ -95.4713, 16.2741 ], [ -95.4731, 16.2854 ], [ -95.4846, 16.2954 ], [ -95.5232, 16.346 ], [ -95.4965, 16.364 ], [ -95.4603, 16.3645 ], [ -95.349, 16.4259 ], [ -95.2812, 16.3585 ], [ -95.2651, 16.3494 ], [ -95.2567, 16.3488 ], [ -95.2527, 16.3608 ], [ -95.2396, 16.3651 ], [ -95.2449, 16.3741 ], [ -95.2405, 16.382 ], [ -95.2263, 16.3849 ], [ -95.2173, 16.3915 ], [ -95.2018, 16.4259 ], [ -95.1962, 16.4086 ], [ -95.1833, 16.3959 ] ] ], [ [ [ -95.4788, 16.9326 ], [ -95.4623, 16.9294 ], [ -95.4566, 16.9183 ], [ -95.4517, 16.9177 ], [ -95.4684, 16.8804 ], [ -95.4772, 16.8963 ], [ -95.479, 16.8903 ], [ -95.4982, 16.8827 ], [ -95.5157, 16.8903 ], [ -95.5206, 16.8879 ], [ -95.5182, 16.8936 ], [ -95.5211, 16.8991 ], [ -95.5094, 16.8984 ], [ -95.5041, 16.9065 ], [ -95.4954, 16.9101 ], [ -95.4951, 16.9203 ], [ -95.5059, 16.9248 ], [ -95.5027, 16.9299 ], [ -95.4967, 16.9231 ], [ -95.4862, 16.9214 ], [ -95.4788, 16.9326 ] ] ] ] } },
{ "type": "Feature", "properties": { "cvegeo": "20516", "municipio_inegi": "Santo Domingo Teojomulco", "clave": "santo domingo teojomulco", "region": "Valles Centrales", "sin_dato_siap": false }, "geometry": { "type": "Polygon", "coordinates": [ [ [ -97.1986, 16.647 ], [ -97.1569, 16.5908 ], [ -97.1784, 16.5981 ], [ -97.2004, 16.5916 ], [ -97.2157, 16.5776 ], [ -97.2255, 16.5463 ], [ -97.223, 16.546 ], [ -97.2257, 16.5419 ], [ -97.2213, 16.5401 ], [ -97.2293, 16.5391 ], [ -97.2409, 16.5232 ], [ -97.2566, 16.5243 ], [ -97.2561, 16.5167 ], [ -97.2614, 16.5066 ], [ -97.2695, 16.5108 ], [ -97.2767, 16.5067 ], [ -97.2855, 16.5077 ], [ -97.2893, 16.5039 ], [ -97.2868, 16.4957 ], [ -97.29, 16.494 ], [ -97.2988, 16.4991 ], [ -97.305, 16.498 ], [ -97.3021, 16.4905 ], [ -97.3179, 16.4801 ], [ -97.3321, 16.4997 ], [ -97.3342, 16.5143 ], [ -97.3474, 16.5321 ], [ -97.38, 16.5598 ], [ -97.3892, 16.5783 ], [ -97.3711, 16.5906 ], [ -97.3627, 16.5807 ], [ -97.359, 16.5813 ], [ -97.3616, 16.5857 ], [ -97.3541, 16.6022 ], [ -97.3462, 16.6133 ], [ -97.3381, 16.6177 ], [ -97.2948, 16.6056 ], [ -97.2731, 16.6159 ], [ -97.2666, 16.6267 ], [ -97.2602, 16.6299 ], [ -97.2573, 16.6388 ], [ -97.2259, 16.6435 ], [ -97.2087, 16.6695 ], [ -97.2025, 16.699 ], [ -97.198, 16.6944 ], [ -97.1951, 16.6706 ], [ -97.2009, 16.6579 ], [ -97.1986, 16.647 ] ] ] } },
{ "type": "Feature", "properties": { "cvegeo": "20517", "municipio_inegi": "Santo Domingo Tepuxtepec", "clave": "santo domingo tepuxtepec", "region": "Sierra Juárez", "sin_dato_siap": false }, "geometry": { "type": "Polygon", "coordinates": [ [ [ -96.0748, 16.9867 ], [ -96.0466, 16.9852 ], [ -96.0524, 16.9715 ], [ -96.0506, 16.9687 ], [ -96.0442, 16.971 ], [ -96.0451, 16.9619 ], [ -96.0347, 16.9606 ], [ -96.0227, 16.9648 ], [ -96.0256, 16.9416 ], [ -96.0368, 16.9486 ], [ -96.0336, 16.9397 ], [ -96.0391, 16.9347 ], [ -96.0395, 16.9237 ], [ -96.013, 16.9138 ], [ -96.0016, 16.9032 ], [ -95.9875, 16.8979 ], [ -95.9833, 16.8905 ], [ -96.0171, 16.8799 ], [ -96.0568, 16.8913 ], [ -96.072, 16.8896 ], [ -96.1044, 16.9082 ], [ -96.1117, 16.9076 ], [ -96.1247, 16.9192 ], [ -96.1418, 16.9215 ], [ -96.1535, 16.9319 ], [ -96.1714, 16.9597 ], [ -96.1638, 16.9624 ], [ -96.1513, 16.9596 ], [ -96.1317, 16.9745 ], [ -96.128, 16.9824 ], [ -96.1173, 16.9857 ], [ -96.1041, 16.9829 ], [ -96.1107, 16.9736 ], [ -96.104, 16.9687 ], [ -96.1088, 16.9535 ], [ -96.0951, 16.9489 ], [ -96.0834, 16.9499 ], [ -96.0801, 16.9676 ], [ -96.0714, 16.9734 ], [ -96.0748, 16.9867 ] ] ] } },
{ "type": "Feature", "properties": { "cvegeo": "20489", "municipio_inegi": "Santiago Tetepec", "clave": "santiago tetepec", "region": "Costa", "sin_dato_siap": false }, "geometry": { "type": "Polygon", "coordinates": [ [ [ -97.62, 16.4524 ], [ -97.617, 16.4278 ], [ -97.6121, 16.4233 ], [ -97.6043, 16.4265 ], [ -97.5934, 16.4189 ], [ -97.6104, 16.413 ], [ -97.6081, 16.4119 ], [ -97.6125, 16.3978 ], [ -97.6059, 16.3879 ], [ -97.6061, 16.3797 ], [ -97.6106, 16.3634 ], [ -97.6181, 16.3575 ], [ -97.6111, 16.348 ], [ -97.6147, 16.3394 ], [ -97.626, 16.3395 ], [ -97.6294, 16.3364 ], [ -97.6119, 16.319 ], [ -97.5999, 16.3154 ], [ -97.615, 16.2984 ], [ -97.6054, 16.2933 ], [ -97.6087, 16.2813 ], [ -97.6057, 16.2686 ], [ -97.5987, 16.2592 ], [ -97.6103, 16.2577 ], [ -97.6384, 16.2652 ], [ -97.6496, 16.2552 ], [ -97.6598, 16.2522 ], [ -97.7384, 16.2418 ], [ -97.7672, 16.2536 ], [ -97.765, 16.2699 ], [ -97.7749, 16.2791 ], [ -97.7874, 16.3182 ], [ -97.7777, 16.335 ], [ -97.7806, 16.3423 ], [ -97.7713, 16.3389 ], [ -97.7587, 16.3422 ], [ -97.754, 16.3366 ], [ -97.7483, 16.3376 ], [ -97.7169, 16.3188 ], [ -97.7054, 16.3079 ], [ -97.6832, 16.3527 ], [ -97.696, 16.3627 ], [ -97.7023, 16.3741 ], [ -97.7018, 16.3894 ], [ -97.7075, 16.4057 ], [ -97.6981, 16.443 ], [ -97.6841, 16.4693 ], [ -97.6749, 16.4643 ], [ -97.6638, 16.4761 ], [ -97.6304, 16.4651 ], [ -97.62, 16.4524 ] ] ] } },
{ "type": "Feature", "properties": { "cvegeo": "20490", "municipio_inegi": "Santiago Texcalcingo", "clave": "santiago texcalcingo", "region": "Cañada", "sin_dato_siap": false }, "geometry": { "type": "Polygon", "coordinates": [ [ [ -96.9755, 18.2325 ], [ -96.9635, 18.2291 ], [ -96.9525, 18.22 ], [ -96.9409, 18.2196 ], [ -96.9481, 18.2171 ], [ -96.9635, 18.2021 ], [ -96.9843, 18.1996 ], [ -96.9936, 18.2023 ], [ -97.0041, 18.1986 ], [ -97.0094, 18.2079 ], [ -97.0024, 18.2135 ], [ -96.9988, 18.2273 ], [ -96.9755, 18.2325 ] ] ] } },
{ "type": "Feature", "properties": { "cvegeo": "20491", "municipio_inegi": "Santiago Textitlán", "clave": "santiago textitlan", "region": "Valles Centrales", "sin_dato_siap": false }, "geometry": { "type": "Polygon", "coordinates": [ [ [ -97.3316, 16.7933 ], [ -97.2934, 16.7824 ], [ -97.2778, 16.782 ], [ -97.2765, 16.7674 ], [ -97.2575, 16.7574 ], [ -97.2244, 16.7529 ], [ -97.1857, 16.7628 ], [ -97.1881, 16.757 ], [ -97.2201, 16.7381 ], [ -97.2211, 16.7158 ], [ -97.2158, 16.7129 ], [ -97.2197, 16.7102 ], [ -97.2153, 16.7071 ], [ -97.2109, 16.709 ], [ -97.2025, 16.699 ], [ -97.2087, 16.6695 ], [ -97.2259, 16.6435 ], [ -97.2468, 16.6422 ], [ -97.2752, 16.6601 ], [ -97.2784, 16.6496 ], [ -97.2977, 16.6575 ], [ -97.2991, 16.6605 ], [ -97.292, 16.6703 ], [ -97.3212, 16.6895 ], [ -97.4086, 16.6858 ], [ -97.4345, 16.6783 ], [ -97.4345, 16.6828 ], [ -97.4245, 16.6927 ], [ -97.4275, 16.6962 ], [ -97.4436, 16.6919 ], [ -97.4493, 16.6966 ], [ -97.4461, 16.7048 ], [ -97.4084, 16.7082 ], [ -97.4135, 16.7338 ], [ -97.4106, 16.7431 ], [ -97.4035, 16.746 ], [ -97.4074, 16.7584 ], [ -97.4022, 16.7639 ], [ -97.3966, 16.7644 ], [ -97.387, 16.7829 ], [ -97.3719, 16.7858 ], [ -97.3658, 16.7797 ], [ -97.3541, 16.7902 ], [ -97.3316, 16.7933 ] ] ] } },
{ "type": "Feature", "properties": { "cvegeo": "20492", "municipio_inegi": "Santiago Tilantongo", "clave": "santiago tilantongo", "region": "Mixteca", "sin_dato_siap": false }, "geometry": { "type": "Polygon", "coordinates": [ [ [ -97.3, 17.3212 ], [ -97.2996, 17.2697 ], [ -97.2882, 17.2301 ], [ -97.2975, 17.2099 ], [ -97.3093, 17.1979 ], [ -97.3134, 17.1867 ], [ -97.3119, 17.1712 ], [ -97.3332, 17.1539 ], [ -97.3249, 17.1329 ], [ -97.3269, 17.1255 ], [ -97.3214, 17.1218 ], [ -97.3235, 17.1124 ], [ -97.3206, 17.0977 ], [ -97.3286, 17.0843 ], [ -97.3279, 17.073 ], [ -97.3367, 17.0734 ], [ -97.3352, 17.0675 ], [ -97.3411, 17.061 ], [ -97.3506, 17.0621 ], [ -97.3494, 17.0576 ], [ -97.3538, 17.0566 ], [ -97.3537, 17.0524 ], [ -97.3648, 17.0595 ], [ -97.3807, 17.0958 ], [ -97.3757, 17.0974 ], [ -97.3725, 17.109 ], [ -97.3667, 17.1133 ], [ -97.3651, 17.1439 ], [ -97.3686, 17.1621 ], [ -97.3929, 17.1598 ], [ -97.3847, 17.1765 ], [ -97.4015, 17.1771 ], [ -97.4064, 17.1715 ], [ -97.403, 17.1578 ], [ -97.4148, 17.1589 ], [ -97.4236, 17.1505 ], [ -97.4321, 17.2011 ], [ -97.4256, 17.2472 ], [ -97.4206, 17.2446 ], [ -97.4149, 17.2919 ], [ -97.4104, 17.2826 ], [ -97.4085, 17.2526 ], [ -97.4134, 17.2343 ], [ -97.4077, 17.2329 ], [ -97.401, 17.2364 ], [ -97.3993, 17.2492 ], [ -97.3902, 17.2495 ], [ -97.3793, 17.2555 ], [ -97.3574, 17.2546 ], [ -97.3603, 17.2554 ], [ -97.3619, 17.2675 ], [ -97.3559, 17.279 ], [ -97.3489, 17.284 ], [ -97.3685, 17.2964 ], [ -97.3887, 17.3011 ], [ -97.3961, 17.3065 ], [ -97.3671, 17.3145 ], [ -97.3389, 17.3335 ], [ -97.3165, 17.3412 ], [ -97.3061, 17.3365 ], [ -97.3, 17.3212 ] ] ] } },
{ "type": "Feature", "properties": { "cvegeo": "20494", "municipio_inegi": "Santiago Tlazoyaltepec", "clave": "santiago tlazoyaltepec", "region": "Valles Centrales", "sin_dato_siap": false }, "geometry": { "type": "Polygon", "coordinates": [ [ [ -96.9939, 17.0569 ], [ -96.9854, 17.0566 ], [ -96.9805, 17.0506 ], [ -96.9543, 17.0636 ], [ -96.936, 17.0593 ], [ -96.9364, 17.0345 ], [ -96.9297, 17.0264 ], [ -96.932, 17.0183 ], [ -96.924, 17.0077 ], [ -96.9229, 16.9914 ], [ -96.9267, 16.9819 ], [ -96.941, 16.9882 ], [ -96.9556, 16.9848 ], [ -96.9618, 16.9964 ], [ -96.9707, 16.998 ], [ -96.9759, 17.0046 ], [ -96.9835, 17.0034 ], [ -96.9925, 17.0131 ], [ -97.0075, 17.0103 ], [ -97.0253, 17.0152 ], [ -97.0189, 17.0342 ], [ -97.0254, 17.0463 ], [ -97.0226, 17.0529 ], [ -97.0166, 17.0596 ], [ -97.0062, 17.0555 ], [ -96.9983, 17.0726 ], [ -96.9939, 17.0569 ] ] ] } },
{ "type": "Feature", "properties": { "cvegeo": "20495", "municipio_inegi": "Santiago Xanica", "clave": "santiago xanica", "region": "Valles Centrales", "sin_dato_siap": false }, "geometry": { "type": "Polygon", "coordinates": [ [ [ -96.2954, 16.0858 ], [ -96.2592, 16.079 ], [ -96.2654, 16.0781 ], [ -96.2626, 16.0749 ], [ -96.2666, 16.0709 ], [ -96.2686, 16.051 ], [ -96.2648, 16.0468 ], [ -96.2567, 16.0462 ], [ -96.2382, 16.0352 ], [ -96.2337, 16.0361 ], [ -96.2363, 16.0309 ], [ -96.2241, 16.0231 ], [ -96.2148, 16.0291 ], [ -96.2101, 16.0136 ], [ -96.2014, 16.0194 ], [ -96.1931, 16.0193 ], [ -96.1872, 16.0166 ], [ -96.1857, 16.0087 ], [ -96.1723, 16.0109 ], [ -96.167, 16.0347 ], [ -96.1512, 16.0346 ], [ -96.1407, 16.0273 ], [ -96.1324, 16.0304 ], [ -96.1233, 16.0203 ], [ -96.1259, 16.0166 ], [ -96.1179, 16.0065 ], [ -96.1259, 16.0102 ], [ -96.1173, 15.997 ], [ -96.125, 15.9893 ], [ -96.1229, 15.9857 ], [ -96.1372, 15.9876 ], [ -96.1439, 15.9626 ], [ -96.1483, 15.9598 ], [ -96.1791, 15.9721 ], [ -96.1895, 15.9689 ], [ -96.2022, 15.9762 ], [ -96.2055, 15.9744 ], [ -96.1951, 15.9686 ], [ -96.1946, 15.9623 ], [ -96.2067, 15.9494 ], [ -96.2171, 15.9496 ], [ -96.2146, 15.9559 ], [ -96.2292, 15.965 ], [ -96.2364, 15.9609 ], [ -96.2415, 15.9637 ], [ -96.2419, 15.9591 ], [ -96.2455, 15.9638 ], [ -96.2448, 15.9534 ], [ -96.2478, 15.9574 ], [ -96.2535, 15.9526 ], [ -96.2549, 15.9615 ], [ -96.2588, 15.9593 ], [ -96.2651, 15.9633 ], [ -96.2639, 15.9701 ], [ -96.2808, 15.9705 ], [ -96.2737, 15.9851 ], [ -96.2758, 15.9933 ], [ -96.2804, 15.9966 ], [ -96.2899, 15.9943 ], [ -96.2967, 16.0035 ], [ -96.3108, 16.0092 ], [ -96.3091, 16.0128 ], [ -96.2974, 16.0116 ], [ -96.294, 16.0217 ], [ -96.2846, 16.0205 ], [ -96.2922, 16.0296 ], [ -96.2921, 16.035 ], [ -96.2772, 16.039 ], [ -96.2819, 16.0439 ], [ -96.2865, 16.0437 ], [ -96.2865, 16.0608 ], [ -96.3005, 16.0796 ], [ -96.2954, 16.0858 ] ] ] } },
{ "type": "Feature", "properties": { "cvegeo": "20496", "municipio_inegi": "Santiago Xiacuí", "clave": "santiago xiacui", "region": "Sierra Juárez", "sin_dato_siap": false }, "geometry": { "type": "Polygon", "coordinates": [ [ [ -96.3571, 17.3066 ], [ -96.3492, 17.2716 ], [ -96.3571, 17.2651 ], [ -96.3618, 17.2309 ], [ -96.4108, 17.2389 ], [ -96.4278, 17.2516 ], [ -96.4295, 17.2583 ], [ -96.4373, 17.2608 ], [ -96.4382, 17.2784 ], [ -96.4596, 17.2881 ], [ -96.4372, 17.2963 ], [ -96.4275, 17.2949 ], [ -96.4052, 17.3045 ], [ -96.3788, 17.3038 ], [ -96.3633, 17.3123 ], [ -96.3571, 17.3066 ] ] ] } },
{ "type": "Feature", "properties": { "cvegeo": "20499", "municipio_inegi": "Santiago Yolomécatl", "clave": "santiago yolomecatl", "region": "Mixteca", "sin_dato_siap": false }, "geometry": { "type": "Polygon", "coordinates": [ [ [ -97.5881, 17.5176 ], [ -97.5338, 17.4823 ], [ -97.5266, 17.4527 ], [ -97.5407, 17.4435 ], [ -97.5492, 17.427 ], [ -97.55, 17.4145 ], [ -97.5631, 17.414 ], [ -97.578, 17.436 ], [ -97.5968, 17.4538 ], [ -97.6124, 17.458 ], [ -97.624, 17.4862 ], [ -97.6237, 17.5001 ], [ -97.5881, 17.5176 ] ] ] } },
{ "type": "Feature", "properties": { "cvegeo": "20500", "municipio_inegi": "Santiago Yosondúa", "clave": "santiago yosondua", "region": "Mixteca", "sin_dato_siap": false }, "geometry": { "type": "Polygon", "coordinates": [ [ [ -97.56, 16.966 ], [ -97.5396, 16.9199 ], [ -97.5435, 16.9038 ], [ -97.5299, 16.8816 ], [ -97.5186, 16.8813 ], [ -97.5114, 16.8858 ], [ -97.509, 16.8999 ], [ -97.5047, 16.9048 ], [ -97.4592, 16.8948 ], [ -97.4737, 16.8859 ], [ -97.5057, 16.8865 ], [ -97.5147, 16.876 ], [ -97.5096, 16.8719 ], [ -97.4547, 16.878 ], [ -97.3834, 16.8641 ], [ -97.3671, 16.8275 ], [ -97.3712, 16.8189 ], [ -97.38, 16.8144 ], [ -97.4517, 16.8121 ], [ -97.4896, 16.803 ], [ -97.5195, 16.7804 ], [ -97.5199, 16.7684 ], [ -97.5295, 16.7624 ], [ -97.5277, 16.7518 ], [ -97.5359, 16.744 ], [ -97.5422, 16.7431 ], [ -97.5529, 16.7264 ], [ -97.5745, 16.7396 ], [ -97.5757, 16.7686 ], [ -97.6038, 16.7987 ], [ -97.6158, 16.8437 ], [ -97.6439, 16.9128 ], [ -97.6371, 16.9372 ], [ -97.6334, 16.9349 ], [ -97.6184, 16.9401 ], [ -97.6027, 16.9555 ], [ -97.579, 16.9487 ], [ -97.5774, 16.9581 ], [ -97.5664, 16.9669 ], [ -97.56, 16.966 ] ] ] } },
{ "type": "Feature", "properties": { "cvegeo": "20504", "municipio_inegi": "Nuevo Zoquiápam", "clave": "nuevo zoquiapam", "region": "Sierra Juárez", "sin_dato_siap": false }, "geometry": { "type": "Polygon", "coordinates": [ [ [ -96.593, 17.3199 ], [ -96.599, 17.2894 ], [ -96.6055, 17.2802 ], [ -96.6036, 17.2681 ], [ -96.6178, 17.2505 ], [ -96.6308, 17.2014 ], [ -96.6477, 17.1897 ], [ -96.6533, 17.1737 ], [ -96.6849, 17.2375 ], [ -96.6976, 17.2469 ], [ -96.6942, 17.2534 ], [ -96.6978, 17.2603 ], [ -96.6878, 17.2647 ], [ -96.6941, 17.2834 ], [ -96.6754, 17.3014 ], [ -96.6563, 17.3056 ], [ -96.6528, 17.3103 ], [ -96.6444, 17.3109 ], [ -96.6183, 17.3247 ], [ -96.593, 17.3199 ] ] ] } },
{ "type": "Feature", "properties": { "cvegeo": "20501", "municipio_inegi": "Santiago Yucuyachi", "clave": "santiago yucuyachi", "region": "Mixteca", "sin_dato_siap": false }, "geometry": { "type": "Polygon", "coordinates": [ [ [ -98.1961, 17.6401 ], [ -98.1789, 17.6381 ], [ -98.17, 17.6297 ], [ -98.1653, 17.6298 ], [ -98.1798, 17.6233 ], [ -98.1824, 17.6106 ], [ -98.1764, 17.5968 ], [ -98.1833, 17.6009 ], [ -98.1878, 17.5847 ], [ -98.1923, 17.5845 ], [ -98.1981, 17.5752 ], [ -98.2079, 17.5784 ], [ -98.2133, 17.5889 ], [ -98.214, 17.6023 ], [ -98.2238, 17.5908 ], [ -98.24, 17.5887 ], [ -98.2578, 17.6049 ], [ -98.2552, 17.5988 ], [ -98.2617, 17.5986 ], [ -98.257, 17.5936 ], [ -98.2583, 17.5893 ], [ -98.2664, 17.5998 ], [ -98.2744, 17.5993 ], [ -98.2731, 17.6144 ], [ -98.2628, 17.6173 ], [ -98.2618, 17.64 ], [ -98.2191, 17.6432 ], [ -98.2049, 17.6408 ], [ -98.2152, 17.6068 ], [ -98.2064, 17.6208 ], [ -98.1993, 17.6445 ], [ -98.1961, 17.6401 ] ] ] } },
{ "type": "Feature", "properties": { "cvegeo": "20505", "municipio_inegi": "Santo Domingo Ingenio", "clave": "santo domingo ingenio", "region": "Istmo", "sin_dato_siap": false }, "geometry": { "type": "Polygon", "coordinates": [ [ [ -94.6348, 16.642 ], [ -94.6388, 16.6265 ], [ -94.6198, 16.6003 ], [ -94.6385, 16.6017 ], [ -94.6461, 16.5953 ], [ -94.6589, 16.595 ], [ -94.6621, 16.5775 ], [ -94.6813, 16.5747 ], [ -94.6834, 16.5551 ], [ -94.7036, 16.5659 ], [ -94.7277, 16.4889 ], [ -94.7418, 16.4984 ], [ -94.7609, 16.5048 ], [ -94.7852, 16.5077 ], [ -94.8144, 16.5193 ], [ -94.8041, 16.5631 ], [ -94.8063, 16.5929 ], [ -94.7951, 16.6087 ], [ -94.8003, 16.6093 ], [ -94.7981, 16.6158 ], [ -94.7551, 16.6119 ], [ -94.7536, 16.6255 ], [ -94.7596, 16.6523 ], [ -94.6951, 16.6399 ], [ -94.6689, 16.6382 ], [ -94.6645, 16.6456 ], [ -94.6527, 16.6429 ], [ -94.6511, 16.6471 ], [ -94.6348, 16.642 ] ] ] } },
{ "type": "Feature", "properties": { "cvegeo": "20506", "municipio_inegi": "Santo Domingo Albarradas", "clave": "santo domingo albarradas", "region": "Valles Centrales", "sin_dato_siap": false }, "geometry": { "type": "Polygon", "coordinates": [ [ [ -96.1801, 17.1094 ], [ -96.1774, 17.0643 ], [ -96.1936, 17.0519 ], [ -96.1978, 17.052 ], [ -96.2008, 17.044 ], [ -96.2058, 17.0413 ], [ -96.209, 17.0312 ], [ -96.2077, 17.0122 ], [ -96.2106, 17.0118 ], [ -96.2289, 17.039 ], [ -96.2336, 17.0644 ], [ -96.2489, 17.0958 ], [ -96.2253, 17.1013 ], [ -96.2161, 17.099 ], [ -96.2021, 17.1013 ], [ -96.1923, 17.1051 ], [ -96.1886, 17.1158 ], [ -96.1801, 17.1094 ] ] ] } },
{ "type": "Feature", "properties": { "cvegeo": "20507", "municipio_inegi": "Santo Domingo Armenta", "clave": "santo domingo armenta", "region": "Costa", "sin_dato_siap": false }, "geometry": { "type": "Polygon", "coordinates": [ [ [ -98.3613, 16.4219 ], [ -98.3681, 16.4092 ], [ -98.3616, 16.4055 ], [ -98.3646, 16.3905 ], [ -98.3504, 16.3961 ], [ -98.337, 16.3871 ], [ -98.3155, 16.3929 ], [ -98.3092, 16.3542 ], [ -98.3242, 16.3089 ], [ -98.3283, 16.2581 ], [ -98.4055, 16.267 ], [ -98.4316, 16.2738 ], [ -98.4199, 16.2738 ], [ -98.4246, 16.2797 ], [ -98.4216, 16.283 ], [ -98.4242, 16.2924 ], [ -98.4169, 16.3024 ], [ -98.4051, 16.3419 ], [ -98.3995, 16.3805 ], [ -98.3659, 16.4237 ], [ -98.3613, 16.4219 ] ] ] } },
{ "type": "Feature", "properties": { "cvegeo": "20512", "municipio_inegi": "Santo Domingo Ozolotepec", "clave": "santo domingo ozolotepec", "region": "Valles Centrales", "sin_dato_siap": false }, "geometry": { "type": "Polygon", "coordinates": [ [ [ -96.3355, 16.2074 ], [ -96.3467, 16.1994 ], [ -96.3214, 16.1932 ], [ -96.287, 16.2011 ], [ -96.2733, 16.1982 ], [ -96.2683, 16.2137 ], [ -96.2648, 16.1963 ], [ -96.2513, 16.19 ], [ -96.2501, 16.1867 ], [ -96.2546, 16.1869 ], [ -96.2744, 16.1649 ], [ -96.2941, 16.1246 ], [ -96.2984, 16.1303 ], [ -96.304, 16.1301 ], [ -96.307, 16.1363 ], [ -96.3226, 16.141 ], [ -96.3184, 16.1506 ], [ -96.3232, 16.1481 ], [ -96.3286, 16.1533 ], [ -96.3348, 16.1534 ], [ -96.3461, 16.1653 ], [ -96.3695, 16.1707 ], [ -96.3772, 16.168 ], [ -96.3756, 16.1824 ], [ -96.3542, 16.2002 ], [ -96.3596, 16.2056 ], [ -96.3572, 16.213 ], [ -96.3441, 16.2269 ], [ -96.3355, 16.2074 ] ] ] } },
{ "type": "Feature", "properties": { "cvegeo": "20513", "municipio_inegi": "Santo Domingo Petapa", "clave": "santo domingo petapa", "region": "Istmo", "sin_dato_siap": false }, "geometry": { "type": "Polygon", "coordinates": [ [ [ -95.2674, 16.9913 ], [ -95.243, 16.9809 ], [ -95.2413, 16.9857 ], [ -95.2177, 16.9335 ], [ -95.17, 16.9276 ], [ -95.1637, 16.9366 ], [ -95.1535, 16.927 ], [ -95.1661, 16.9271 ], [ -95.1297, 16.9093 ], [ -95.1288, 16.9056 ], [ -95.1551, 16.915 ], [ -95.1507, 16.8884 ], [ -95.1752, 16.8856 ], [ -95.1309, 16.8146 ], [ -95.1354, 16.7924 ], [ -95.1545, 16.7749 ], [ -95.163, 16.7767 ], [ -95.1749, 16.7737 ], [ -95.168, 16.7723 ], [ -95.1679, 16.7662 ], [ -95.1597, 16.7603 ], [ -95.1509, 16.7629 ], [ -95.1455, 16.7582 ], [ -95.1622, 16.7112 ], [ -95.1997, 16.7117 ], [ -95.2272, 16.719 ], [ -95.2354, 16.7254 ], [ -95.2435, 16.7758 ], [ -95.2843, 16.8942 ], [ -95.2954, 16.916 ], [ -95.324, 16.9491 ], [ -95.3211, 16.9511 ], [ -95.3221, 16.9585 ], [ -95.3138, 16.9567 ], [ -95.3165, 16.9774 ], [ -95.312, 16.9832 ], [ -95.306, 16.9811 ], [ -95.3008, 16.9855 ], [ -95.2882, 16.9861 ], [ -95.2835, 16.9911 ], [ -95.2724, 16.9888 ], [ -95.2674, 16.9913 ] ] ] } },
{ "type": "Feature", "properties": { "cvegeo": "20518", "municipio_inegi": "Santo Domingo Tlatayápam", "clave": "santo domingo tlatayapam", "region": "Mixteca", "sin_dato_siap": false }, "geometry": { "type": "Polygon", "coordinates": [ [ [ -97.3496, 17.4166 ], [ -97.3421, 17.412 ], [ -97.3195, 17.4095 ], [ -97.3162, 17.3879 ], [ -97.3285, 17.3906 ], [ -97.3461, 17.3863 ], [ -97.3437, 17.392 ], [ -97.3677, 17.4014 ], [ -97.366, 17.4103 ], [ -97.3496, 17.4166 ] ] ] } },
{ "type": "Feature", "properties": { "cvegeo": "20519", "municipio_inegi": "Santo Domingo Tomaltepec", "clave": "santo domingo tomaltepec", "region": "Valles Centrales", "sin_dato_siap": false }, "geometry": { "type": "Polygon", "coordinates": [ [ [ -96.5467, 17.0843 ], [ -96.5889, 17.057 ], [ -96.5983, 17.0432 ], [ -96.6093, 17.0397 ], [ -96.6245, 17.0458 ], [ -96.6223, 17.0529 ], [ -96.6353, 17.0532 ], [ -96.6354, 17.0636 ], [ -96.6268, 17.0666 ], [ -96.6247, 17.0746 ], [ -96.6141, 17.0706 ], [ -96.6026, 17.0902 ], [ -96.5378, 17.1003 ], [ -96.5477, 17.0874 ], [ -96.5467, 17.0843 ] ] ] } },
{ "type": "Feature", "properties": { "cvegeo": "20520", "municipio_inegi": "Santo Domingo Tonalá", "clave": "santo domingo tonala", "region": "Mixteca", "sin_dato_siap": false }, "geometry": { "type": "Polygon", "coordinates": [ [ [ -98.0233, 17.7292 ], [ -98.008, 17.7247 ], [ -98.0042, 17.729 ], [ -97.9979, 17.7239 ], [ -97.9906, 17.7251 ], [ -97.9866, 17.7311 ], [ -97.9786, 17.7295 ], [ -97.9748, 17.7333 ], [ -97.9555, 17.7292 ], [ -97.9456, 17.7332 ], [ -97.9376, 17.7257 ], [ -97.9407, 17.7252 ], [ -97.939, 17.7163 ], [ -97.9195, 17.7108 ], [ -97.9213, 17.6975 ], [ -97.9031, 17.7006 ], [ -97.8936, 17.6946 ], [ -97.8812, 17.7044 ], [ -97.8686, 17.6994 ], [ -97.8905, 17.6797 ], [ -97.9349, 17.6557 ], [ -97.9274, 17.6184 ], [ -97.9451, 17.6125 ], [ -97.9461, 17.6297 ], [ -97.9526, 17.6292 ], [ -97.9829, 17.6425 ], [ -97.993, 17.6318 ], [ -98.0014, 17.642 ], [ -98.0069, 17.6379 ], [ -98.0116, 17.641 ], [ -98.0148, 17.6336 ], [ -98.0209, 17.6366 ], [ -98.0238, 17.6431 ], [ -98.0349, 17.6388 ], [ -98.0366, 17.6344 ], [ -98.0422, 17.6348 ], [ -98.0444, 17.627 ], [ -98.0534, 17.6258 ], [ -98.0625, 17.6309 ], [ -98.0616, 17.6359 ], [ -98.0693, 17.6467 ], [ -98.061, 17.6735 ], [ -98.0601, 17.6949 ], [ -98.0478, 17.6943 ], [ -98.0515, 17.7016 ], [ -98.0472, 17.7335 ], [ -98.0395, 17.7369 ], [ -98.0424, 17.743 ], [ -98.0289, 17.7474 ], [ -98.0184, 17.7398 ], [ -98.0233, 17.7292 ] ] ] } },
{ "type": "Feature", "properties": { "cvegeo": "20522", "municipio_inegi": "Santo Domingo Xagacía", "clave": "santo domingo xagacia", "region": "Sierra Juárez", "sin_dato_siap": false }, "geometry": { "type": "Polygon", "coordinates": [ [ [ -96.2812, 17.1553 ], [ -96.2401, 17.1567 ], [ -96.2399, 17.1466 ], [ -96.2418, 17.1349 ], [ -96.2504, 17.1338 ], [ -96.2449, 17.119 ], [ -96.2488, 17.1101 ], [ -96.2458, 17.1017 ], [ -96.2489, 17.0958 ], [ -96.2577, 17.1021 ], [ -96.2685, 17.0992 ], [ -96.3036, 17.1037 ], [ -96.3176, 17.0997 ], [ -96.3259, 17.1044 ], [ -96.3404, 17.1025 ], [ -96.3526, 17.1057 ], [ -96.36, 17.1184 ], [ -96.3235, 17.1424 ], [ -96.3041, 17.1388 ], [ -96.294, 17.1427 ], [ -96.2913, 17.1495 ], [ -96.2812, 17.1553 ] ] ] } },
{ "type": "Feature", "properties": { "cvegeo": "20523", "municipio_inegi": "Santo Domingo Yanhuitlán", "clave": "santo domingo yanhuitlan", "region": "Mixteca", "sin_dato_siap": false }, "geometry": { "type": "Polygon", "coordinates": [ [ [ -97.3311, 17.578 ], [ -97.2999, 17.5566 ], [ -97.3126, 17.5397 ], [ -97.3141, 17.5229 ], [ -97.3076, 17.5111 ], [ -97.2971, 17.5152 ], [ -97.2905, 17.5032 ], [ -97.2939, 17.4993 ], [ -97.3103, 17.5101 ], [ -97.3358, 17.5051 ], [ -97.3375, 17.5016 ], [ -97.3275, 17.4771 ], [ -97.3408, 17.478 ], [ -97.3563, 17.4913 ], [ -97.3895, 17.4737 ], [ -97.3925, 17.4829 ], [ -97.39, 17.5011 ], [ -97.3695, 17.4995 ], [ -97.3573, 17.5126 ], [ -97.3555, 17.5209 ], [ -97.3629, 17.5303 ], [ -97.386, 17.5425 ], [ -97.4004, 17.5417 ], [ -97.3925, 17.5675 ], [ -97.3544, 17.5772 ], [ -97.3431, 17.5774 ], [ -97.3388, 17.5723 ], [ -97.327, 17.5742 ], [ -97.3311, 17.578 ] ] ] } },
{ "type": "Feature", "properties": { "cvegeo": "20524", "municipio_inegi": "Santo Domingo Yodohino", "clave": "santo domingo yodohino", "region": "Mixteca", "sin_dato_siap": false }, "geometry": { "type": "Polygon", "coordinates": [ [ [ -97.6719, 17.6169 ], [ -97.716, 17.6066 ], [ -97.7435, 17.6214 ], [ -97.7271, 17.645 ], [ -97.6908, 17.6712 ], [ -97.6758, 17.6559 ], [ -97.6604, 17.6485 ], [ -97.6721, 17.6326 ], [ -97.6719, 17.6169 ] ] ] } },
{ "type": "Feature", "properties": { "cvegeo": "20525", "municipio_inegi": "Santo Domingo Zanatepec", "clave": "santo domingo zanatepec", "region": "Istmo", "sin_dato_siap": false }, "geometry": { "type": "Polygon", "coordinates": [ [ [ -94.3161, 16.597 ], [ -94.3129, 16.5729 ], [ -94.2688, 16.5859 ], [ -94.2702, 16.5522 ], [ -94.2565, 16.5607 ], [ -94.2532, 16.5691 ], [ -94.2451, 16.5706 ], [ -94.227, 16.5543 ], [ -94.2135, 16.5549 ], [ -94.2109, 16.5469 ], [ -94.1999, 16.5513 ], [ -94.1988, 16.5311 ], [ -94.1908, 16.5256 ], [ -94.1862, 16.5084 ], [ -94.1309, 16.5075 ], [ -94.1335, 16.476 ], [ -94.1391, 16.4618 ], [ -94.1995, 16.4841 ], [ -94.2042, 16.465 ], [ -94.2039, 16.4444 ], [ -94.2072, 16.4454 ], [ -94.2266, 16.4305 ], [ -94.2358, 16.4305 ], [ -94.2372, 16.4262 ], [ -94.2498, 16.4378 ], [ -94.2589, 16.4327 ], [ -94.2751, 16.4009 ], [ -94.2735, 16.3806 ], [ -94.2863, 16.3548 ], [ -94.2994, 16.3425 ], [ -94.2985, 16.3497 ], [ -94.3108, 16.3348 ], [ -94.3421, 16.3426 ], [ -94.3642, 16.3386 ], [ -94.3726, 16.2962 ], [ -94.3814, 16.2966 ], [ -94.4213, 16.2838 ], [ -94.4071, 16.3476 ], [ -94.4425, 16.3988 ], [ -94.4212, 16.4207 ], [ -94.4404, 16.4364 ], [ -94.4632, 16.4287 ], [ -94.4651, 16.4158 ], [ -94.4707, 16.4199 ], [ -94.4704, 16.4294 ], [ -94.475, 16.4425 ], [ -94.4816, 16.4488 ], [ -94.4802, 16.4542 ], [ -94.487, 16.4561 ], [ -94.4786, 16.4612 ], [ -94.4702, 16.4749 ], [ -94.4696, 16.4946 ], [ -94.4621, 16.4959 ], [ -94.4357, 16.5528 ], [ -94.4234, 16.5711 ], [ -94.4042, 16.5767 ], [ -94.3874, 16.572 ], [ -94.3767, 16.5626 ], [ -94.3669, 16.5776 ], [ -94.3592, 16.5763 ], [ -94.3587, 16.5857 ], [ -94.3161, 16.597 ] ] ] } },
{ "type": "Feature", "properties": { "cvegeo": "20526", "municipio_inegi": "Santos Reyes Nopala", "clave": "santos reyes nopala", "region": "Costa", "sin_dato_siap": false }, "geometry": { "type": "Polygon", "coordinates": [ [ [ -97.2321, 16.1814 ], [ -97.2207, 16.1677 ], [ -97.186, 16.1487 ], [ -97.1748, 16.1311 ], [ -97.1668, 16.1292 ], [ -97.1625, 16.1332 ], [ -97.152, 16.1289 ], [ -97.1459, 16.1307 ], [ -97.146, 16.1376 ], [ -97.1244, 16.1391 ], [ -97.1252, 16.136 ], [ -97.1179, 16.1313 ], [ -97.1048, 16.1309 ], [ -97.1159, 16.1234 ], [ -97.1045, 16.1237 ], [ -97.1063, 16.0978 ], [ -97.1191, 16.0777 ], [ -97.1147, 16.0736 ], [ -97.1158, 16.0699 ], [ -97.111, 16.0711 ], [ -97.1117, 16.0659 ], [ -97.1173, 16.0603 ], [ -97.1237, 16.0608 ], [ -97.1244, 16.0657 ], [ -97.1276, 16.0656 ], [ -97.128, 16.055 ], [ -97.1186, 16.0578 ], [ -97.1529, 16.0177 ], [ -97.1386, 16.0147 ], [ -97.1471, 15.9961 ], [ -97.1653, 15.9917 ], [ -97.1783, 15.9831 ], [ -97.1839, 15.9885 ], [ -97.1939, 15.9882 ], [ -97.197, 15.9908 ], [ -97.1923, 15.9953 ], [ -97.2024, 16.0029 ], [ -97.2163, 16.0067 ], [ -97.2211, 15.9996 ], [ -97.2498, 16.0177 ], [ -97.2586, 16.0138 ], [ -97.2641, 16.0058 ], [ -97.2769, 16.0042 ], [ -97.2266, 16.0514 ], [ -97.2407, 16.0775 ], [ -97.2487, 16.1104 ], [ -97.2579, 16.1106 ], [ -97.2618, 16.137 ], [ -97.2549, 16.1532 ], [ -97.2484, 16.1517 ], [ -97.2424, 16.1554 ], [ -97.2534, 16.1744 ], [ -97.2388, 16.1818 ], [ -97.2321, 16.1814 ] ] ] } },
{ "type": "Feature", "properties": { "cvegeo": "20535", "municipio_inegi": "San Vicente Lachixío", "clave": "san vicente lachixio", "region": "Valles Centrales", "sin_dato_siap": false }, "geometry": { "type": "Polygon", "coordinates": [ [ [ -96.9857, 16.6975 ], [ -96.9947, 16.6799 ], [ -97.0012, 16.6763 ], [ -96.9947, 16.6581 ], [ -96.9992, 16.6482 ], [ -96.9974, 16.6426 ], [ -97.0035, 16.6332 ], [ -96.9975, 16.6114 ], [ -96.9968, 16.5921 ], [ -97.0055, 16.5998 ], [ -97.0302, 16.6052 ], [ -97.0271, 16.6109 ], [ -97.0377, 16.6186 ], [ -97.0528, 16.6085 ], [ -97.0258, 16.5971 ], [ -97.0211, 16.5755 ], [ -97.0394, 16.5746 ], [ -97.0483, 16.5692 ], [ -97.0901, 16.5836 ], [ -97.0795, 16.6188 ], [ -97.0842, 16.6266 ], [ -97.0829, 16.6625 ], [ -97.0749, 16.6795 ], [ -97.0777, 16.6986 ], [ -97.0671, 16.7017 ], [ -97.0718, 16.7185 ], [ -96.9791, 16.724 ], [ -96.9787, 16.6985 ], [ -96.9857, 16.6975 ] ] ] } },
{ "type": "Feature", "properties": { "cvegeo": "20527", "municipio_inegi": "Santos Reyes Pápalo", "clave": "santos reyes papalo", "region": "Cañada", "sin_dato_siap": false }, "geometry": { "type": "Polygon", "coordinates": [ [ [ -96.8127, 17.8217 ], [ -96.8253, 17.8065 ], [ -96.8332, 17.7776 ], [ -96.8268, 17.7742 ], [ -96.8152, 17.758 ], [ -96.8162, 17.7508 ], [ -96.8313, 17.7648 ], [ -96.8604, 17.751 ], [ -96.8681, 17.7573 ], [ -96.8698, 17.7538 ], [ -96.8825, 17.7529 ], [ -96.9035, 17.7624 ], [ -96.9298, 17.7849 ], [ -96.9276, 17.7932 ], [ -96.9195, 17.7937 ], [ -96.9368, 17.7992 ], [ -96.9422, 17.8048 ], [ -96.9356, 17.8193 ], [ -96.9314, 17.8206 ], [ -96.9315, 17.8258 ], [ -96.9174, 17.829 ], [ -96.8947, 17.823 ], [ -96.8637, 17.8226 ], [ -96.8428, 17.8327 ], [ -96.8127, 17.8217 ] ] ] } },
{ "type": "Feature", "properties": { "cvegeo": "20528", "municipio_inegi": "Santos Reyes Tepejillo", "clave": "santos reyes tepejillo", "region": "Mixteca", "sin_dato_siap": false }, "geometry": { "type": "Polygon", "coordinates": [ [ [ -97.9171, 17.4466 ], [ -97.9083, 17.4464 ], [ -97.906, 17.4365 ], [ -97.9149, 17.4142 ], [ -97.955, 17.3946 ], [ -97.9602, 17.3599 ], [ -97.9836, 17.39 ], [ -97.9962, 17.3924 ], [ -97.9851, 17.3996 ], [ -97.9748, 17.4225 ], [ -97.9791, 17.4329 ], [ -97.9755, 17.4473 ], [ -97.9789, 17.4561 ], [ -97.9758, 17.4537 ], [ -97.9745, 17.457 ], [ -97.9645, 17.4582 ], [ -97.9657, 17.4631 ], [ -97.9561, 17.4562 ], [ -97.9331, 17.4598 ], [ -97.9252, 17.4647 ], [ -97.9167, 17.4563 ], [ -97.9171, 17.4466 ] ] ] } },
{ "type": "Feature", "properties": { "cvegeo": "20529", "municipio_inegi": "Santos Reyes Yucuná", "clave": "santos reyes yucuna", "region": "Mixteca", "sin_dato_siap": false }, "geometry": { "type": "Polygon", "coordinates": [ [ [ -97.977, 17.8073 ], [ -97.9625, 17.7786 ], [ -97.9511, 17.7737 ], [ -97.9447, 17.7552 ], [ -97.9464, 17.7463 ], [ -97.9899, 17.7523 ], [ -98.0093, 17.7375 ], [ -98.0223, 17.7491 ], [ -98.0405, 17.7566 ], [ -98.0537, 17.7524 ], [ -98.0646, 17.7619 ], [ -98.0738, 17.7619 ], [ -98.0659, 17.7816 ], [ -98.059, 17.7797 ], [ -98.0523, 17.7846 ], [ -98.0432, 17.7803 ], [ -98.0397, 17.7841 ], [ -98.0374, 17.7873 ], [ -98.0411, 17.8011 ], [ -98.0323, 17.808 ], [ -98.0112, 17.7974 ], [ -97.9849, 17.8013 ], [ -97.977, 17.8073 ] ] ] } },
{ "type": "Feature", "properties": { "cvegeo": "20536", "municipio_inegi": "San Vicente Nuñú", "clave": "san vicente nunu", "region": "Mixteca", "sin_dato_siap": false }, "geometry": { "type": "Polygon", "coordinates": [ [ [ -97.4257, 17.4816 ], [ -97.4152, 17.4806 ], [ -97.3988, 17.4673 ], [ -97.4055, 17.4566 ], [ -97.4069, 17.4464 ], [ -97.4006, 17.4331 ], [ -97.4049, 17.4208 ], [ -97.3956, 17.4011 ], [ -97.4299, 17.3863 ], [ -97.4418, 17.3701 ], [ -97.4441, 17.3576 ], [ -97.4659, 17.3995 ], [ -97.469, 17.4481 ], [ -97.4663, 17.4664 ], [ -97.4632, 17.4754 ], [ -97.4463, 17.4814 ], [ -97.4405, 17.4762 ], [ -97.4341, 17.4768 ], [ -97.4257, 17.4816 ] ] ] } },
{ "type": "Feature", "properties": { "cvegeo": "20537", "municipio_inegi": "Silacayoápam", "clave": "silacayoapam", "region": "Mixteca", "sin_dato_siap": false }, "geometry": { "type": "MultiPolygon", "coordinates": [ [ [ [ -98.3208, 17.5962 ], [ -98.3172, 17.6022 ], [ -98.303, 17.5927 ], [ -98.314, 17.5952 ], [ -98.3135, 17.5831 ], [ -98.3061, 17.5775 ], [ -98.3088, 17.5741 ], [ -98.3116, 17.5759 ], [ -98.3195, 17.5691 ], [ -98.326, 17.5688 ], [ -98.335, 17.5749 ], [ -98.3409, 17.5741 ], [ -98.3258, 17.6062 ], [ -98.3195, 17.6033 ], [ -98.3208, 17.5962 ] ] ], [ [ [ -98.248, 17.7894 ], [ -98.214, 17.7756 ], [ -98.2217, 17.7714 ], [ -98.2112, 17.7635 ], [ -98.2184, 17.7521 ], [ -98.2157, 17.7464 ], [ -98.2003, 17.7437 ], [ -98.2006, 17.7594 ], [ -98.1914, 17.7589 ], [ -98.1815, 17.7557 ], [ -98.1531, 17.7337 ], [ -98.1237, 17.7285 ], [ -98.1346, 17.7252 ], [ -98.1319, 17.722 ], [ -98.1366, 17.7207 ], [ -98.1312, 17.7077 ], [ -98.1211, 17.7036 ], [ -98.1351, 17.7044 ], [ -98.1296, 17.6902 ], [ -98.1235, 17.6854 ], [ -98.1364, 17.6798 ], [ -98.1466, 17.6827 ], [ -98.1628, 17.6791 ], [ -98.1619, 17.6722 ], [ -98.1685, 17.6713 ], [ -98.1694, 17.6674 ], [ -98.1567, 17.6607 ], [ -98.1549, 17.6528 ], [ -98.1427, 17.6465 ], [ -98.1542, 17.6366 ], [ -98.1225, 17.6181 ], [ -98.1296, 17.5853 ], [ -98.1372, 17.5818 ], [ -98.1394, 17.5654 ], [ -98.1235, 17.5674 ], [ -98.1271, 17.5705 ], [ -98.1094, 17.5697 ], [ -98.1004, 17.5924 ], [ -98.1021, 17.5964 ], [ -98.0966, 17.5991 ], [ -98.0971, 17.6253 ], [ -98.0885, 17.6413 ], [ -98.0841, 17.6332 ], [ -98.0843, 17.6445 ], [ -98.0693, 17.6467 ], [ -98.0616, 17.6359 ], [ -98.0625, 17.6309 ], [ -98.0534, 17.6258 ], [ -98.0441, 17.6273 ], [ -98.0335, 17.6101 ], [ -98.0421, 17.5905 ], [ -98.0415, 17.5818 ], [ -98.0384, 17.5668 ], [ -98.0344, 17.566 ], [ -98.0377, 17.5545 ], [ -98.0231, 17.5094 ], [ -98.0376, 17.5119 ], [ -98.046, 17.5249 ], [ -98.0673, 17.5294 ], [ -98.073, 17.5123 ], [ -98.0634, 17.5071 ], [ -98.0722, 17.4999 ], [ -98.0643, 17.4989 ], [ -98.0669, 17.4872 ], [ -98.0709, 17.4843 ], [ -98.078, 17.4896 ], [ -98.0856, 17.4677 ], [ -98.0895, 17.4645 ], [ -98.0966, 17.4663 ], [ -98.1117, 17.4543 ], [ -98.1081, 17.4493 ], [ -98.116, 17.4346 ], [ -98.1247, 17.4296 ], [ -98.1329, 17.4157 ], [ -98.1298, 17.4112 ], [ -98.1325, 17.4 ], [ -98.1396, 17.3978 ], [ -98.1418, 17.3797 ], [ -98.1675, 17.3824 ], [ -98.1857, 17.4112 ], [ -98.195, 17.405 ], [ -98.2036, 17.4148 ], [ -98.202, 17.4825 ], [ -98.2121, 17.4866 ], [ -98.2129, 17.5027 ], [ -98.2043, 17.5424 ], [ -98.1995, 17.5443 ], [ -98.1833, 17.6009 ], [ -98.1764, 17.5968 ], [ -98.1818, 17.606 ], [ -98.1822, 17.6192 ], [ -98.1798, 17.6233 ], [ -98.1668, 17.6268 ], [ -98.1653, 17.6298 ], [ -98.17, 17.6297 ], [ -98.1766, 17.6372 ], [ -98.1968, 17.64 ], [ -98.1991, 17.6435 ], [ -98.1936, 17.6636 ], [ -98.1821, 17.6798 ], [ -98.1815, 17.7086 ], [ -98.1822, 17.7198 ], [ -98.2014, 17.7175 ], [ -98.2032, 17.7306 ], [ -98.198, 17.7421 ], [ -98.2075, 17.7327 ], [ -98.2114, 17.7335 ], [ -98.2204, 17.7416 ], [ -98.2267, 17.7415 ], [ -98.2381, 17.7618 ], [ -98.2446, 17.7553 ], [ -98.2647, 17.7689 ], [ -98.2648, 17.774 ], [ -98.2697, 17.7763 ], [ -98.2676, 17.7842 ], [ -98.2575, 17.7854 ], [ -98.2525, 17.7975 ], [ -98.248, 17.7894 ] ] ] ] } },
{ "type": "Feature", "properties": { "cvegeo": "20530", "municipio_inegi": "Santo Tomás Jalieza", "clave": "santo tomas jalieza", "region": "Valles Centrales", "sin_dato_siap": false }, "geometry": { "type": "Polygon", "coordinates": [ [ [ -96.6329, 16.9172 ], [ -96.6284, 16.888 ], [ -96.6151, 16.8962 ], [ -96.6099, 16.8925 ], [ -96.6105, 16.8831 ], [ -96.5803, 16.8399 ], [ -96.6275, 16.8249 ], [ -96.6557, 16.8274 ], [ -96.6663, 16.8373 ], [ -96.6665, 16.8343 ], [ -96.6719, 16.8383 ], [ -96.6755, 16.835 ], [ -96.6817, 16.8367 ], [ -96.6827, 16.8523 ], [ -96.6785, 16.8691 ], [ -96.6581, 16.8625 ], [ -96.6599, 16.873 ], [ -96.6669, 16.8729 ], [ -96.6704, 16.8775 ], [ -96.6768, 16.8733 ], [ -96.6666, 16.8942 ], [ -96.6585, 16.9263 ], [ -96.6303, 16.919 ], [ -96.6329, 16.9172 ] ] ] } },
{ "type": "Feature", "properties": { "cvegeo": "20531", "municipio_inegi": "Santo Tomás Mazaltepec", "clave": "santo tomas mazaltepec", "region": "Valles Centrales", "sin_dato_siap": false }, "geometry": { "type": "Polygon", "coordinates": [ [ [ -96.8705, 17.1805 ], [ -96.8652, 17.1778 ], [ -96.8711, 17.1387 ], [ -96.9216, 17.1194 ], [ -96.9308, 17.106 ], [ -96.9637, 17.1512 ], [ -96.9525, 17.1614 ], [ -96.9004, 17.1634 ], [ -96.9002, 17.1674 ], [ -96.8936, 17.1689 ], [ -96.888, 17.1791 ], [ -96.8705, 17.1805 ] ] ] } },
{ "type": "Feature", "properties": { "cvegeo": "20532", "municipio_inegi": "Santo Tomás Ocotepec", "clave": "santo tomas ocotepec", "region": "Mixteca", "sin_dato_siap": false }, "geometry": { "type": "Polygon", "coordinates": [ [ [ -97.7602, 17.1723 ], [ -97.7527, 17.1647 ], [ -97.7559, 17.1591 ], [ -97.7526, 17.1487 ], [ -97.7341, 17.1393 ], [ -97.7275, 17.1289 ], [ -97.7385, 17.1195 ], [ -97.7376, 17.1148 ], [ -97.7459, 17.1041 ], [ -97.7424, 17.0963 ], [ -97.7426, 17.0709 ], [ -97.7565, 17.068 ], [ -97.7765, 17.0765 ], [ -97.7864, 17.0856 ], [ -97.811, 17.0918 ], [ -97.8205, 17.0887 ], [ -97.8148, 17.0804 ], [ -97.8162, 17.0753 ], [ -97.8311, 17.074 ], [ -97.8483, 17.0779 ], [ -97.853, 17.0887 ], [ -97.839, 17.1129 ], [ -97.8262, 17.1116 ], [ -97.811, 17.1195 ], [ -97.8017, 17.1271 ], [ -97.8017, 17.1383 ], [ -97.7945, 17.1558 ], [ -97.7827, 17.1651 ], [ -97.7602, 17.1723 ] ] ] } },
{ "type": "Feature", "properties": { "cvegeo": "20533", "municipio_inegi": "Santo Tomás Tamazulapan", "clave": "santo tomas tamazulapan", "region": "Valles Centrales", "sin_dato_siap": false }, "geometry": { "type": "Polygon", "coordinates": [ [ [ -96.5519, 16.2891 ], [ -96.5349, 16.2514 ], [ -96.5455, 16.2492 ], [ -96.5489, 16.2495 ], [ -96.548, 16.2527 ], [ -96.5575, 16.2519 ], [ -96.5386, 16.2163 ], [ -96.5647, 16.203 ], [ -96.5406, 16.2072 ], [ -96.5851, 16.1908 ], [ -96.6011, 16.2145 ], [ -96.6086, 16.2179 ], [ -96.6367, 16.2463 ], [ -96.6105, 16.2649 ], [ -96.6126, 16.2719 ], [ -96.5979, 16.2767 ], [ -96.5964, 16.2802 ], [ -96.5676, 16.2806 ], [ -96.5519, 16.2891 ] ] ] } },
{ "type": "Feature", "properties": { "cvegeo": "20534", "municipio_inegi": "San Vicente Coatlán", "clave": "san vicente coatlan", "region": "Valles Centrales", "sin_dato_siap": false }, "geometry": { "type": "Polygon", "coordinates": [ [ [ -96.8161, 16.4164 ], [ -96.7942, 16.3984 ], [ -96.7862, 16.3985 ], [ -96.7852, 16.3712 ], [ -96.7808, 16.3728 ], [ -96.7757, 16.3476 ], [ -96.7632, 16.3352 ], [ -96.7872, 16.3162 ], [ -96.7943, 16.3228 ], [ -96.7955, 16.3323 ], [ -96.8143, 16.3413 ], [ -96.836, 16.3372 ], [ -96.8381, 16.3304 ], [ -96.8528, 16.33 ], [ -96.862, 16.3179 ], [ -96.8689, 16.3294 ], [ -96.8858, 16.3263 ], [ -96.8813, 16.3329 ], [ -96.8822, 16.3385 ], [ -96.874, 16.3422 ], [ -96.8791, 16.3539 ], [ -96.8827, 16.3494 ], [ -96.8852, 16.3512 ], [ -96.8925, 16.3667 ], [ -96.8779, 16.3752 ], [ -96.8836, 16.3754 ], [ -96.8852, 16.3787 ], [ -96.8804, 16.4093 ], [ -96.8677, 16.4248 ], [ -96.868, 16.4359 ], [ -96.8523, 16.432 ], [ -96.8358, 16.4209 ], [ -96.8161, 16.4164 ] ] ] } },
{ "type": "Feature", "properties": { "cvegeo": "20541", "municipio_inegi": "Tanetze de Zaragoza", "clave": "tanetze de zaragoza", "region": "Sierra Juárez", "sin_dato_siap": false }, "geometry": { "type": "Polygon", "coordinates": [ [ [ -96.2904, 17.4133 ], [ -96.2717, 17.3962 ], [ -96.2696, 17.3885 ], [ -96.2729, 17.3785 ], [ -96.2774, 17.3768 ], [ -96.2735, 17.3656 ], [ -96.2774, 17.3528 ], [ -96.2873, 17.3626 ], [ -96.3048, 17.3622 ], [ -96.3132, 17.3682 ], [ -96.3218, 17.3819 ], [ -96.3117, 17.3956 ], [ -96.3144, 17.3986 ], [ -96.3111, 17.4076 ], [ -96.2924, 17.4071 ], [ -96.2904, 17.4133 ] ] ] } },
{ "type": "Feature", "properties": { "cvegeo": "20538", "municipio_inegi": "Sitio de Xitlapehua", "clave": "sitio de xitlapehua", "region": "Valles Centrales", "sin_dato_siap": false }, "geometry": { "type": "Polygon", "coordinates": [ [ [ -96.5346, 16.3629 ], [ -96.5295, 16.364 ], [ -96.5172, 16.3496 ], [ -96.519, 16.3369 ], [ -96.5256, 16.333 ], [ -96.5281, 16.322 ], [ -96.54, 16.3244 ], [ -96.5444, 16.3523 ], [ -96.559, 16.3634 ], [ -96.5573, 16.3784 ], [ -96.5402, 16.4123 ], [ -96.5392, 16.3819 ], [ -96.5346, 16.3629 ] ] ] } },
{ "type": "Feature", "properties": { "cvegeo": "20544", "municipio_inegi": "Teococuilco de Marcos Pérez", "clave": "teococuilco de marcos perez", "region": "Sierra Juárez", "sin_dato_siap": false }, "geometry": { "type": "Polygon", "coordinates": [ [ [ -96.6697, 17.4022 ], [ -96.6633, 17.3959 ], [ -96.6611, 17.3862 ], [ -96.648, 17.3758 ], [ -96.6234, 17.368 ], [ -96.6093, 17.3671 ], [ -96.5856, 17.3757 ], [ -96.5775, 17.3601 ], [ -96.5762, 17.3495 ], [ -96.5885, 17.3367 ], [ -96.593, 17.3199 ], [ -96.6183, 17.3247 ], [ -96.6444, 17.3109 ], [ -96.6528, 17.3103 ], [ -96.6563, 17.3056 ], [ -96.6669, 17.3049 ], [ -96.6817, 17.2976 ], [ -96.6941, 17.2834 ], [ -96.6878, 17.2647 ], [ -96.6978, 17.2603 ], [ -96.695, 17.2448 ], [ -96.7054, 17.2368 ], [ -96.7272, 17.2496 ], [ -96.7474, 17.2835 ], [ -96.7295, 17.2917 ], [ -96.7137, 17.3043 ], [ -96.7196, 17.3294 ], [ -96.7338, 17.3551 ], [ -96.6874, 17.3753 ], [ -96.6709, 17.3866 ], [ -96.6754, 17.4009 ], [ -96.6697, 17.4022 ] ] ] } },
{ "type": "Feature", "properties": { "cvegeo": "20539", "municipio_inegi": "Soledad Etla", "clave": "soledad etla", "region": "Valles Centrales", "sin_dato_siap": false }, "geometry": { "type": "Polygon", "coordinates": [ [ [ -96.8208, 17.1748 ], [ -96.8003, 17.1606 ], [ -96.8, 17.1525 ], [ -96.8091, 17.1543 ], [ -96.8032, 17.1439 ], [ -96.811, 17.1409 ], [ -96.8126, 17.1461 ], [ -96.8086, 17.1493 ], [ -96.8125, 17.1522 ], [ -96.8316, 17.1435 ], [ -96.8356, 17.1548 ], [ -96.8555, 17.1586 ], [ -96.8467, 17.1662 ], [ -96.8447, 17.1742 ], [ -96.8208, 17.1748 ] ] ] } },
{ "type": "Feature", "properties": { "cvegeo": "20540", "municipio_inegi": "Villa de Tamazulápam del Progreso", "clave": "villa de tamazulapam del progreso", "region": "Mixteca", "sin_dato_siap": false }, "geometry": { "type": "Polygon", "coordinates": [ [ [ -97.5739, 17.7734 ], [ -97.5716, 17.7672 ], [ -97.5751, 17.7612 ], [ -97.566, 17.7523 ], [ -97.5624, 17.7317 ], [ -97.5445, 17.7113 ], [ -97.5235, 17.7027 ], [ -97.5251, 17.6676 ], [ -97.5134, 17.6291 ], [ -97.5375, 17.6287 ], [ -97.5642, 17.6168 ], [ -97.5716, 17.6168 ], [ -97.5856, 17.6326 ], [ -97.642, 17.6688 ], [ -97.6263, 17.7028 ], [ -97.6265, 17.72 ], [ -97.6449, 17.7682 ], [ -97.6373, 17.7684 ], [ -97.6133, 17.7543 ], [ -97.6041, 17.7556 ], [ -97.5739, 17.7734 ] ] ] } },
{ "type": "Feature", "properties": { "cvegeo": "20542", "municipio_inegi": "Taniche", "clave": "taniche", "region": "Valles Centrales", "sin_dato_siap": false }, "geometry": { "type": "Polygon", "coordinates": [ [ [ -96.7849, 16.5859 ], [ -96.7491, 16.5819 ], [ -96.7609, 16.5759 ], [ -96.7493, 16.5757 ], [ -96.7488, 16.571 ], [ -96.745, 16.5721 ], [ -96.7425, 16.5684 ], [ -96.7543, 16.5618 ], [ -96.7756, 16.5606 ], [ -96.7863, 16.5489 ], [ -96.7849, 16.5859 ] ] ] } },
{ "type": "Feature", "properties": { "cvegeo": "20543", "municipio_inegi": "Tataltepec de Valdés", "clave": "tataltepec de valdes", "region": "Costa", "sin_dato_siap": false }, "geometry": { "type": "Polygon", "coordinates": [ [ [ -97.6059, 16.3879 ], [ -97.5815, 16.38 ], [ -97.5519, 16.3595 ], [ -97.4823, 16.362 ], [ -97.4681, 16.3493 ], [ -97.4371, 16.3354 ], [ -97.4403, 16.2797 ], [ -97.4585, 16.2744 ], [ -97.4591, 16.269 ], [ -97.4667, 16.2643 ], [ -97.4746, 16.2739 ], [ -97.4777, 16.2686 ], [ -97.4761, 16.2626 ], [ -97.4805, 16.2618 ], [ -97.4834, 16.2699 ], [ -97.4911, 16.2648 ], [ -97.4887, 16.2603 ], [ -97.4973, 16.2615 ], [ -97.4972, 16.258 ], [ -97.5035, 16.2569 ], [ -97.5029, 16.2517 ], [ -97.5076, 16.2559 ], [ -97.5101, 16.2491 ], [ -97.5138, 16.2504 ], [ -97.5165, 16.2472 ], [ -97.5207, 16.2465 ], [ -97.5253, 16.2513 ], [ -97.5281, 16.2484 ], [ -97.5341, 16.2497 ], [ -97.5352, 16.2446 ], [ -97.5425, 16.2476 ], [ -97.5487, 16.2451 ], [ -97.5491, 16.2412 ], [ -97.5571, 16.2443 ], [ -97.5768, 16.2409 ], [ -97.5801, 16.2374 ], [ -97.5924, 16.2386 ], [ -97.5948, 16.2433 ], [ -97.599, 16.2437 ], [ -97.5918, 16.2534 ], [ -97.6017, 16.2619 ], [ -97.6087, 16.2813 ], [ -97.6054, 16.2933 ], [ -97.615, 16.2984 ], [ -97.5999, 16.3154 ], [ -97.6119, 16.319 ], [ -97.6294, 16.3364 ], [ -97.6136, 16.3401 ], [ -97.6111, 16.3488 ], [ -97.6179, 16.3587 ], [ -97.6106, 16.3634 ], [ -97.6059, 16.3879 ] ] ] } },
{ "type": "Feature", "properties": { "cvegeo": "20545", "municipio_inegi": "Teotitlán de Flores Magón", "clave": "teotitlan de flores magon", "region": "Cañada", "sin_dato_siap": false }, "geometry": { "type": "Polygon", "coordinates": [ [ [ -96.9964, 18.1715 ], [ -96.9951, 18.1534 ], [ -97.0049, 18.1433 ], [ -97.046, 18.1218 ], [ -97.0785, 18.112 ], [ -97.0772, 18.1099 ], [ -97.0946, 18.1011 ], [ -97.0995, 18.0909 ], [ -97.0887, 18.0874 ], [ -97.0873, 18.079 ], [ -97.0932, 18.0702 ], [ -97.1099, 18.0701 ], [ -97.1161, 18.0639 ], [ -97.1152, 18.0449 ], [ -97.1277, 18.0442 ], [ -97.1304, 18.0495 ], [ -97.1351, 18.0465 ], [ -97.1438, 18.0502 ], [ -97.153, 18.0412 ], [ -97.1663, 18.043 ], [ -97.165, 18.039 ], [ -97.1701, 18.0357 ], [ -97.1833, 18.0323 ], [ -97.1923, 18.0353 ], [ -97.2134, 18.1066 ], [ -97.1998, 18.1187 ], [ -97.1882, 18.1264 ], [ -97.1735, 18.1055 ], [ -97.127, 18.1162 ], [ -97.1192, 18.0963 ], [ -97.1085, 18.1097 ], [ -97.1095, 18.1187 ], [ -97.1158, 18.1159 ], [ -97.1228, 18.1216 ], [ -97.1211, 18.1285 ], [ -97.118, 18.1252 ], [ -97.116, 18.1282 ], [ -97.1189, 18.1357 ], [ -97.1102, 18.1422 ], [ -97.0887, 18.1492 ], [ -97.0421, 18.1566 ], [ -97.0377, 18.1725 ], [ -97.0402, 18.1748 ], [ -97.009, 18.2059 ], [ -97.0033, 18.1954 ], [ -97.0044, 18.1849 ], [ -96.9964, 18.1715 ] ] ] } },
{ "type": "Feature", "properties": { "cvegeo": "20546", "municipio_inegi": "Teotitlán del Valle", "clave": "teotitlan del valle", "region": "Valles Centrales", "sin_dato_siap": false }, "geometry": { "type": "Polygon", "coordinates": [ [ [ -96.4816, 17.1132 ], [ -96.4672, 17.107 ], [ -96.4698, 17.0924 ], [ -96.4631, 17.0808 ], [ -96.4685, 17.0733 ], [ -96.47, 17.0597 ], [ -96.4669, 17.0514 ], [ -96.4969, 16.9871 ], [ -96.5255, 16.9947 ], [ -96.5372, 17.0446 ], [ -96.5363, 17.0592 ], [ -96.5422, 17.0665 ], [ -96.554, 17.0455 ], [ -96.5606, 17.0162 ], [ -96.569, 17.0192 ], [ -96.5689, 17.0105 ], [ -96.5816, 17.0164 ], [ -96.5784, 17.0297 ], [ -96.5809, 17.0373 ], [ -96.596, 17.048 ], [ -96.5889, 17.057 ], [ -96.5467, 17.0843 ], [ -96.5477, 17.0874 ], [ -96.5346, 17.106 ], [ -96.5233, 17.114 ], [ -96.5067, 17.1027 ], [ -96.4907, 17.1132 ], [ -96.4816, 17.1132 ] ] ] } },
{ "type": "Feature", "properties": { "cvegeo": "20547", "municipio_inegi": "Teotongo", "clave": "teotongo", "region": "Mixteca", "sin_dato_siap": false }, "geometry": { "type": "Polygon", "coordinates": [ [ [ -97.5662, 17.7888 ], [ -97.5532, 17.7803 ], [ -97.5185, 17.787 ], [ -97.5149, 17.7824 ], [ -97.5095, 17.7565 ], [ -97.5215, 17.7484 ], [ -97.5088, 17.7253 ], [ -97.5021, 17.7235 ], [ -97.5061, 17.7184 ], [ -97.5013, 17.7226 ], [ -97.4944, 17.721 ], [ -97.5103, 17.7166 ], [ -97.5235, 17.7027 ], [ -97.5481, 17.7152 ], [ -97.5624, 17.7317 ], [ -97.5681, 17.7571 ], [ -97.5751, 17.7612 ], [ -97.5716, 17.7672 ], [ -97.5746, 17.7781 ], [ -97.5662, 17.7888 ] ] ] } },
{ "type": "Feature", "properties": { "cvegeo": "20548", "municipio_inegi": "Tepelmeme Villa de Morelos", "clave": "tepelmeme villa de morelos", "region": "Mixteca", "sin_dato_siap": false }, "geometry": { "type": "Polygon", "coordinates": [ [ [ -97.2278, 18.1737 ], [ -97.2143, 18.1637 ], [ -97.2134, 18.1066 ], [ -97.1923, 18.0353 ], [ -97.1958, 17.9704 ], [ -97.2454, 17.9153 ], [ -97.3886, 17.8259 ], [ -97.393, 17.8631 ], [ -97.3884, 17.8725 ], [ -97.3957, 17.8842 ], [ -97.4069, 17.8892 ], [ -97.4177, 17.9021 ], [ -97.4223, 17.9117 ], [ -97.4144, 17.9202 ], [ -97.4197, 17.9373 ], [ -97.4255, 17.9441 ], [ -97.4093, 17.9525 ], [ -97.3652, 18.0446 ], [ -97.3629, 18.0735 ], [ -97.3696, 18.0886 ], [ -97.3665, 18.1014 ], [ -97.369, 18.1033 ], [ -97.3551, 18.1168 ], [ -97.3549, 18.1218 ], [ -97.3397, 18.1302 ], [ -97.3321, 18.1455 ], [ -97.3184, 18.1458 ], [ -97.3033, 18.1591 ], [ -97.2663, 18.1585 ], [ -97.2472, 18.1697 ], [ -97.2444, 18.1668 ], [ -97.2427, 18.1713 ], [ -97.237, 18.1732 ], [ -97.2328, 18.1703 ], [ -97.2278, 18.1737 ] ] ] } },
{ "type": "Feature", "properties": { "cvegeo": "20549", "municipio_inegi": "Heroica Villa Tezoatlán de Segura y Luna, Cuna de la Independencia de Oaxaca", "clave": "heroica villa tezoatlan de segura y luna cuna de la independencia de oaxaca", "region": "Mixteca", "sin_dato_siap": false }, "geometry": { "type": "Polygon", "coordinates": [ [ [ -97.8317, 17.726 ], [ -97.827, 17.7048 ], [ -97.8203, 17.7078 ], [ -97.8028, 17.7061 ], [ -97.8037, 17.7144 ], [ -97.7894, 17.7167 ], [ -97.7778, 17.6944 ], [ -97.7736, 17.6957 ], [ -97.7724, 17.6918 ], [ -97.7707, 17.6942 ], [ -97.7708, 17.6803 ], [ -97.7573, 17.6604 ], [ -97.732, 17.6747 ], [ -97.7215, 17.6597 ], [ -97.716, 17.6591 ], [ -97.7156, 17.6524 ], [ -97.7271, 17.645 ], [ -97.7421, 17.6256 ], [ -97.7444, 17.6029 ], [ -97.7365, 17.5911 ], [ -97.7572, 17.5751 ], [ -97.8041, 17.5251 ], [ -97.8153, 17.5211 ], [ -97.8301, 17.5262 ], [ -97.8355, 17.5218 ], [ -97.8574, 17.4819 ], [ -97.8544, 17.4508 ], [ -97.8636, 17.4447 ], [ -97.8636, 17.4359 ], [ -97.8857, 17.4201 ], [ -97.8912, 17.4265 ], [ -97.902, 17.4269 ], [ -97.9038, 17.4367 ], [ -97.9084, 17.4372 ], [ -97.9083, 17.4464 ], [ -97.9129, 17.444 ], [ -97.9171, 17.4466 ], [ -97.9167, 17.4563 ], [ -97.9252, 17.4647 ], [ -97.9331, 17.4598 ], [ -97.9617, 17.4579 ], [ -97.9642, 17.4773 ], [ -97.9707, 17.4747 ], [ -97.9691, 17.4811 ], [ -97.9761, 17.4964 ], [ -97.9719, 17.504 ], [ -97.9722, 17.5292 ], [ -97.9491, 17.5267 ], [ -97.9375, 17.5304 ], [ -97.9403, 17.5392 ], [ -97.9452, 17.54 ], [ -97.9471, 17.5579 ], [ -97.9573, 17.5548 ], [ -97.9554, 17.5585 ], [ -97.9622, 17.5802 ], [ -97.9519, 17.6186 ], [ -97.9451, 17.6123 ], [ -97.9274, 17.6184 ], [ -97.9349, 17.6557 ], [ -97.8905, 17.6797 ], [ -97.8686, 17.6994 ], [ -97.8669, 17.6933 ], [ -97.8572, 17.6869 ], [ -97.8522, 17.6916 ], [ -97.8464, 17.6895 ], [ -97.8461, 17.6968 ], [ -97.8387, 17.705 ], [ -97.847, 17.7238 ], [ -97.8409, 17.7199 ], [ -97.8317, 17.726 ] ] ] } },
{ "type": "Feature", "properties": { "cvegeo": "20550", "municipio_inegi": "San Jerónimo Tlacochahuaya", "clave": "san jeronimo tlacochahuaya", "region": "Valles Centrales", "sin_dato_siap": false }, "geometry": { "type": "Polygon", "coordinates": [ [ [ -96.5372, 17.0446 ], [ -96.5255, 16.9947 ], [ -96.5125, 16.9917 ], [ -96.5193, 16.9709 ], [ -96.5505, 16.9766 ], [ -96.5609, 16.9873 ], [ -96.5724, 16.9797 ], [ -96.5798, 17.0012 ], [ -96.5912, 17.0063 ], [ -96.5924, 17.0022 ], [ -96.5951, 17.0031 ], [ -96.5916, 17.0106 ], [ -96.5811, 17.0168 ], [ -96.5689, 17.0105 ], [ -96.569, 17.0192 ], [ -96.5606, 17.0162 ], [ -96.554, 17.0455 ], [ -96.5422, 17.0665 ], [ -96.5363, 17.0592 ], [ -96.5372, 17.0446 ] ] ] } },
{ "type": "Feature", "properties": { "cvegeo": "20569", "municipio_inegi": "Santa Inés de Zaragoza", "clave": "santa ines de zaragoza", "region": "Mixteca", "sin_dato_siap": false }, "geometry": { "type": "Polygon", "coordinates": [ [ [ -97.1482, 17.3279 ], [ -97.1317, 17.3255 ], [ -97.1019, 17.3119 ], [ -97.0767, 17.2795 ], [ -97.1282, 17.2523 ], [ -97.1459, 17.2212 ], [ -97.1702, 17.2014 ], [ -97.1829, 17.2539 ], [ -97.1778, 17.301 ], [ -97.1482, 17.3279 ] ] ] } },
{ "type": "Feature", "properties": { "cvegeo": "20570", "municipio_inegi": "Zimatlán de Álvarez", "clave": "zimatlan de alvarez", "region": "Valles Centrales", "sin_dato_siap": false }, "geometry": { "type": "MultiPolygon", "coordinates": [ [ [ [ -97.1235, 16.8555 ], [ -97.1117, 16.8514 ], [ -97.1139, 16.8434 ], [ -97.1293, 16.8308 ], [ -97.1124, 16.8153 ], [ -97.1077, 16.8146 ], [ -97.1006, 16.8204 ], [ -97.0895, 16.8174 ], [ -97.0824, 16.8263 ], [ -97.0753, 16.825 ], [ -97.0656, 16.8375 ], [ -97.0599, 16.8279 ], [ -97.0442, 16.8329 ], [ -97.0403, 16.8107 ], [ -97.0336, 16.804 ], [ -97.0311, 16.7939 ], [ -97.0224, 16.7866 ], [ -97.0167, 16.7664 ], [ -97.0243, 16.7591 ], [ -97.0272, 16.7618 ], [ -97.0219, 16.7735 ], [ -97.0317, 16.7694 ], [ -97.0471, 16.7702 ], [ -97.0962, 16.7294 ], [ -97.0977, 16.7232 ], [ -97.0847, 16.7088 ], [ -97.0888, 16.7045 ], [ -97.08, 16.7009 ], [ -97.0687, 16.7076 ], [ -97.0671, 16.7017 ], [ -97.0777, 16.6986 ], [ -97.0749, 16.6795 ], [ -97.0829, 16.6625 ], [ -97.0842, 16.6266 ], [ -97.0795, 16.6188 ], [ -97.0901, 16.5836 ], [ -97.0907, 16.5939 ], [ -97.0999, 16.601 ], [ -97.1034, 16.6167 ], [ -97.0992, 16.6176 ], [ -97.1005, 16.6207 ], [ -97.0959, 16.6251 ], [ -97.1147, 16.6469 ], [ -97.1262, 16.6475 ], [ -97.1331, 16.6522 ], [ -97.1408, 16.671 ], [ -97.1548, 16.6669 ], [ -97.1618, 16.6593 ], [ -97.1813, 16.6623 ], [ -97.1893, 16.6578 ], [ -97.1876, 16.6653 ], [ -97.172, 16.682 ], [ -97.1616, 16.6858 ], [ -97.1787, 16.6931 ], [ -97.1823, 16.7073 ], [ -97.2056, 16.7182 ], [ -97.1835, 16.7289 ], [ -97.1736, 16.7236 ], [ -97.1724, 16.7169 ], [ -97.1681, 16.7151 ], [ -97.1678, 16.7263 ], [ -97.1736, 16.7356 ], [ -97.1561, 16.7475 ], [ -97.157, 16.7509 ], [ -97.1462, 16.7636 ], [ -97.1656, 16.7583 ], [ -97.1679, 16.7642 ], [ -97.1723, 16.7654 ], [ -97.1758, 16.7767 ], [ -97.1843, 16.7799 ], [ -97.1877, 16.7851 ], [ -97.1882, 16.7952 ], [ -97.1789, 16.8072 ], [ -97.1786, 16.8173 ], [ -97.173, 16.819 ], [ -97.1688, 16.8286 ], [ -97.1696, 16.847 ], [ -97.1594, 16.8481 ], [ -97.1619, 16.8411 ], [ -97.1592, 16.8346 ], [ -97.1446, 16.8336 ], [ -97.1444, 16.84 ], [ -97.136, 16.8498 ], [ -97.1235, 16.8555 ] ] ], [ [ [ -96.8306, 16.7795 ], [ -96.8227, 16.7818 ], [ -96.8193, 16.7746 ], [ -96.8118, 16.7784 ], [ -96.8085, 16.7761 ], [ -96.7957, 16.7434 ], [ -96.8015, 16.7377 ], [ -96.8185, 16.7462 ], [ -96.8102, 16.7503 ], [ -96.8141, 16.7549 ], [ -96.8186, 16.7513 ], [ -96.8311, 16.7671 ], [ -96.8361, 16.7693 ], [ -96.8426, 16.7609 ], [ -96.8474, 16.7614 ], [ -96.8509, 16.7693 ], [ -96.861, 16.7656 ], [ -96.8686, 16.7717 ], [ -96.8571, 16.7743 ], [ -96.8414, 16.7718 ], [ -96.8374, 16.78 ], [ -96.8389, 16.7843 ], [ -96.8306, 16.7795 ] ] ], [ [ [ -96.7653, 16.9177 ], [ -96.7658, 16.9112 ], [ -96.771, 16.9089 ], [ -96.7722, 16.904 ], [ -96.7876, 16.906 ], [ -96.788, 16.8972 ], [ -96.7808, 16.895 ], [ -96.7784, 16.8831 ], [ -96.7613, 16.875 ], [ -96.7555, 16.8792 ], [ -96.7504, 16.8772 ], [ -96.7588, 16.854 ], [ -96.7553, 16.8279 ], [ -96.7947, 16.8394 ], [ -96.7867, 16.843 ], [ -96.8133, 16.8505 ], [ -96.8149, 16.8305 ], [ -96.8583, 16.8515 ], [ -96.8501, 16.8768 ], [ -96.8268, 16.8956 ], [ -96.8242, 16.9111 ], [ -96.8134, 16.9111 ], [ -96.8123, 16.9182 ], [ -96.7691, 16.9148 ], [ -96.7653, 16.9177 ] ] ], [ [ [ -96.9018, 16.9336 ], [ -96.9034, 16.9274 ], [ -96.9203, 16.9178 ], [ -96.9254, 16.9064 ], [ -96.9179, 16.89 ], [ -96.9192, 16.8805 ], [ -96.9353, 16.8966 ], [ -96.9551, 16.9006 ], [ -96.9641, 16.9109 ], [ -96.9629, 16.9269 ], [ -96.9559, 16.9305 ], [ -96.9018, 16.9336 ] ] ] ] } },
{ "type": "Feature", "properties": { "cvegeo": "20551", "municipio_inegi": "Tlacolula de Matamoros", "clave": "tlacolula de matamoros", "region": "Valles Centrales", "sin_dato_siap": false }, "geometry": { "type": "MultiPolygon", "coordinates": [ [ [ [ -96.1405, 16.7372 ], [ -96.2001, 16.7226 ], [ -96.1984, 16.8107 ], [ -96.1687, 16.8146 ], [ -96.1502, 16.811 ], [ -96.1461, 16.7985 ], [ -96.1405, 16.7372 ] ] ], [ [ [ -96.4838, 16.9823 ], [ -96.451, 16.9848 ], [ -96.4593, 16.9665 ], [ -96.4413, 16.9619 ], [ -96.4383, 16.9671 ], [ -96.4089, 16.952 ], [ -96.4231, 16.9456 ], [ -96.4109, 16.932 ], [ -96.4138, 16.9228 ], [ -96.4267, 16.9301 ], [ -96.4264, 16.9239 ], [ -96.4193, 16.9204 ], [ -96.4293, 16.9112 ], [ -96.4342, 16.911 ], [ -96.5087, 16.9295 ], [ -96.5247, 16.871 ], [ -96.5445, 16.8925 ], [ -96.5463, 16.9307 ], [ -96.5087, 16.9296 ], [ -96.5066, 16.9548 ], [ -96.5193, 16.9709 ], [ -96.5125, 16.9917 ], [ -96.4838, 16.9823 ] ] ] ] } },
{ "type": "Feature", "properties": { "cvegeo": "20552", "municipio_inegi": "Tlacotepec Plumas", "clave": "tlacotepec plumas", "region": "Mixteca", "sin_dato_siap": false }, "geometry": { "type": "Polygon", "coordinates": [ [ [ -97.4283, 17.8403 ], [ -97.4311, 17.8354 ], [ -97.4278, 17.8289 ], [ -97.4532, 17.8249 ], [ -97.4603, 17.8288 ], [ -97.468, 17.8249 ], [ -97.4689, 17.838 ], [ -97.4931, 17.8641 ], [ -97.5213, 17.883 ], [ -97.529, 17.9022 ], [ -97.5257, 17.9176 ], [ -97.4925, 17.9114 ], [ -97.4703, 17.8897 ], [ -97.4338, 17.8772 ], [ -97.4283, 17.8403 ] ] ] } },
{ "type": "Feature", "properties": { "cvegeo": "20553", "municipio_inegi": "Tlalixtac de Cabrera", "clave": "tlalixtac de cabrera", "region": "Valles Centrales", "sin_dato_siap": false }, "geometry": { "type": "Polygon", "coordinates": [ [ [ -96.6225, 17.1449 ], [ -96.6072, 17.1192 ], [ -96.5978, 17.1174 ], [ -96.5922, 17.1217 ], [ -96.538, 17.1315 ], [ -96.5233, 17.114 ], [ -96.5378, 17.1003 ], [ -96.6026, 17.0902 ], [ -96.6141, 17.0706 ], [ -96.6247, 17.0746 ], [ -96.6268, 17.0666 ], [ -96.6354, 17.0636 ], [ -96.6353, 17.0532 ], [ -96.6402, 17.0531 ], [ -96.6429, 17.0414 ], [ -96.6663, 17.0093 ], [ -96.6694, 17.0123 ], [ -96.6668, 17.0213 ], [ -96.6734, 17.0486 ], [ -96.6613, 17.0671 ], [ -96.6639, 17.0715 ], [ -96.6608, 17.0903 ], [ -96.6551, 17.0938 ], [ -96.6505, 17.1458 ], [ -96.6427, 17.1441 ], [ -96.6363, 17.1355 ], [ -96.6225, 17.1449 ] ] ] } },
{ "type": "Feature", "properties": { "cvegeo": "20554", "municipio_inegi": "Totontepec Villa de Morelos", "clave": "totontepec villa de morelos", "region": "Sierra Juárez", "sin_dato_siap": false }, "geometry": { "type": "Polygon", "coordinates": [ [ [ -96.0666, 17.327 ], [ -96.0649, 17.3177 ], [ -96.0468, 17.3171 ], [ -96.0386, 17.323 ], [ -96.0291, 17.3218 ], [ -96.0215, 17.3157 ], [ -95.9895, 17.3199 ], [ -95.9964, 17.3167 ], [ -95.9866, 17.31 ], [ -95.9781, 17.3129 ], [ -95.9677, 17.3019 ], [ -95.9727, 17.2942 ], [ -95.9696, 17.2866 ], [ -95.9498, 17.2912 ], [ -95.9395, 17.2823 ], [ -95.9413, 17.2785 ], [ -95.9384, 17.2765 ], [ -95.9353, 17.2795 ], [ -95.9246, 17.2725 ], [ -95.8996, 17.273 ], [ -95.8968, 17.2608 ], [ -95.9021, 17.2371 ], [ -95.9091, 17.2386 ], [ -95.9159, 17.2349 ], [ -95.9257, 17.2387 ], [ -95.9297, 17.2332 ], [ -95.9349, 17.2358 ], [ -95.9434, 17.2255 ], [ -95.9574, 17.2173 ], [ -95.9651, 17.1985 ], [ -95.9979, 17.174 ], [ -96.0108, 17.1438 ], [ -96.0387, 17.1653 ], [ -96.0566, 17.1611 ], [ -96.0615, 17.164 ], [ -96.0609, 17.1706 ], [ -96.0684, 17.1862 ], [ -96.0635, 17.1967 ], [ -96.0641, 17.205 ], [ -96.0883, 17.2107 ], [ -96.1142, 17.2081 ], [ -96.1261, 17.2223 ], [ -96.1461, 17.2312 ], [ -96.1378, 17.2342 ], [ -96.1367, 17.238 ], [ -96.1302, 17.2378 ], [ -96.1128, 17.2604 ], [ -96.1053, 17.2614 ], [ -96.1003, 17.2727 ], [ -96.0854, 17.2807 ], [ -96.0811, 17.2908 ], [ -96.088, 17.2953 ], [ -96.0805, 17.3016 ], [ -96.0852, 17.3038 ], [ -96.0814, 17.3109 ], [ -96.0822, 17.323 ], [ -96.0696, 17.3234 ], [ -96.0666, 17.327 ] ] ] } },
{ "type": "Feature", "properties": { "cvegeo": "20555", "municipio_inegi": "Trinidad Zaachila", "clave": "trinidad zaachila", "region": "Valles Centrales", "sin_dato_siap": false }, "geometry": { "type": "Polygon", "coordinates": [ [ [ -96.752, 16.9234 ], [ -96.7575, 16.9167 ], [ -96.7576, 16.9023 ], [ -96.7658, 16.9112 ], [ -96.7643, 16.9175 ], [ -96.7691, 16.9148 ], [ -96.8159, 16.9189 ], [ -96.8254, 16.9227 ], [ -96.8296, 16.9345 ], [ -96.828, 16.9422 ], [ -96.7934, 16.9465 ], [ -96.7694, 16.9453 ], [ -96.7721, 16.9312 ], [ -96.752, 16.9234 ] ] ] } },
{ "type": "Feature", "properties": { "cvegeo": "20556", "municipio_inegi": "La Trinidad Vista Hermosa", "clave": "la trinidad vista hermosa", "region": "Mixteca", "sin_dato_siap": false }, "geometry": { "type": "Polygon", "coordinates": [ [ [ -97.5192, 17.7989 ], [ -97.4869, 17.7777 ], [ -97.4808, 17.7858 ], [ -97.4776, 17.769 ], [ -97.4825, 17.7698 ], [ -97.5095, 17.7565 ], [ -97.5149, 17.7824 ], [ -97.5208, 17.7869 ], [ -97.5192, 17.7989 ] ] ] } },
{ "type": "Feature", "properties": { "cvegeo": "20558", "municipio_inegi": "Valerio Trujano", "clave": "valerio trujano", "region": "Cañada", "sin_dato_siap": false }, "geometry": { "type": "Polygon", "coordinates": [ [ [ -96.9885, 17.7978 ], [ -96.96, 17.7843 ], [ -96.9584, 17.7746 ], [ -96.9637, 17.7719 ], [ -96.9642, 17.7643 ], [ -96.9516, 17.7643 ], [ -96.9482, 17.7549 ], [ -96.9507, 17.744 ], [ -96.9443, 17.7354 ], [ -96.961, 17.7343 ], [ -96.969, 17.722 ], [ -97.0138, 17.7211 ], [ -97.0084, 17.7405 ], [ -97.0095, 17.7596 ], [ -97.0277, 17.8024 ], [ -97.0151, 17.8097 ], [ -97.0025, 17.8251 ], [ -96.999, 17.8177 ], [ -96.9923, 17.8137 ], [ -96.9885, 17.7978 ] ] ] } },
{ "type": "Feature", "properties": { "cvegeo": "20559", "municipio_inegi": "San Juan Bautista Valle Nacional", "clave": "san juan bautista valle nacional", "region": "Papaloapan", "sin_dato_siap": false }, "geometry": { "type": "Polygon", "coordinates": [ [ [ -96.364, 17.9989 ], [ -96.3431, 17.9926 ], [ -96.339, 17.9663 ], [ -96.3361, 17.9683 ], [ -96.2799, 17.922 ], [ -96.2717, 17.9269 ], [ -96.2747, 17.9315 ], [ -96.2676, 17.9313 ], [ -96.2598, 17.9274 ], [ -96.256, 17.9182 ], [ -96.2428, 17.9137 ], [ -96.2311, 17.9015 ], [ -96.2307, 17.8982 ], [ -96.2808, 17.8839 ], [ -96.26, 17.8672 ], [ -96.2579, 17.8369 ], [ -96.2107, 17.8424 ], [ -96.227, 17.8343 ], [ -96.2323, 17.827 ], [ -96.2284, 17.8139 ], [ -96.2302, 17.8039 ], [ -96.2239, 17.7986 ], [ -96.2181, 17.7995 ], [ -96.2172, 17.7894 ], [ -96.1806, 17.7814 ], [ -96.1676, 17.7869 ], [ -96.1707, 17.7754 ], [ -96.1622, 17.7666 ], [ -96.1673, 17.7615 ], [ -96.1654, 17.753 ], [ -96.1792, 17.7388 ], [ -96.1685, 17.7241 ], [ -96.178, 17.6916 ], [ -96.1851, 17.6843 ], [ -96.2097, 17.6856 ], [ -96.217, 17.681 ], [ -96.2191, 17.6868 ], [ -96.2288, 17.6884 ], [ -96.2297, 17.6851 ], [ -96.249, 17.6952 ], [ -96.2537, 17.6912 ], [ -96.2666, 17.7008 ], [ -96.269, 17.7163 ], [ -96.2823, 17.7267 ], [ -96.3043, 17.7194 ], [ -96.3163, 17.6976 ], [ -96.3657, 17.67 ], [ -96.3686, 17.6733 ], [ -96.3538, 17.6921 ], [ -96.3831, 17.6981 ], [ -96.4054, 17.6887 ], [ -96.409, 17.6788 ], [ -96.4215, 17.6738 ], [ -96.45, 17.6762 ], [ -96.4822, 17.6656 ], [ -96.4871, 17.655 ], [ -96.5039, 17.6519 ], [ -96.5105, 17.6418 ], [ -96.5054, 17.6501 ], [ -96.4983, 17.7113 ], [ -96.4917, 17.7183 ], [ -96.4763, 17.718 ], [ -96.4619, 17.7379 ], [ -96.4478, 17.7459 ], [ -96.4401, 17.7926 ], [ -96.4351, 17.801 ], [ -96.4367, 17.8085 ], [ -96.4482, 17.8161 ], [ -96.4516, 17.8409 ], [ -96.4327, 17.8505 ], [ -96.4361, 17.8637 ], [ -96.3989, 17.9472 ], [ -96.376, 17.9376 ], [ -96.359, 17.9431 ], [ -96.3454, 17.9345 ], [ -96.3425, 17.9382 ], [ -96.3542, 17.9558 ], [ -96.3477, 17.9634 ], [ -96.3508, 17.9725 ], [ -96.3638, 17.9867 ], [ -96.364, 17.9989 ] ] ] } },
{ "type": "Feature", "properties": { "cvegeo": "20560", "municipio_inegi": "Villa Díaz Ordaz", "clave": "villa diaz ordaz", "region": "Valles Centrales", "sin_dato_siap": false }, "geometry": { "type": "Polygon", "coordinates": [ [ [ -96.3796, 17.155 ], [ -96.3605, 17.1335 ], [ -96.3558, 17.1207 ], [ -96.36, 17.1184 ], [ -96.3526, 17.1057 ], [ -96.3404, 17.1025 ], [ -96.3259, 17.1044 ], [ -96.3176, 17.0997 ], [ -96.3036, 17.1037 ], [ -96.2685, 17.0992 ], [ -96.2557, 17.1017 ], [ -96.2489, 17.0958 ], [ -96.242, 17.0771 ], [ -96.2929, 17.0561 ], [ -96.2964, 17.0435 ], [ -96.3071, 17.0313 ], [ -96.3184, 17.0293 ], [ -96.3328, 17.0323 ], [ -96.3246, 16.9852 ], [ -96.366, 16.9952 ], [ -96.4089, 16.952 ], [ -96.4383, 16.9671 ], [ -96.4413, 16.9619 ], [ -96.4593, 16.9665 ], [ -96.4538, 16.9737 ], [ -96.4407, 17.0142 ], [ -96.443, 17.0169 ], [ -96.4401, 17.0279 ], [ -96.4461, 17.0377 ], [ -96.468, 17.0534 ], [ -96.4685, 17.0733 ], [ -96.4631, 17.0808 ], [ -96.4698, 17.0924 ], [ -96.4693, 17.1004 ], [ -96.4672, 17.107 ], [ -96.463, 17.1071 ], [ -96.4439, 17.1252 ], [ -96.4087, 17.145 ], [ -96.3936, 17.1445 ], [ -96.3796, 17.155 ] ] ] } },
{ "type": "Feature", "properties": { "cvegeo": "20557", "municipio_inegi": "Unión Hidalgo", "clave": "union hidalgo", "region": "Istmo", "sin_dato_siap": false }, "geometry": { "type": "Polygon", "coordinates": [ [ [ -94.8393, 16.5339 ], [ -94.7852, 16.5077 ], [ -94.7609, 16.5048 ], [ -94.7418, 16.4984 ], [ -94.7242, 16.4833 ], [ -94.7328, 16.4768 ], [ -94.7383, 16.4776 ], [ -94.748, 16.4588 ], [ -94.7672, 16.4559 ], [ -94.7711, 16.4521 ], [ -94.7752, 16.4556 ], [ -94.7819, 16.4536 ], [ -94.7814, 16.4478 ], [ -94.7846, 16.4461 ], [ -94.8247, 16.4682 ], [ -94.8292, 16.4629 ], [ -94.8255, 16.459 ], [ -94.8377, 16.4578 ], [ -94.8385, 16.4406 ], [ -94.8698, 16.4632 ], [ -94.8867, 16.4596 ], [ -94.904, 16.496 ], [ -94.9015, 16.521 ], [ -94.893, 16.5266 ], [ -94.88, 16.5245 ], [ -94.8735, 16.5329 ], [ -94.87, 16.5321 ], [ -94.8638, 16.5291 ], [ -94.872, 16.516 ], [ -94.8726, 16.5092 ], [ -94.8686, 16.5082 ], [ -94.8579, 16.519 ], [ -94.8494, 16.5154 ], [ -94.8385, 16.5196 ], [ -94.8393, 16.5339 ] ] ] } },
{ "type": "Feature", "properties": { "cvegeo": "20563", "municipio_inegi": "Yogana", "clave": "yogana", "region": "Valles Centrales", "sin_dato_siap": false }, "geometry": { "type": "Polygon", "coordinates": [ [ [ -96.7792, 16.4803 ], [ -96.7371, 16.4785 ], [ -96.735, 16.4707 ], [ -96.7521, 16.4555 ], [ -96.763, 16.4396 ], [ -96.7719, 16.4076 ], [ -96.7785, 16.397 ], [ -96.7942, 16.3984 ], [ -96.8161, 16.4164 ], [ -96.8358, 16.4209 ], [ -96.8523, 16.432 ], [ -96.8683, 16.4361 ], [ -96.8636, 16.4483 ], [ -96.8478, 16.4599 ], [ -96.8418, 16.4602 ], [ -96.8326, 16.4527 ], [ -96.8251, 16.4573 ], [ -96.8063, 16.4581 ], [ -96.7915, 16.4748 ], [ -96.7792, 16.4803 ] ] ] } },
{ "type": "Feature", "properties": { "cvegeo": "20564", "municipio_inegi": "Yutanduchi de Guerrero", "clave": "yutanduchi de guerrero", "region": "Mixteca", "sin_dato_siap": false }, "geometry": { "type": "Polygon", "coordinates": [ [ [ -97.3269, 17.126 ], [ -97.2884, 17.1205 ], [ -97.2693, 17.1101 ], [ -97.2642, 17.1051 ], [ -97.2541, 17.0755 ], [ -97.2621, 17.0687 ], [ -97.2734, 17.048 ], [ -97.2708, 17.0387 ], [ -97.279, 17.0378 ], [ -97.2885, 17.0278 ], [ -97.3004, 17.0289 ], [ -97.3068, 17.0255 ], [ -97.3099, 17.0321 ], [ -97.3071, 17.037 ], [ -97.3214, 17.0392 ], [ -97.3244, 17.0502 ], [ -97.334, 17.0556 ], [ -97.3328, 17.0645 ], [ -97.3384, 17.0651 ], [ -97.3352, 17.0675 ], [ -97.3367, 17.0734 ], [ -97.3279, 17.073 ], [ -97.3286, 17.0843 ], [ -97.3206, 17.0977 ], [ -97.3235, 17.1124 ], [ -97.3214, 17.1218 ], [ -97.3269, 17.126 ] ] ] } },
{ "type": "Feature", "properties": { "cvegeo": "20565", "municipio_inegi": "Villa de Zaachila", "clave": "villa de zaachila", "region": "Valles Centrales", "sin_dato_siap": false }, "geometry": { "type": "Polygon", "coordinates": [ [ [ -96.8241, 17.0211 ], [ -96.8103, 16.9961 ], [ -96.8107, 16.9763 ], [ -96.7979, 16.975 ], [ -96.7974, 16.9665 ], [ -96.7883, 16.9692 ], [ -96.788, 16.9659 ], [ -96.7793, 16.9644 ], [ -96.7769, 16.955 ], [ -96.7653, 16.9572 ], [ -96.7628, 16.9637 ], [ -96.7584, 16.9651 ], [ -96.7448, 16.9638 ], [ -96.7425, 16.9666 ], [ -96.7472, 16.972 ], [ -96.7328, 16.9676 ], [ -96.7346, 16.9616 ], [ -96.7226, 16.959 ], [ -96.7272, 16.9459 ], [ -96.6613, 16.9235 ], [ -96.6617, 16.9161 ], [ -96.6758, 16.9181 ], [ -96.6872, 16.8864 ], [ -96.7005, 16.9011 ], [ -96.7147, 16.9068 ], [ -96.7245, 16.9249 ], [ -96.7394, 16.929 ], [ -96.7462, 16.9039 ], [ -96.7511, 16.9051 ], [ -96.755, 16.8989 ], [ -96.7579, 16.9147 ], [ -96.752, 16.9234 ], [ -96.7721, 16.9312 ], [ -96.7694, 16.9453 ], [ -96.7934, 16.9465 ], [ -96.828, 16.9422 ], [ -96.8274, 16.9465 ], [ -96.8416, 16.9503 ], [ -96.8449, 16.9652 ], [ -96.8591, 16.9619 ], [ -96.851, 16.9679 ], [ -96.851, 16.9764 ], [ -96.8457, 16.9841 ], [ -96.8333, 16.9906 ], [ -96.8493, 17.0025 ], [ -96.8241, 17.0211 ] ] ] } },
{ "type": "Feature", "properties": { "cvegeo": "20566", "municipio_inegi": "San Mateo Yucutindoo", "clave": "san mateo yucutindoo", "region": "Valles Centrales", "sin_dato_siap": false }, "geometry": { "type": "Polygon", "coordinates": [ [ [ -97.2076, 16.9044 ], [ -97.2139, 16.8728 ], [ -97.2179, 16.8676 ], [ -97.2328, 16.8614 ], [ -97.2455, 16.8608 ], [ -97.2504, 16.851 ], [ -97.2674, 16.8523 ], [ -97.2777, 16.8667 ], [ -97.283, 16.8633 ], [ -97.2785, 16.8595 ], [ -97.2755, 16.847 ], [ -97.2571, 16.8395 ], [ -97.2572, 16.8335 ], [ -97.2442, 16.8145 ], [ -97.252, 16.8085 ], [ -97.2576, 16.7953 ], [ -97.2811, 16.7804 ], [ -97.3316, 16.7933 ], [ -97.3541, 16.7902 ], [ -97.3658, 16.7797 ], [ -97.3719, 16.7858 ], [ -97.3852, 16.7843 ], [ -97.3966, 16.7644 ], [ -97.4022, 16.7639 ], [ -97.4074, 16.7584 ], [ -97.4035, 16.746 ], [ -97.4106, 16.7431 ], [ -97.4135, 16.7338 ], [ -97.4084, 16.7082 ], [ -97.4492, 16.7029 ], [ -97.4493, 16.6966 ], [ -97.4444, 16.6922 ], [ -97.4275, 16.6962 ], [ -97.4242, 16.6919 ], [ -97.4507, 16.6646 ], [ -97.4532, 16.6737 ], [ -97.4561, 16.6722 ], [ -97.4603, 16.6796 ], [ -97.4772, 16.6799 ], [ -97.4848, 16.6966 ], [ -97.4964, 16.6913 ], [ -97.5091, 16.7044 ], [ -97.5114, 16.7074 ], [ -97.4998, 16.7189 ], [ -97.4996, 16.7251 ], [ -97.524, 16.7229 ], [ -97.5244, 16.7056 ], [ -97.5313, 16.696 ], [ -97.5306, 16.6898 ], [ -97.5449, 16.6955 ], [ -97.5411, 16.6806 ], [ -97.5548, 16.6771 ], [ -97.5643, 16.6857 ], [ -97.5596, 16.6908 ], [ -97.5611, 16.6967 ], [ -97.5554, 16.7016 ], [ -97.5568, 16.7209 ], [ -97.5422, 16.7431 ], [ -97.5359, 16.744 ], [ -97.5277, 16.7518 ], [ -97.5295, 16.7624 ], [ -97.5201, 16.7682 ], [ -97.5182, 16.7814 ], [ -97.5147, 16.7833 ], [ -97.51, 16.7795 ], [ -97.4999, 16.763 ], [ -97.4644, 16.7515 ], [ -97.4482, 16.7134 ], [ -97.4499, 16.7093 ], [ -97.4144, 16.7494 ], [ -97.3854, 16.8036 ], [ -97.356, 16.8016 ], [ -97.3548, 16.8087 ], [ -97.3461, 16.8191 ], [ -97.3406, 16.8169 ], [ -97.3428, 16.8135 ], [ -97.3389, 16.8112 ], [ -97.3336, 16.8103 ], [ -97.332, 16.8138 ], [ -97.3245, 16.8153 ], [ -97.3201, 16.8242 ], [ -97.3062, 16.8368 ], [ -97.3002, 16.8506 ], [ -97.295, 16.8494 ], [ -97.2915, 16.8547 ], [ -97.2913, 16.8656 ], [ -97.282, 16.8777 ], [ -97.2839, 16.8921 ], [ -97.2807, 16.8963 ], [ -97.2659, 16.8963 ], [ -97.2442, 16.9025 ], [ -97.23, 16.9006 ], [ -97.2088, 16.9187 ], [ -97.2076, 16.9044 ] ] ] } },
{ "type": "Feature", "properties": { "cvegeo": "20567", "municipio_inegi": "Zapotitlán Lagunas", "clave": "zapotitlan lagunas", "region": "Mixteca", "sin_dato_siap": false }, "geometry": { "type": "Polygon", "coordinates": [ [ [ -98.3491, 17.8932 ], [ -98.3318, 17.88 ], [ -98.3493, 17.8595 ], [ -98.3205, 17.8294 ], [ -98.3061, 17.8369 ], [ -98.2997, 17.8315 ], [ -98.3064, 17.8101 ], [ -98.307, 17.7562 ], [ -98.3209, 17.7296 ], [ -98.3563, 17.7163 ], [ -98.3661, 17.7038 ], [ -98.3814, 17.7059 ], [ -98.4035, 17.6931 ], [ -98.4409, 17.6879 ], [ -98.4548, 17.6789 ], [ -98.4862, 17.681 ], [ -98.4897, 17.7034 ], [ -98.4864, 17.7051 ], [ -98.4891, 17.7217 ], [ -98.4867, 17.7337 ], [ -98.4966, 17.7616 ], [ -98.4939, 17.773 ], [ -98.4707, 17.7891 ], [ -98.425, 17.8396 ], [ -98.4249, 17.866 ], [ -98.3988, 17.8609 ], [ -98.3981, 17.8655 ], [ -98.3893, 17.8699 ], [ -98.3897, 17.8771 ], [ -98.3826, 17.8837 ], [ -98.3708, 17.8826 ], [ -98.3698, 17.88 ], [ -98.3617, 17.8822 ], [ -98.3491, 17.8932 ] ] ] } }
]
}
