anio,modalidad,region,distrito,municipio,sup_sembrada_ha,sup_cosechada_ha,valor_miles_pesos,valor_real_miles_pesos_2024
2004,riego,Cañada,Cañada,Concepción Pápalo,80,80,610.77,1455.0832775847625
2004,riego,Cañada,Cañada,Cuyamecalco Villa de Zaragoza,22,22,164.2,391.1860015708335
2004,riego,Cañada,Cañada,Mazatlán Villa de Flores,96,96,1940.89,4623.928127824696
2004,riego,Cañada,Cañada,San Antonio Nanahuatípam,73,73,1221.11,2909.142133849942
2004,riego,Cañada,Cañada,San Juan Bautista Cuicatlán,237,237,5552.62,13228.423971024615
2004,riego,Cañada,Cañada,San Juan Tepeuxila,69,69,1523.89,3630.477685345783
2004,riego,Cañada,Cañada,San Juan de Los Cués,35,35,1478.12,3521.436374189284
2004,riego,Cañada,Cañada,San Martín Toxpalan,135,135,1869.78,4454.51743006768
2004,riego,Cañada,Cañada,Santa María Chilchotla,171,171,1370.52,3265.092806777459
2004,riego,Cañada,Cañada,Santa María Tecomavaca,159,159,2546.92,6067.718947142433
2004,riego,Cañada,Cañada,Santa María Texcatitlán,36,36,286.84,683.3604914164305
2004,riego,Cañada,Cañada,Santiago Nacaltepec,190,190,1411.32,3362.2937133797122
2004,riego,Cañada,Cañada,Santos Reyes Pápalo,19,19,144.79,344.94409967990856
2004,riego,Cañada,Cañada,Teotitlán de Flores Magón,248,248,5941.38,14154.596138933734
2004,riego,Cañada,Cañada,Valerio Trujano,100,100,1727.17,4114.766908240539
2004,riego,Costa,Costa,Pinotepa de Don Luis,42,42,1008.32,2402.1965231662784
2004,riego,Costa,Costa,San Agustín Chayuco,30,30,171,407.3861526712091
2004,riego,Costa,Costa,San Andrés Huaxpaltepec,140,140,1562,3721.27000276274
2004,riego,Costa,Costa,San Antonio Tepetlapa,30,30,171,407.3861526712091
2004,riego,Costa,Costa,San Gabriel Mixtepec,25,25,179.4,427.3981040304966
2004,riego,Costa,Costa,San Juan Cacahuatepec,83,83,603.48,1437.7157626550952
2004,riego,Costa,Costa,San Juan Colorado,30,30,171,407.3861526712091
2004,riego,Costa,Costa,San Juan Lachao,65,65,481.2,1146.3989278677534
2004,riego,Costa,Costa,San Lorenzo,30,30,171,407.3861526712091
2004,riego,Costa,Costa,San Miguel Panixtlahuaca,37,37,277.32,660.6802798759047
2004,riego,Costa,Costa,San Miguel Tlacamama,10,10,570,1357.9538422373637
2004,riego,Costa,Costa,San Pedro Atoyac,35,35,199.5,475.28384478307726
2004,riego,Costa,Costa,San Pedro Juchatengo,90,90,660.6,1573.79703189825
2004,riego,Costa,Costa,San Pedro Mixtepec,292,292,3038.4,7238.608691673695
2004,riego,Costa,Costa,San Sebastián Ixcapa,40,40,741,1765.3399949085729
2004,riego,Costa,Costa,Santa Catarina Juquila,93,93,685.08,1632.117575859602
2004,riego,Costa,Costa,Santa Catarina Mechoacán,35,35,199.5,475.28384478307726
2004,riego,Costa,Costa,Santa María Colotepec,165,165,1710,4073.861526712091
2004,riego,Costa,Costa,Santa María Huatulco,25,25,399,950.5676895661545
2004,riego,Costa,Costa,Santa María Huazolotitlán,563,563,6605.4,15736.540893885405
2004,riego,Costa,Costa,Santa María Temaxcaltepec,37,37,252.72,602.0738508951343
2004,riego,Costa,Costa,Santa María Tonameca,397,397,4324,10301.390199709404
2004,riego,Costa,Costa,Santiago Ixtayutla,60,60,391.2,931.985163303959
2004,riego,Costa,Costa,Santiago Jamiltepec,507,507,6076.23,14475.85942950515
2004,riego,Costa,Costa,Santiago Llano Grande,40,40,228,543.1815368949455
2004,riego,Costa,Costa,Santiago Pinotepa Nacional,444,444,5865.2,13973.10679910629
2004,riego,Costa,Costa,Santo Domingo de Morelos,5,5,285,678.9769211186818
2004,riego,Costa,Costa,Santos Reyes Nopala,168,168,1223.28,2914.3118879510916
2004,riego,Costa,Costa,Tataltepec de Valdés,111,111,1463.56,3486.7489918331858
2004,riego,Costa,Costa,Villa de Tututepec,495,495,6862.4,16348.81131047313
2004,riego,Istmo,Istmo,Asunción Ixtaltepec,718,718,2499.16,5953.936709413912
2004,riego,Istmo,Istmo,Asunción Tlacolulita,94,94,614.64,1464.3030694610056
2004,riego,Istmo,Istmo,Ciudad Ixtepec,720,720,3664,8729.022592908246
2004,riego,Istmo,Istmo,El Espinal,487,487,2023.44,4820.593197432932
2004,riego,Istmo,Istmo,Heroica Ciudad de Juchitán de Zaragoza,2467,2467,11573.28,27571.894812787432
2004,riego,Istmo,Istmo,Heroica Villa de San Blas Atempa,2739.5,2739.5,14066.34,33511.29903371424
2004,riego,Istmo,Istmo,Magdalena Tequisistlán,223,223,1507.04,3590.3346638691164
2004,riego,Istmo,Istmo,Magdalena Tlacotepec,560,513,2557.5,6092.924476354487
2004,riego,Istmo,Istmo,Nejapa de Madero,466,466,4822.4,11488.76598036046
2004,riego,Istmo,Istmo,San Carlos Yautepec,20,20,67.2,160.09561087429972
2004,riego,Istmo,Istmo,San Pedro Comitancillo,897,897,3834.45,9135.098439240453
2004,riego,Istmo,Istmo,San Pedro Huamelula,678,678,3828.78,9121.590372072937
2004,riego,Istmo,Istmo,San Pedro Huilotepec,597,597,2832,6746.88645827406
2004,riego,Istmo,Istmo,San Pedro Mártir Quiechapa,40,40,156,371.65052524391007
2004,riego,Istmo,Istmo,Santa Ana Tavela,37,37,138.26,329.3871898732244
2004,riego,Istmo,Istmo,Santa María Jalapa del Marqués,1294,1294,6670.59,15891.84793068445
2004,riego,Istmo,Istmo,Santa María Mixtequilla,844.5,844.5,4678.28,11145.41807203897
2004,riego,Istmo,Istmo,Santa María Xadani,76,76,378.9,902.6819488135737
2004,riego,Istmo,Istmo,Santiago Astata,123,123,641.63,1528.6033750785257
2004,riego,Istmo,Istmo,Santiago Laollaga,789,789,3643.49,8680.160078339319
2004,riego,Istmo,Istmo,Santo Domingo Chihuitán,950,950,4204.66,10017.077547897812
2004,riego,Istmo,Istmo,Santo Domingo Tehuantepec,2080,2080,9973.06,23759.570431339933
2004,riego,Istmo,Istmo,Unión Hidalgo,165,165,1104.44,2631.1904237204103
2004,riego,Mixteca,Huajuapan de León,Asunción Cuyotepeji,108.5,108.5,877.65,2090.891560771267
2004,riego,Mixteca,Huajuapan de León,Calihualá,59,59,309.32,736.9162850541427
2004,riego,Mixteca,Huajuapan de León,Chalcatongo de Hidalgo,255,255,1366.2,3254.800946078397
2004,riego,Mixteca,Huajuapan de León,Coicoyán de Las Flores,169,169,911.4,2171.29672248269
2004,riego,Mixteca,Huajuapan de León,Concepción Buenavista,15.5,15.5,78.8,187.73116275141098
2004,riego,Mixteca,Huajuapan de León,Constancia del Rosario,383,383,2070,4931.516584967268
2004,riego,Mixteca,Huajuapan de León,Guadalupe de Ramírez,1.5,1.5,7.5,17.86781371364952
2004,riego,Mixteca,Huajuapan de León,"H. V. Tezoatlán de Segura y Luna, C. de la I.de O.",953.5,953.5,8085.05,19261.622302072275
2004,riego,Mixteca,Huajuapan de León,Heroica Ciudad de Huajuapan de León,335.5,335.5,2491.16,5934.877708119352
2004,riego,Mixteca,Huajuapan de León,Heroica Ciudad de Tlaxiaco,192,192,987.31,2352.1428210164413
2004,riego,Mixteca,Huajuapan de León,La Reforma,296,296,1577.9,3759.1497678356777
2004,riego,Mixteca,Huajuapan de León,Magdalena Jaltepec,7,7,38.04,90.62555115563038
2004,riego,Mixteca,Huajuapan de León,Magdalena Zahuatlán,6,6,35.7,85.05079327697173
2004,riego,Mixteca,Huajuapan de León,Mariscala de Juárez,211,211,1421.01,3385.3789286977476
2004,riego,Mixteca,Huajuapan de León,Mesones Hidalgo,457,457,3837,9141.173495903095
2004,riego,Mixteca,Huajuapan de León,Putla Villa de Guerrero,1077,1077,5708.2,13599.073898700559
2004,riego,Mixteca,Huajuapan de León,San Agustín Atenango,312.5,312.5,3628.18,8643.685914611857
2004,riego,Mixteca,Huajuapan de León,San Agustín Tlacotepec,10,10,55,131.0306339000965
2004,riego,Mixteca,Huajuapan de León,San Andrés Cabecera Nueva,73,73,402.6,959.1442401487064
2004,riego,Mixteca,Huajuapan de León,San Andrés Dinicuiti,126.5,126.5,679.6,1619.0621599728288
2004,riego,Mixteca,Huajuapan de León,San Andrés Nuxiño,8.5,8.5,46.2,110.06573247608107
2004,riego,Mixteca,Huajuapan de León,San Andrés Sinaxtla,109,109,592.31,1411.1046320975663
2004,riego,Mixteca,Huajuapan de León,San Esteban Atatlahuca,12,12,176.8,421.2039286097648
2004,riego,Mixteca,Huajuapan de León,San Francisco Nuxaño,3,3,17.85,42.525396638485866
2004,riego,Mixteca,Huajuapan de León,San Francisco Tlapancingo,109.5,109.5,574.64,1369.0080629882082
2004,riego,Mixteca,Huajuapan de León,San Jorge Nuchita,366,366,2282.66,5438.152486879895
2004,riego,Mixteca,Huajuapan de León,San Juan Achiutla,28,28,152.15,362.4783808709033
2004,riego,Mixteca,Huajuapan de León,San Juan Bautista Suchitepec,225,225,1213.97,2892.131975194548
2004,riego,Mixteca,Huajuapan de León,San Juan Bautista Tlachichilco,64.5,64.5,337.48,804.0039696109922
2004,riego,Mixteca,Huajuapan de León,San Juan Mixtepec,185,185,935.85,2229.545795189187
2004,riego,Mixteca,Huajuapan de León,San Juan Sayultepec,103,103,669.35,1594.6428145641744
2004,riego,Mixteca,Huajuapan de León,San Juan Tamazola,3,3,17.85,42.525396638485866
2004,riego,Mixteca,Huajuapan de León,San Juan Teita,98,98,508.69,1211.8904210661833
2004,riego,Mixteca,Huajuapan de León,San Juan Yucuita,19,19,103.25,245.9802354579084
2004,riego,Mixteca,Huajuapan de León,San Juan Ñumí,13,13,70.64,168.2909814309603
2004,riego,Mixteca,Huajuapan de León,San Lorenzo Victoria,246,246,1250.64,2979.4936723784854
2004,riego,Mixteca,Huajuapan de León,San Marcos Arteaga,317,317,2902.36,6914.510374659711
2004,riego,Mixteca,Huajuapan de León,San Martín Huamelúlpam,37,37,201.06,479.00035003551636
2004,riego,Mixteca,Huajuapan de León,San Martín Zacatepec,63,63,333.66,794.90329649284
2004,riego,Mixteca,Huajuapan de León,San Mateo Etlatongo,603.5,603.5,3146.71,7496.643745450412
2004,riego,Mixteca,Huajuapan de León,San Mateo Nejápam,10.5,10.5,53.47,127.38559990251198
2004,riego,Mixteca,Huajuapan de León,San Mateo Peñasco,70,70,367.42,875.3322819558811
2004,riego,Mixteca,Huajuapan de León,San Mateo Sindihui,87,87,471.28,1122.7657662624995
2004,riego,Mixteca,Huajuapan de León,San Miguel Achiutla,27,27,154,366.8857749202702
2004,riego,Mixteca,Huajuapan de León,San Miguel Ahuehuetitlán,6.5,6.5,32.5,77.42719275914793
2004,riego,Mixteca,Huajuapan de León,San Miguel Amatitlán,13,13,70.64,168.2909814309603
2004,riego,Mixteca,Huajuapan de León,San Miguel El Grande,24,24,132,314.4735213602316
2004,riego,Mixteca,Huajuapan de León,San Miguel Huautla,22,22,93.06,221.70383255896328
2004,riego,Mixteca,Huajuapan de León,San Miguel Tlacotepec,6,6,32.6,77.66543027532992
2004,riego,Mixteca,Huajuapan de León,San Nicolás Hidalgo,120,120,2264.54,5394.983848947719
2004,riego,Mixteca,Huajuapan de León,San Pablo Tijaltepec,23,23,124.98,297.74924772425567
2004,riego,Mixteca,Huajuapan de León,San Pedro Amuzgos,160,160,1199.74,2858.2307766418503
2004,riego,Mixteca,Huajuapan de León,San Pedro Molinos,72,72,431.72,1028.519004860903
2004,riego,Mixteca,Huajuapan de León,San Pedro Teozacoalco,15,15,79.84,190.20883291970372
2004,riego,Mixteca,Huajuapan de León,San Pedro Y San Pablo Tequixtepec,106,106,557.78,1328.841217759924
2004,riego,Mixteca,Huajuapan de León,San Sebastián Tecomaxtlahuaca,189,189,1128.17,2687.7241863103977
2004,riego,Mixteca,Huajuapan de León,San Vicente Nuñú,4,4,21.74,51.79283601796541
2004,riego,Mixteca,Huajuapan de León,Santa Catarina Ticuá,15,15,81,192.97238810741484
2004,riego,Mixteca,Huajuapan de León,Santa Catarina Zapoquila,27,27,141.51,337.12990914913917
2004,riego,Mixteca,Huajuapan de León,Santa Cruz Itundujia,112,112,576.93,1374.4637021087758
2004,riego,Mixteca,Huajuapan de León,Santa Cruz Tacache de Mina,377,377,2482.58,5914.4369292309375
2004,riego,Mixteca,Huajuapan de León,Santa María Apazco,90,90,350.17,834.2363104144871
2004,riego,Mixteca,Huajuapan de León,Santa María Camotlán,94.5,94.5,1016.86,2422.5420070482205
2004,riego,Mixteca,Huajuapan de León,Santa María Chachoápam,14,14,76.08,181.25110231126075
2004,riego,Mixteca,Huajuapan de León,Santa María Ipalapa,357,357,2463.6,5869.2194486595945
2004,riego,Mixteca,Huajuapan de León,Santa María Yosoyúa,5,5,16.07,38.284768850446376
2004,riego,Mixteca,Huajuapan de León,Santa María Yucuhiti,137,137,685,1631.9269858466564
2004,riego,Mixteca,Huajuapan de León,Santa María Zacatepec,614,614,4277.75,10191.205348475232
2004,riego,Mixteca,Huajuapan de León,Santiago Apoala,35,35,190.19,453.10393202653364
2004,riego,Mixteca,Huajuapan de León,Santiago Cacaloxtepec,11.5,11.5,62.5,148.89844761374601
2004,riego,Mixteca,Huajuapan de León,Santiago Huajolotitlán,276,276,7363.06,17541.5712589899
2004,riego,Mixteca,Huajuapan de León,Santiago Huauclilla,10,10,55.37,131.91211270996988
2004,riego,Mixteca,Huajuapan de León,Santiago Juxtlahuaca,418.5,418.5,2993.25,7131.044453117524
2004,riego,Mixteca,Huajuapan de León,Santiago Miltepec,22,22,167.38,398.76195458542094
2004,riego,Mixteca,Huajuapan de León,Santiago Nuyoó,33,33,165,393.0919017002895
2004,riego,Mixteca,Huajuapan de León,Santiago Tamazola,74,74,680.49,1621.1824738668483
2004,riego,Mixteca,Huajuapan de León,Santiago Tillo,45,45,244.53,582.562198319829
2004,riego,Mixteca,Huajuapan de León,Santiago Yosondúa,173,173,934.63,2226.639297491767
2004,riego,Mixteca,Huajuapan de León,Santiago del Río,176,176,922.53,2197.8125580337455
2004,riego,Mixteca,Huajuapan de León,Santo Domingo Tonalá,1310.5,1310.5,17431.47,41528.30116200937
2004,riego,Mixteca,Huajuapan de León,Santo Domingo Yodohino,157,157,840.99,2003.5536873389483
2004,riego,Mixteca,Huajuapan de León,Santos Reyes Tepejillo,24,24,164.67,392.3057178968889
2004,riego,Mixteca,Huajuapan de León,Silacayoápam,115,115,613.19,1460.8486254763668
2004,riego,Mixteca,Huajuapan de León,Teotongo,44,44,177.57,423.0383574843661
2004,riego,Mixteca,Huajuapan de León,Villa Tejúpam de La Unión,16,16,381.74,909.4478942731425
2004,riego,Mixteca,Huajuapan de León,Villa de Santiago Chazumba,106,106,556.04,1324.6958849783573
2004,riego,Mixteca,Huajuapan de León,Villa de Tamazulápam del Progreso,6,6,57.17,136.20038800124576
2004,riego,Mixteca,Huajuapan de León,Yutanduchi de Guerrero,6,6,31.74,75.61658763616477
2004,riego,Mixteca,Huajuapan de León,Zapotitlán Lagunas,15,15,78.47,186.9449789480104
2004,riego,Sierra Juárez,Sierra Juárez,Capulálpam de Méndez,132,132,923.77,2200.7667032344025
2004,riego,Sierra Juárez,Sierra Juárez,Guelatao de Juárez,33,33,239.76,571.1982687979479
2004,riego,Sierra Juárez,Sierra Juárez,Ixtlán de Juárez,197,197,1361.9,3244.5567328825714
2004,riego,Sierra Juárez,Sierra Juárez,Nuevo Zoquiápam,116,116,854.42,2035.5489857621899
2004,riego,Sierra Juárez,Sierra Juárez,San Andrés Solaga,51,51,416.42,992.0686648850578
2004,riego,Sierra Juárez,Sierra Juárez,San Cristóbal Lachirioag,31,31,227.42,541.7997593010899
2004,riego,Sierra Juárez,Sierra Juárez,San Ildefonso Villa Alta,20,20,150.42,358.3568718409548
2004,riego,Sierra Juárez,Sierra Juárez,San Juan Atepec,103,103,684.13,1629.8543194558729
2004,riego,Sierra Juárez,Sierra Juárez,San Juan Chicomezúchil,110,110,808,1924.9591307505084
2004,riego,Sierra Juárez,Sierra Juárez,San Juan Juquila Mixes,20,20,420,1000.5975679643732
2004,riego,Sierra Juárez,Sierra Juárez,San Juan Juquila Vijanos,9,9,66.46,158.33265325455295
2004,riego,Sierra Juárez,Sierra Juárez,San Juan Tabaá,75,75,629.96,1500.8010569400872
2004,riego,Sierra Juárez,Sierra Juárez,San Juan Yatzona,36,36,292.25,696.2491410418763
2004,riego,Sierra Juárez,Sierra Juárez,San Melchor Betaza,15,15,104.03,247.83848808412796
2004,riego,Sierra Juárez,Sierra Juárez,San Pablo Yaganiza,16,16,126.09,300.39368415387577
2004,riego,Sierra Juárez,Sierra Juárez,San Pedro Ocotepec,30,30,630,1500.89635194656
2004,riego,Sierra Juárez,Sierra Juárez,Santa Catarina Ixtepeji,200,200,1770.83,4218.781407805597
2004,riego,Sierra Juárez,Sierra Juárez,Santa Catarina Lachatao,50,50,345.85,823.944449715425
2004,riego,Sierra Juárez,Sierra Juárez,Santa María Alotepec,30,30,630,1500.89635194656
2004,riego,Sierra Juárez,Sierra Juárez,Santa María Temaxcalapa,18,18,139.26,331.7695650350443
2004,riego,Sierra Juárez,Sierra Juárez,Santiago Atitlán,20,20,420,1000.5975679643732
2004,riego,Sierra Juárez,Sierra Juárez,Santiago Camotlán,35,35,281.01,669.4712442230202
2004,riego,Sierra Juárez,Sierra Juárez,Santiago Xiacuí,50,50,350.68,835.4513217470153
2004,riego,Sierra Juárez,Sierra Juárez,Santiago Zoochila,14,14,104.26,248.38643437134655
2004,riego,Sierra Juárez,Sierra Juárez,Santo Domingo Xagacía,20,20,144.28,343.7290883473804
2004,riego,Sierra Juárez,Sierra Juárez,Villa Talea de Castro,20,20,153.07,364.67016601977764
2004,riego,Valles Centrales,Valles Centrales,Asunción Ocotlán,18,18,145.8,347.35029859334674
2004,riego,Valles Centrales,Valles Centrales,Ayoquezco de Aldama,302,302,3011.28,7173.998677285138
2004,riego,Valles Centrales,Valles Centrales,Ciénega de Zimatlán,763,763,9489.37,22607.23938931925
2004,riego,Valles Centrales,Valles Centrales,Coatecas Altas,16,16,106.6,253.96119225000518
2004,riego,Valles Centrales,Valles Centrales,Cuilápam de Guerrero,336.5,336.5,4276.12,10187.322076961465
2004,riego,Valles Centrales,Valles Centrales,Guadalupe Etla,161,161,1801.24,4291.229436476542
2004,riego,Valles Centrales,Valles Centrales,Heroica Ciudad de Ejutla de Crespo,325,325,9075.84,21622.05578865185
2004,riego,Valles Centrales,Valles Centrales,Heroico San Martín de los Cansecos,5,5,38.5,91.72144373006755
2004,riego,Valles Centrales,Valles Centrales,La Compañía,121,121,2597.74,6188.791252866121
2004,riego,Valles Centrales,Valles Centrales,La Pe,16,16,496.2,1182.1345552950525
2004,riego,Valles Centrales,Valles Centrales,Magdalena Apasco,213,213,1864.26,4441.366719174434
2004,riego,Valles Centrales,Valles Centrales,Magdalena Mixtepec,50,50,418.71,997.5243040056255
2004,riego,Valles Centrales,Valles Centrales,Magdalena Ocotlán,26,26,315.94,752.6876086253907
2004,riego,Valles Centrales,Valles Centrales,Miahuatlán de Porfirio Díaz,356,356,4084.16,9730.00134089851
2004,riego,Valles Centrales,Valles Centrales,Monjas,76,76,542.7,1292.9150003196796
2004,riego,Valles Centrales,Valles Centrales,Nazareno Etla,274,274,2729.21,6502.002115390588
2004,riego,Valles Centrales,Valles Centrales,Oaxaca de Juárez,17,17,494.08,1177.0839199519942
2004,riego,Valles Centrales,Valles Centrales,Ocotlán de Morelos,732.5,732.5,18741.53,44649.35556650319
2004,riego,Valles Centrales,Valles Centrales,Reyes Etla,253,253,2578.4,6142.716117236524
2004,riego,Valles Centrales,Valles Centrales,Rojas de Cuauhtémoc,22,22,197.99,471.6864582887292
2004,riego,Valles Centrales,Valles Centrales,San Agustín Amatengo,203,203,2836.03,6756.487430176195
2004,riego,Valles Centrales,Valles Centrales,San Agustín Etla,74,74,616.74,1469.3060573008274
2004,riego,Valles Centrales,Valles Centrales,San Agustín Yatareni,11,11,89.04,212.12668440844715
2004,riego,Valles Centrales,Valles Centrales,San Agustín de Las Juntas,9,9,73.14,174.24691933551014
2004,riego,Valles Centrales,Valles Centrales,San Andrés Huayápam,50,50,392,933.891063433415
2004,riego,Valles Centrales,Valles Centrales,San Andrés Ixtlahuaca,43,43,420.06,1000.7405104740824
2004,riego,Valles Centrales,Valles Centrales,San Andrés Paxtlán,16,16,125.4,298.74984529222
2004,riego,Valles Centrales,Valles Centrales,San Andrés Zabache,38,38,310.05,738.6554189222712
2004,riego,Valles Centrales,Valles Centrales,San Andrés Zautla,136,136,1206.32,2873.9068052066254
2004,riego,Valles Centrales,Valles Centrales,San Antonino Castillo Velasco,196,196,7438.3,17720.82116616523
2004,riego,Valles Centrales,Valles Centrales,San Antonino El Alto,130,130,1085.61,2586.330299423341
2004,riego,Valles Centrales,Valles Centrales,San Antonio Huitepec,119,119,1012.8,2412.8695638912313
2004,riego,Valles Centrales,Valles Centrales,San Antonio de La Cal,18,18,1450.05,3454.5631033969985
2004,riego,Valles Centrales,Valles Centrales,San Baltazar Chichicápam,672,672,5760.54,13723.767414670216
2004,riego,Valles Centrales,Valles Centrales,San Bartolo Coyotepec,142,142,1482.3,3531.3947023656915
2004,riego,Valles Centrales,Valles Centrales,San Bartolomé Quialana,30,30,288,686.1240466041417
2004,riego,Valles Centrales,Valles Centrales,San Bernardo Mixtepec,554,554,10246.15,24410.17326428134
2004,riego,Valles Centrales,Valles Centrales,San Cristóbal Amatlán,58,58,467.2,1113.0456756022743
2004,riego,Valles Centrales,Valles Centrales,San Dionisio Ocotepec,52,52,463.18,1103.468527451758
2004,riego,Valles Centrales,Valles Centrales,San Dionisio Ocotlán,85,85,914.24,2178.0626679422585
2004,riego,Valles Centrales,Valles Centrales,San Felipe Tejalápam,196,196,2949.35,7026.458183513629
2004,riego,Valles Centrales,Valles Centrales,San Francisco Cahuacuá,55,55,596.76,1421.7062015676652
2004,riego,Valles Centrales,Valles Centrales,San Francisco Lachigoló,23,23,247.83,590.4240363538348
2004,riego,Valles Centrales,Valles Centrales,San Francisco Sola,93,93,1420.62,3384.4498023846377
2004,riego,Valles Centrales,Valles Centrales,San Francisco Telixtlahuaca,91,91,1371.32,3266.998706906915
2004,riego,Valles Centrales,Valles Centrales,San Ildefonso Amatlán,80,80,1447.45,3448.3689279762666
2004,riego,Valles Centrales,Valles Centrales,San Ildefonso Sola,84,84,739.4,1761.528194649661
2004,riego,Valles Centrales,Valles Centrales,San Jacinto Amilpas,5,5,44.5,106.01569470098717
2004,riego,Valles Centrales,Valles Centrales,San Jacinto Tlacotepec,13,13,230.2,548.4227622509493
2004,riego,Valles Centrales,Valles Centrales,San Jerónimo Coatlán,6,6,46.2,110.06573247608107
2004,riego,Valles Centrales,Valles Centrales,San Jerónimo Sosola,22,22,198,471.71028204034735
2004,riego,Valles Centrales,Valles Centrales,San Jerónimo Taviche,19,19,143.08,340.8702381531965
2004,riego,Valles Centrales,Valles Centrales,San Jerónimo Tlacochahuaya,212,212,4753.61,11324.882392978867
2004,riego,Valles Centrales,Valles Centrales,San José del Peñasco,105,105,959.08,2284.8883701982645
2004,riego,Valles Centrales,Valles Centrales,San José del Progreso,272,272,2381.5,5673.626447874178
2004,riego,Valles Centrales,Valles Centrales,San Juan Bautista Atatlahuca,233.5,233.5,2487.72,5926.682337562691
2004,riego,Valles Centrales,Valles Centrales,San Juan Bautista Guelache,329,329,2957.5,7045.874541082461
2004,riego,Valles Centrales,Valles Centrales,San Juan Bautista Jayacatlán,160.5,160.5,2608.58,6214.616199620249
2004,riego,Valles Centrales,Valles Centrales,San Juan Chilateca,7,7,441.92,1052.8192315114663
2004,riego,Valles Centrales,Valles Centrales,San Juan Guelavía,13,13,120.65,287.4335632735753
2004,riego,Valles Centrales,Valles Centrales,San Juan Teitipac,26,26,726.8,1731.5102676107297
2004,riego,Valles Centrales,Valles Centrales,San Juan del Estado,92,92,797,1898.753003970489
2004,riego,Valles Centrales,Valles Centrales,San Juan del Río,48,48,430.04,1024.5166145890455
2004,riego,Valles Centrales,Valles Centrales,San Lorenzo Albarradas,125,125,921.72,2195.882834152672
2004,riego,Valles Centrales,Valles Centrales,San Lorenzo Cacaotepec,356.5,356.5,5605.3,13353.927494549289
2004,riego,Valles Centrales,Valles Centrales,San Lorenzo Texmelúcan,135,135,1152.55,2745.8064927555674
2004,riego,Valles Centrales,Valles Centrales,San Lucas Quiaviní,23,23,221.03,526.5763820170605
2004,riego,Valles Centrales,Valles Centrales,San Luis Amatlán,118,118,1104.6,2631.571603746301
2004,riego,Valles Centrales,Valles Centrales,San Martín Lachilá,75,75,614.25,1463.373943147896
2004,riego,Valles Centrales,Valles Centrales,San Martín Tilcajete,15,15,116.76,278.1661238940958
2004,riego,Valles Centrales,Valles Centrales,San Mateo Yucutindoo,313,313,4755.75,11329.980675825162
2004,riego,Valles Centrales,Valles Centrales,San Miguel Coatlán,34,34,307.94,733.6286073308312
2004,riego,Valles Centrales,Valles Centrales,San Miguel Ejutla,116,116,2504.03,5965.538876451976
2004,riego,Valles Centrales,Valles Centrales,San Miguel Mixtepec,238,238,2073.6,4940.09313554982
2004,riego,Valles Centrales,Valles Centrales,San Miguel Peras,189,189,1514,3606.9159949953837
2004,riego,Valles Centrales,Valles Centrales,San Miguel Tilquiápam,147,147,1350.68,3217.8264835669515
2004,riego,Valles Centrales,Valles Centrales,San Nicolás,21,21,199.35,474.92648850880425
2004,riego,Valles Centrales,Valles Centrales,San Pablo Coatlán,198,198,1681.95,4007.035903423042
2004,riego,Valles Centrales,Valles Centrales,San Pablo Cuatro Venados,66,66,524.42,1249.3651823616108
2004,riego,Valles Centrales,Valles Centrales,San Pablo Etla,161,161,2690.6,6410.01861039272
2004,riego,Valles Centrales,Valles Centrales,San Pablo Huitzo,639,639,8098.95,19294.73731682157
2004,riego,Valles Centrales,Valles Centrales,San Pablo Huixtepec,1560,1554,23235.7,55356.15454749949
2004,riego,Valles Centrales,Valles Centrales,San Pablo Villa de Mitla,15,15,316.41,753.807324951446
2004,riego,Valles Centrales,Valles Centrales,San Pedro Apóstol,92,92,1999.56,4763.702078568672
2004,riego,Valles Centrales,Valles Centrales,San Pedro Ixtlahuaca,101,101,1552.3,3698.160963693087
2004,riego,Valles Centrales,Valles Centrales,San Pedro Mártir,75,75,2442.6,5819.1895702613765
2004,riego,Valles Centrales,Valles Centrales,San Pedro Quiatoni,72,72,652,1553.3086055065985
2004,riego,Valles Centrales,Valles Centrales,San Pedro Taviche,12,12,94.08,224.1338552240196
2004,riego,Valles Centrales,Valles Centrales,San Pedro Totolápam,158,158,2100.94,5005.227272473977
2004,riego,Valles Centrales,Valles Centrales,San Raymundo Jalpan,49,49,391.38,932.4139908330866
2004,riego,Valles Centrales,Valles Centrales,San Sebastián Abasolo,126,126,2873.12,6844.849724928095
2004,riego,Valles Centrales,Valles Centrales,San Sebastián Teitipac,17,17,296.92,707.3748330475755
2004,riego,Valles Centrales,Valles Centrales,San Simón Almolongas,30,30,284,676.5945459568619
2004,riego,Valles Centrales,Valles Centrales,Santa Ana,73,73,638.92,1522.1471383899936
2004,riego,Valles Centrales,Valles Centrales,Santa Ana Tlapacoyan,535,535,5949.7,14174.417500280075
2004,riego,Valles Centrales,Valles Centrales,Santa Ana Zegache,64,64,925.6,2205.126449780533
2004,riego,Valles Centrales,Valles Centrales,Santa Catarina Minas,125,125,1126.22,2683.0785547448486
2004,riego,Valles Centrales,Valles Centrales,Santa Catarina Quiané,127,127,1337.56,3186.5697214438737
2004,riego,Valles Centrales,Valles Centrales,Santa Cruz Amilpas,16,16,144,343.0620233020708
2004,riego,Valles Centrales,Valles Centrales,Santa Cruz Mixtepec,820,820,8452.6,20137.264292799195
2004,riego,Valles Centrales,Valles Centrales,Santa Cruz Papalutla,21,21,735,1751.0457439376532
2004,riego,Valles Centrales,Valles Centrales,Santa Cruz Xitla,142,142,1069.7,2548.426710598786
2004,riego,Valles Centrales,Valles Centrales,Santa Cruz Xoxocotlán,160,160,3443.1,8202.755919662222
2004,riego,Valles Centrales,Valles Centrales,Santa Cruz Zenzontepec,25,25,367.4,875.2846344526445
2004,riego,Valles Centrales,Valles Centrales,Santa Gertrudis,294,292,3755.92,8948.010517782735
2004,riego,Valles Centrales,Valles Centrales,Santa Inés Yatzeche,52,52,985.66,2348.2119019994384
2004,riego,Valles Centrales,Valles Centrales,Santa Inés del Monte,100,100,1009.38,2404.721840837807
2004,riego,Valles Centrales,Valles Centrales,Santa Lucía Ocotlán,102,102,2089.25,4977.377306832302
2004,riego,Valles Centrales,Valles Centrales,Santa Lucía del Camino,3,3,22.96,54.69933371538574
2004,riego,Valles Centrales,Valles Centrales,Santa María Atzompa,40.5,40.5,598.6,1426.089771865414
2004,riego,Valles Centrales,Valles Centrales,Santa María Coyotepec,24,24,424.47,1011.2467849377084
2004,riego,Valles Centrales,Valles Centrales,Santa María Guelacé,22,22,328.25,782.014646867394
2004,riego,Valles Centrales,Valles Centrales,Santa María Peñoles,212,212,1771.24,4219.758181621944
2004,riego,Valles Centrales,Valles Centrales,Santa María Sola,195,195,3016.7,7186.911150662201
2004,riego,Valles Centrales,Valles Centrales,Santa María Zaniza,46,46,414.68,987.9233321034911
2004,riego,Valles Centrales,Valles Centrales,Santa María Zoquitlán,738,738,13952.95,33241.16151411548
2004,riego,Valles Centrales,Valles Centrales,Santa María del Tule,57,57,407.55,970.936997199715
2004,riego,Valles Centrales,Valles Centrales,Santiago Apóstol,92.5,92.5,4152.11,9891.883733144175
2004,riego,Valles Centrales,Valles Centrales,Santiago Matatlán,6,6,48.28,115.02107281266653
2004,riego,Valles Centrales,Valles Centrales,Santiago Minas,175,175,1619.5,3858.256574567387
2004,riego,Valles Centrales,Valles Centrales,Santiago Suchilquitongo,717.5,717.5,10043.38,23927.09905271911
2004,riego,Valles Centrales,Valles Centrales,Santiago Tenango,45,45,390.8,931.0322132392312
2004,riego,Valles Centrales,Valles Centrales,Santiago Textitlán,111,111,2091.7,4983.21412597876
2004,riego,Valles Centrales,Valles Centrales,Santiago Tlazoyaltepec,30,30,250.88,597.6902805973856
2004,riego,Valles Centrales,Valles Centrales,Santiago Xanica,32,32,293.2,698.5123974456053
2004,riego,Valles Centrales,Valles Centrales,Santo Domingo Albarradas,32,32,308.8,735.6774499699964
2004,riego,Valles Centrales,Valles Centrales,Santo Domingo Teojomulco,105,105,1056,2515.7881708818527
2004,riego,Valles Centrales,Valles Centrales,Santo Domingo Tomaltepec,160,160,1306.57,3112.739915179074
2004,riego,Valles Centrales,Valles Centrales,Santo Tomás Jalieza,110,110,1223.5,2914.836010486692
2004,riego,Valles Centrales,Valles Centrales,Santo Tomás Mazaltepec,187,187,1534.8,3656.469398361238
2004,riego,Valles Centrales,Valles Centrales,Santo Tomás Tamazulapan,69,69,527.5,1256.7028978600163
2004,riego,Valles Centrales,Valles Centrales,Sitio de Xitlapehua,22,22,211.2,503.1576341763705
2004,riego,Valles Centrales,Valles Centrales,Soledad Etla,362,362,3756.1,8948.439345311863
2004,riego,Valles Centrales,Valles Centrales,Taniche,156,156,1328.6,3165.223639993967
2004,riego,Valles Centrales,Valles Centrales,Teotitlán del Valle,15,15,121.38,289.17269714170385
2004,riego,Valles Centrales,Valles Centrales,Tlacolula de Matamoros,208,208,2422.42,5771.11323949585
2004,riego,Valles Centrales,Valles Centrales,Tlalixtac de Cabrera,153,153,1499.55,3572.4906739070852
2004,riego,Valles Centrales,Valles Centrales,Trinidad Zaachila,162,162,2055.2,4896.257432572333
2004,riego,Valles Centrales,Valles Centrales,Villa Díaz Ordaz,60,60,495.6,1180.7051301979604
2004,riego,Valles Centrales,Valles Centrales,Villa Sola de Vega,1204,1204,12634.44,30099.976039504276
2004,riego,Valles Centrales,Valles Centrales,Villa de Etla,202,202,1828.18,4355.410623335972
2004,riego,Valles Centrales,Valles Centrales,Villa de Zaachila,587,587,5646.97,13453.201067542326
2004,riego,Valles Centrales,Valles Centrales,Yaxe,693,693,10985.7,26172.058815205277
2004,riego,Valles Centrales,Valles Centrales,Yogana,67,67,545.85,1300.4194820794123
2004,riego,Valles Centrales,Valles Centrales,Zimatlán de Álvarez,1177,1168,17034.97,40583.68941034776
2004,riego,Valles Centrales,Valles Centrales,Ánimas Trujano,133,133,1553.1,3700.066863822543
2004,temporal,Cañada,Cañada,Chiquihuitlán de Benito Juárez,223,223,639.3,1523.052440951485
2004,temporal,Cañada,Cañada,Concepción Pápalo,1179,1179,3276.96,7806.948110277458
2004,temporal,Cañada,Cañada,Cuyamecalco Villa de Zaragoza,212,212,603.19,1437.0248738581674
2004,temporal,Cañada,Cañada,Eloxochitlán de Flores Magón,537,537,1548.42,3688.9173480652257
2004,temporal,Cañada,Cañada,Huautepec,1912,1912,5380.31,12817.916906891422
2004,temporal,Cañada,Cañada,Huautla de Jiménez,2297,2297,6421.74,15298.993871665556
2004,temporal,Cañada,Cañada,Mazatlán Villa de Flores,1973,1973,5626.18,13403.67148792809
2004,temporal,Cañada,Cañada,San Andrés Teotilálpam,1546,1546,4406.75,10498.531744350004
2004,temporal,Cañada,Cañada,San Bartolomé Ayautla,1053,1053,3020.19,7195.225639976953
2004,temporal,Cañada,Cañada,San Francisco Chapulapa,492,492,1380.07,3287.8444895728394
2004,temporal,Cañada,Cañada,San Francisco Huehuetlán,438,438,1239.02,2951.8104729981374
2004,temporal,Cañada,Cañada,San Jerónimo Tecóatl,227,227,650.91,1550.7118165802146
2004,temporal,Cañada,Cañada,San José Tenango,5624,5624,15684.97,37367.48294189084
2004,temporal,Cañada,Cañada,San Juan Bautista Cuicatlán,925,925,2532.83,6034.151281112389
2004,temporal,Cañada,Cañada,San Juan Bautista Tlacoatzintepec,811,811,2355.54,5611.779988673333
2004,temporal,Cañada,Cañada,San Juan Coatzóspam,1095,1095,3056.57,7281.896448363963
2004,temporal,Cañada,Cañada,San Juan Tepeuxila,615,615,1725.24,4110.168924178227
2004,temporal,Cañada,Cañada,San Juan de Los Cués,238,238,665.28,1584.9465476555672
2004,temporal,Cañada,Cañada,San Lorenzo Cuaunecuiltitla,117,117,336.88,802.5745445139002
2004,temporal,Cañada,Cañada,San Lucas Zoquiápam,1754,1754,4964.9,11828.2544409198
2004,temporal,Cañada,Cañada,San Martín Toxpalan,355,355,993.29,2366.3894244841244
2004,temporal,Cañada,Cañada,San Mateo Yoloxochitlán,284,284,878.85,2093.750410965451
2004,temporal,Cañada,Cañada,San Miguel Santa Flor,189,189,560.14,1334.463623141819
2004,temporal,Cañada,Cañada,San Pedro Jaltepetongo,238,238,577.28,1375.2975334154128
2004,temporal,Cañada,Cañada,San Pedro Jocotipac,285,285,725.79,1729.1040686972915
2004,temporal,Cañada,Cañada,San Pedro Ocopetatillo,255,255,776.81,1850.6528494533445
2004,temporal,Cañada,Cañada,San Pedro Sochiápam,1511,1511,4216.23,10044.641628520068
2004,temporal,Cañada,Cañada,San Pedro Teutila,790,790,2348.17,5594.22188373072
2004,temporal,Cañada,Cañada,Santa Ana Ateixtlahuaca,102,102,299.83,714.3075447684714
2004,temporal,Cañada,Cañada,Santa Ana Cuauhtémoc,93,93,287.51,684.9566827748498
2004,temporal,Cañada,Cañada,Santa Cruz Acatepec,134,134,394.32,939.4181738088372
2004,temporal,Cañada,Cañada,Santa María Chilchotla,4477,4477,12457.55,29678.557697129945
2004,temporal,Cañada,Cañada,Santa María Ixcatlán,146,146,376.97,898.0839647512614
2004,temporal,Cañada,Cañada,Santa María La Asunción,413,413,1174.73,2798.647573844734
2004,temporal,Cañada,Cañada,Santa María Pápalo,715,715,2010.88,4790.670565400474
2004,temporal,Cañada,Cañada,Santa María Tecomavaca,57,57,160.45,382.25209471400876
2004,temporal,Cañada,Cañada,Santa María Teopoxco,846,846,2372.22,5651.518006372488
2004,temporal,Cañada,Cañada,Santa María Texcatitlán,169,169,390.43,930.1507344293577
2004,temporal,Cañada,Cañada,Santa María Tlalixtac,186,186,520.57,1240.1930379886044
2004,temporal,Cañada,Cañada,Santiago Nacaltepec,1277,1277,3514.3,8372.381031183802
2004,temporal,Cañada,Cañada,Santiago Texcalcingo,710,710,1985.74,4730.7776538323205
2004,temporal,Cañada,Cañada,Santos Reyes Pápalo,256,256,717.53,1709.4256498606587
2004,temporal,Cañada,Cañada,Teotitlán de Flores Magón,90,90,259.01,617.0589906629816
2004,temporal,Costa,Costa,Candelaria Loxicha,1435,1435,3317.1,7902.57664927291
2004,temporal,Costa,Costa,Mártires de Tacubaya,635,635,2518.5,6000.011845043509
2004,temporal,Costa,Costa,Pinotepa de Don Luis,1022,1022,4005.44,9542.460768160046
2004,temporal,Costa,Costa,Pluma Hidalgo,379,379,667.04,1589.1395279403703
2004,temporal,Costa,Costa,San Agustín Chayuco,1325,1325,4465.22,10637.829220061616
2004,temporal,Costa,Costa,San Agustín Loxicha,4564,4564,10708.8,25512.37913289733
2004,temporal,Costa,Costa,San Andrés Huaxpaltepec,955,955,4054,9658.148906018021
2004,temporal,Costa,Costa,San Antonio Tepetlapa,815,774,1727.57,4115.719858305267
2004,temporal,Costa,Costa,San Baltazar Loxicha,678,678,1193.28,2842.8406330964935
2004,temporal,Costa,Costa,San Bartolomé Loxicha,850,850,3002.2,7152.366710815812
2004,temporal,Costa,Costa,San Gabriel Mixtepec,950,950,3902,9296.02788142139
2004,temporal,Costa,Costa,San José Estancia Grande,295,260,532.9,1269.5677237338439
2004,temporal,Costa,Costa,San Juan Bautista Lo de Soto,415,391.5,1073.63,2557.7894449847386
2004,temporal,Costa,Costa,San Juan Cacahuatepec,2106,2106,7353.24,17518.17633490083
2004,temporal,Costa,Costa,San Juan Colorado,1192,1192,3249.28,7741.0039657982825
2004,temporal,Costa,Costa,San Juan Lachao,800,800,2514.4,5990.244106880048
2004,temporal,Costa,Costa,San Juan Quiahije,750,750,1320,3144.735213602316
2004,temporal,Costa,Costa,San Lorenzo,1235,1121.5,2197.92,5236.2700156672745
2004,temporal,Costa,Costa,San Mateo Piñas,647,647,1281.06,3051.965524801047
2004,temporal,Costa,Costa,San Miguel Panixtlahuaca,895,895,2012,4793.338825581712
2004,temporal,Costa,Costa,San Miguel Tlacamama,774,774,2329.6,5549.981176975723
2004,temporal,Costa,Costa,San Miguel del Puerto,2038,2038,4503.71,10729.526840040066
2004,temporal,Costa,Costa,San Pedro Atoyac,701,701,2057.1,4900.783945379791
2004,temporal,Costa,Costa,San Pedro El Alto,885,885,2336.4,5566.181328076099
2004,temporal,Costa,Costa,San Pedro Jicayán,1465,1106,3708.59,8835.252701373798
2004,temporal,Costa,Costa,San Pedro Juchatengo,490,490,1077.6,2567.247474377163
2004,temporal,Costa,Costa,San Pedro Mixtepec,3550,3550,16106,38370.53435627189
2004,temporal,Costa,Costa,San Pedro Pochutla,3822,3822,10238.28,24391.42397175782
2004,temporal,Costa,Costa,San Sebastián Ixcapa,832,832,2224.24,5298.974129926374
2004,temporal,Costa,Costa,Santa Catarina Juquila,2155,2155,4167.2,9927.833774336037
2004,temporal,Costa,Costa,Santa Catarina Loxicha,644,644,1133.44,2700.2793034131887
2004,temporal,Costa,Costa,Santa Catarina Mechoacán,885,885,2669,6358.559306897409
2004,temporal,Costa,Costa,Santa María Colotepec,6270,6270,32667.5,77826.24059875277
2004,temporal,Costa,Costa,Santa María Cortijo,395,208,1019.8,2429.5461900239707
2004,temporal,Costa,Costa,Santa María Huatulco,1943,1943,5191.47,12368.029181333344
2004,temporal,Costa,Costa,Santa María Huazolotitlán,2137,2137,7700.1,18344.526983529693
2004,temporal,Costa,Costa,Santa María Temaxcaltepec,470,470,853,2032.1660130324055
2004,temporal,Costa,Costa,Santa María Tonameca,7755,7755,31800.14,75759.86367839662
2004,temporal,Costa,Costa,Santiago Ixtayutla,2792.5,2792.5,6204.92,14782.447289079759
2004,temporal,Costa,Costa,Santiago Jamiltepec,5610,5345,19443.99,46322.87882267523
2004,temporal,Costa,Costa,Santiago Llano Grande,1125,1125,3420.06,8147.865995933891
2004,temporal,Costa,Costa,Santiago Pinotepa Nacional,6409,6126,17137.14,40827.0966806309
2004,temporal,Costa,Costa,Santiago Tapextla,1090,1090,3239.6,7717.942574231865
2004,temporal,Costa,Costa,Santiago Tetepec,1279,1279,4441.2,10580.6045686747
2004,temporal,Costa,Costa,Santiago Yaitepec,600,600,1320,3144.735213602316
2004,temporal,Costa,Costa,Santo Domingo Armenta,735,735,2147.7,5116.627135040677
2004,temporal,Costa,Costa,Santo Domingo de Morelos,4605,4605,29491,70258.62589723174
2004,temporal,Costa,Costa,Santos Reyes Nopala,2435,2435,5658.4,13480.431615641926
2004,temporal,Costa,Costa,Tataltepec de Valdés,2512,2512,13547.5,32275.227504755585
2004,temporal,Costa,Costa,Villa de Tututepec,3950.5,3886.5,17540.34,41787.6703458767
2004,temporal,Istmo,Istmo,Asunción Ixtaltepec,4899,4782,14555.28,34676.13754533448
2004,temporal,Istmo,Istmo,Asunción Tlacolulita,415,185,275.25,655.7487632909374
2004,temporal,Istmo,Istmo,Chahuites,960,375,6797.4,16193.956924954833
2004,temporal,Istmo,Istmo,Ciudad Ixtepec,1624,834,1800.7,4289.942953889159
2004,temporal,Istmo,Istmo,El Barrio de la Soledad,1338,1338,5981.78,14250.844095471257
2004,temporal,Istmo,Istmo,El Espinal,689,616,2012.92,4795.530610730586
2004,temporal,Istmo,Istmo,Guevea de Humboldt,3016,1920,6000.96,14296.538051074966
2004,temporal,Istmo,Istmo,Heroica Ciudad de Juchitán de Zaragoza,9311,8358,22038.94,52505.02324883986
2004,temporal,Istmo,Istmo,Heroica Villa de San Blas Atempa,2326,2326,10947,26079.860896442842
2004,temporal,Istmo,Istmo,Magdalena Tequisistlán,1345,938,1786.4,4255.874989075134
2004,temporal,Istmo,Istmo,Magdalena Tlacotepec,242,221,1146.69,2731.8457743073027
2004,temporal,Istmo,Istmo,Matías Romero Avendaño,3910,3903,20719,49360.43097774726
2004,temporal,Istmo,Istmo,Nejapa de Madero,2123,0,0,0
2004,temporal,Istmo,Istmo,Reforma de Pineda,1878,1878,18276.25,43540.88405121161
2004,temporal,Istmo,Istmo,Salina Cruz,594,594,1949.67,4644.845381745476
2004,temporal,Istmo,Istmo,San Bartolo Yautepec,280,88,112.99,269.1845695340346
2004,temporal,Istmo,Istmo,San Carlos Yautepec,4157,2472,5591.7,13321.527192348538
2004,temporal,Istmo,Istmo,San Dionisio del Mar,1260,499,2996.5,7138.787172393439
2004,temporal,Istmo,Istmo,San Francisco Ixhuatán,2905,2830,29681.7,70712.9448405908
2004,temporal,Istmo,Istmo,San Francisco del Mar,2860,2168,13033.3,31050.210196547774
2004,temporal,Istmo,Istmo,San Juan Guichicovi,11617,11584,61284.2,146001.95589200532
2004,temporal,Istmo,Istmo,San Juan Lajarcia,431,104,130,309.7087710365917
2004,temporal,Istmo,Istmo,San Juan Mazatlán,7690,7669,39869.76,94984.72593172203
2004,temporal,Istmo,Istmo,San Mateo del Mar,625,625,2032.5,4842.1775163990205
2004,temporal,Istmo,Istmo,San Miguel Chimalapa,7810,7575,29940.6,71329.74176998598
2004,temporal,Istmo,Istmo,San Miguel Tenango,832,832,2419.36,5763.823171500681
2004,temporal,Istmo,Istmo,San Pedro Comitancillo,1782,638,2707.79,6450.971639424405
2004,temporal,Istmo,Istmo,San Pedro Huamelula,1692,1562,7009.1,16698.305746712114
2004,temporal,Istmo,Istmo,San Pedro Huilotepec,318,303,1448.4,3450.632184379996
2004,temporal,Istmo,Istmo,San Pedro Mártir Quiechapa,450,0,0,0
2004,temporal,Istmo,Istmo,San Pedro Tapanatepec,3060,1619,7929.29,18890.543546867204
2004,temporal,Istmo,Istmo,Santa Ana Tavela,261,0,0,0
2004,temporal,Istmo,Istmo,Santa Catalina Quierí,320,0,0,0
2004,temporal,Istmo,Istmo,Santa Catarina Quioquitani,250,0,0,0
2004,temporal,Istmo,Istmo,Santa María Chimalapa,5106,5065,22259.8,53031.194627079414
2004,temporal,Istmo,Istmo,Santa María Ecatepec,1337,440,827.2,1970.7007338574513
2004,temporal,Istmo,Istmo,Santa María Guienagati,2270,1206,3656.3,8710.678304162233
2004,temporal,Istmo,Istmo,Santa María Jalapa del Marqués,1290,1290,6803,16207.298225861026
2004,temporal,Istmo,Istmo,Santa María Mixtequilla,1187,1107,7562.5,18016.71216126327
2004,temporal,Istmo,Istmo,Santa María Petapa,1345,1345,5890.75,14033.97648449079
2004,temporal,Istmo,Istmo,Santa María Quiegolani,575,278,417,993.4504424789134
2004,temporal,Istmo,Istmo,Santa María Totolapilla,500,500,6500,15485.438551829586
2004,temporal,Istmo,Istmo,Santa María Xadani,1746,1026,1983.12,4724.535830908351
2004,temporal,Istmo,Istmo,Santiago Astata,986,736,3087.06,7354.535067047852
2004,temporal,Istmo,Istmo,Santiago Ixcuintepec,610,610,1886,4493.1595551924
2004,temporal,Istmo,Istmo,Santiago Lachiguiri,3010,2202,7214.9,17188.598555014658
2004,temporal,Istmo,Istmo,Santiago Laollaga,600,410,1074.54,2559.957406381994
2004,temporal,Istmo,Istmo,Santiago Niltepec,5305,4688,25499.3,60748.8989637951
2004,temporal,Istmo,Istmo,Santo Domingo Chihuitán,910,670,1545,3680.7696250118015
2004,temporal,Istmo,Istmo,Santo Domingo Ingenio,4835,4373,17169.21,40903.499452070464
2004,temporal,Istmo,Istmo,Santo Domingo Petapa,1572,1572,6756.82,16097.28014088818
2004,temporal,Istmo,Istmo,Santo Domingo Tehuantepec,6448,6118,29269.08,69729.92920132066
2004,temporal,Istmo,Istmo,Santo Domingo Zanatepec,4605,4605,30369,72350.35128930965
2004,temporal,Istmo,Istmo,Unión Hidalgo,1750,1750,5957,14191.80883896136
2004,temporal,Mixteca,Huajuapan de León,Asunción Cuyotepeji,186,186,500.54,1192.474063497351
2004,temporal,Mixteca,Huajuapan de León,Asunción Nochixtlán,3323,3221,8432.36,20089.045019523957
2004,temporal,Mixteca,Huajuapan de León,Calihualá,344,344,786.72,1874.2621873069804
2004,temporal,Mixteca,Huajuapan de León,Chalcatongo de Hidalgo,2777,2777,7511.44,17895.06808550074
2004,temporal,Mixteca,Huajuapan de León,Coicoyán de Las Flores,1219,1219,2574.53,6133.496325360281
2004,temporal,Mixteca,Huajuapan de León,Concepción Buenavista,785,222,519.38,1237.3580115460384
2004,temporal,Mixteca,Huajuapan de León,Constancia del Rosario,371,371,783.55,1866.710058044011
2004,temporal,Mixteca,Huajuapan de León,Cosoltepec,188,188,520.61,1240.288332995077
2004,temporal,Mixteca,Huajuapan de León,Fresnillo de Trujano,825,825,2978.64,7096.237952003335
2004,temporal,Mixteca,Huajuapan de León,Guadalupe de Ramírez,505,505,1145.76,2729.63016540681
2004,temporal,Mixteca,Huajuapan de León,"H. V. Tezoatlán de Segura y Luna, C. de la I.de O.",4685,4328,10851.46,25852.248773482563
2004,temporal,Mixteca,Huajuapan de León,Heroica Ciudad de Huajuapan de León,3374,3195,7067.81,16838.174992462566
2004,temporal,Mixteca,Huajuapan de León,Heroica Ciudad de Tlaxiaco,2221,2221,4750.57,11317.639972486933
2004,temporal,Mixteca,Huajuapan de León,Ixpantepec Nieves,483,483,1020.1,2430.260902572517
2004,temporal,Mixteca,Huajuapan de León,La Reforma,313,313,724.42,1725.8402147255981
2004,temporal,Mixteca,Huajuapan de León,La Trinidad Vista Hermosa,267,67,150.81,359.2859981540646
2004,temporal,Mixteca,Huajuapan de León,Magdalena Jaltepec,2621,2456,7627.71,18172.066845565547
2004,temporal,Mixteca,Huajuapan de León,Magdalena Peñasco,471,471,1155.01,2751.6671356536444
2004,temporal,Mixteca,Huajuapan de León,Magdalena Yodocono de Porfirio Díaz,973,877,1922.57,4580.283014860154
2004,temporal,Mixteca,Huajuapan de León,Magdalena Zahuatlán,460,448,1102.12,2625.6633133449877
2004,temporal,Mixteca,Huajuapan de León,Mariscala de Juárez,807,807,1836.47,4375.160513427459
2004,temporal,Mixteca,Huajuapan de León,Mesones Hidalgo,941,941,1987.39,4734.708572849323
2004,temporal,Mixteca,Huajuapan de León,Putla Villa de Guerrero,3085,3085,6955.35,16570.253081764295
2004,temporal,Mixteca,Huajuapan de León,San Agustín Atenango,223,223,591.36,1408.8413756938376
2004,temporal,Mixteca,Huajuapan de León,San Agustín Tlacotepec,271,271,730.75,1740.9206494999185
2004,temporal,Mixteca,Huajuapan de León,San Andrés Cabecera Nueva,574,574,1853.89,4416.661488746362
2004,temporal,Mixteca,Huajuapan de León,San Andrés Dinicuiti,1040,1040,3260.93,7768.758636433485
2004,temporal,Mixteca,Huajuapan de León,San Andrés Lagunas,451,101,192.41,458.3928048857739
2004,temporal,Mixteca,Huajuapan de León,San Andrés Nuxiño,579,553,1646.3,3922.104228904161
2004,temporal,Mixteca,Huajuapan de León,San Andrés Sinaxtla,1131,1092,3927.11,9355.84932173469
2004,temporal,Mixteca,Huajuapan de León,San Andrés Tepetlapa,56,56,118.27,281.7635103884439
2004,temporal,Mixteca,Huajuapan de León,San Antonino Monte Verde,1834,249,734.87,1750.7360351666166
2004,temporal,Mixteca,Huajuapan de León,San Antonio Acutla,202,90,245.79,585.5639910237221
2004,temporal,Mixteca,Huajuapan de León,San Antonio Sinicahua,309,309,684.94,1631.7840433369472
2004,temporal,Mixteca,Huajuapan de León,San Bartolo Soyaltepec,773,222,841.59,2004.9831124360403
2004,temporal,Mixteca,Huajuapan de León,San Bartolomé Yucuañe,201,201,487.87,1162.2893701970922
2004,temporal,Mixteca,Huajuapan de León,San Cristóbal Amoltepec,283,283,629.75,1500.3007581561048
2004,temporal,Mixteca,Huajuapan de León,San Cristóbal Suchixtlahuaca,500,171,372.51,887.4585715295444
2004,temporal,Mixteca,Huajuapan de León,San Esteban Atatlahuca,1081,1081,2327.07,5543.95376781632
2004,temporal,Mixteca,Huajuapan de León,San Francisco Chindúa,540,520,1581.91,3768.7030922345757
2004,temporal,Mixteca,Huajuapan de León,San Francisco Jaltepetongo,489,472,1221.11,2909.142133849942
2004,temporal,Mixteca,Huajuapan de León,San Francisco Nuxaño,218,208,552.22,1315.5952118602052
2004,temporal,Mixteca,Huajuapan de León,San Francisco Teopan,469,102,269.36,641.7165735878181
2004,temporal,Mixteca,Huajuapan de León,San Francisco Tlapancingo,476,476,1068.67,2545.9728641821116
2004,temporal,Mixteca,Huajuapan de León,San Jerónimo Silacayoapilla,383,383,960.96,2289.367235502486
2004,temporal,Mixteca,Huajuapan de León,San Jorge Nuchita,182,182,498.43,1187.447251905911
2004,temporal,Mixteca,Huajuapan de León,San José Ayuquila,913,913,3094.26,7371.688168212956
2004,temporal,Mixteca,Huajuapan de León,San Juan Achiutla,167,167,470.85,1121.741344942917
2004,temporal,Mixteca,Huajuapan de León,San Juan Bautista Coixtlahuaca,980.5,246.5,404.7,964.1472279885281
2004,temporal,Mixteca,Huajuapan de León,San Juan Bautista Suchitepec,191,191,498.43,1187.447251905911
2004,temporal,Mixteca,Huajuapan de León,San Juan Bautista Tlachichilco,338,338,786.72,1874.2621873069804
2004,temporal,Mixteca,Huajuapan de León,San Juan Cieneguilla,250,250,528,1257.8940854409263
2004,temporal,Mixteca,Huajuapan de León,San Juan Diuxi,226,221,537.28,1280.0025269426153
2004,temporal,Mixteca,Huajuapan de León,San Juan Ihualtepec,206,206,435.07,1036.4999616529997
2004,temporal,Mixteca,Huajuapan de León,San Juan Mixtepec,2326,2326,7688.99,18318.05879548187
2004,temporal,Mixteca,Huajuapan de León,San Juan Sayultepec,759,725,2511.13,5982.4537401008965
2004,temporal,Mixteca,Huajuapan de León,San Juan Tamazola,1652,1553,5096.31,12141.32236093456
2004,temporal,Mixteca,Huajuapan de León,San Juan Teita,213,213,535.39,1275.4998378867756
2004,temporal,Mixteca,Huajuapan de León,San Juan Teposcolula,710,245,539.74,1285.8631698406923
2004,temporal,Mixteca,Huajuapan de León,San Juan Yucuita,1014,975,3402.43,8105.864721831005
2004,temporal,Mixteca,Huajuapan de León,San Juan Ñumí,2425,2425,6685.62,15927.655029366602
2004,temporal,Mixteca,Huajuapan de León,San Lorenzo Victoria,161,161,444.58,1059.1563494419072
2004,temporal,Mixteca,Huajuapan de León,San Marcos Arteaga,752,752,1746.62,4161.104105137937
2004,temporal,Mixteca,Huajuapan de León,San Martín Huamelúlpam,493,493,1289.98,3073.2163112444814
2004,temporal,Mixteca,Huajuapan de León,San Martín Itunyoso,632,632,1857.66,4425.643043106423
2004,temporal,Mixteca,Huajuapan de León,San Martín Peras,1567,1567,3309.5,7884.470598043079
2004,temporal,Mixteca,Huajuapan de León,San Martín Zacatepec,924,924,3009.6,7169.9962870132795
2004,temporal,Mixteca,Huajuapan de León,San Mateo Etlatongo,501,488,1335.36,3181.32849608787
2004,temporal,Mixteca,Huajuapan de León,San Mateo Nejápam,246,246,519.55,1237.7630153235477
2004,temporal,Mixteca,Huajuapan de León,San Mateo Peñasco,535,535,1129.92,2691.8933428435826
2004,temporal,Mixteca,Huajuapan de León,San Mateo Sindihui,842,766,1941.58,4625.5719666863515
2004,temporal,Mixteca,Huajuapan de León,San Mateo Tlapiltepec,272,53,137.36,327.2430522275865
2004,temporal,Mixteca,Huajuapan de León,San Miguel Achiutla,416,416,1039.32,2476.050153182696
2004,temporal,Mixteca,Huajuapan de León,San Miguel Ahuehuetitlán,568,568,1262.98,3008.8921818753433
2004,temporal,Mixteca,Huajuapan de León,San Miguel Amatitlán,2832,2490,7633.86,18186.71845281074
2004,temporal,Mixteca,Huajuapan de León,San Miguel Chicahua,649,627,1477.47,3519.887830334101
2004,temporal,Mixteca,Huajuapan de León,San Miguel El Grande,1446,1446,3278.3,7810.140492994297
2004,temporal,Mixteca,Huajuapan de León,San Miguel Huautla,506,487,1188.08,2830.45228225503
2004,temporal,Mixteca,Huajuapan de León,San Miguel Piedras,739,674,1559.71,3715.814363642173
2004,temporal,Mixteca,Huajuapan de León,San Miguel Tecomatlán,130.5,122.5,324.08,772.0801424426049
2004,temporal,Mixteca,Huajuapan de León,San Miguel Tequixtepec,877,146,331.48,789.7097186400725
2004,temporal,Mixteca,Huajuapan de León,San Miguel Tlacotepec,477,477,1165.82,2777.420611152918
2004,temporal,Mixteca,Huajuapan de León,San Miguel Tulancingo,140,100,218.57,520.7157391189835
2004,temporal,Mixteca,Huajuapan de León,San Nicolás Hidalgo,137,137,365.41,870.543707880623
2004,temporal,Mixteca,Huajuapan de León,San Pablo Tijaltepec,1037,1037,3480.98,8293.000290791962
2004,temporal,Mixteca,Huajuapan de León,San Pedro Amuzgos,767,767,2980.77,7101.312411098012
2004,temporal,Mixteca,Huajuapan de León,San Pedro Coxcaltepec Cántaros,469,447,1211.47,2886.176037289998
2004,temporal,Mixteca,Huajuapan de León,San Pedro Molinos,234,234,769.82,1834.0000470722234
2004,temporal,Mixteca,Huajuapan de León,San Pedro Mártir Yucuxaco,471,471,1216.51,2898.1832081055704
2004,temporal,Mixteca,Huajuapan de León,San Pedro Nopala,310,68,334.53,796.9759628836232
2004,temporal,Mixteca,Huajuapan de León,San Pedro Teozacoalco,612,546,1264.03,3011.393675795254
2004,temporal,Mixteca,Huajuapan de León,San Pedro Tidaá,152,150,435.69,1037.977034253328
2004,temporal,Mixteca,Huajuapan de León,San Pedro Topiltepec,352,174,492.31,1172.8671159155729
2004,temporal,Mixteca,Huajuapan de León,San Pedro Y San Pablo Teposcolula,1207,209,579.69,1381.039057555399
2004,temporal,Mixteca,Huajuapan de León,San Pedro Y San Pablo Tequixtepec,616,616,1731.84,4125.8926002462385
2004,temporal,Mixteca,Huajuapan de León,San Pedro Yucunama,138,73,232.37,553.5925163520986
2004,temporal,Mixteca,Huajuapan de León,San Sebastián Nicananduta,657,53,131.96,314.3782263537588
2004,temporal,Mixteca,Huajuapan de León,San Sebastián Tecomaxtlahuaca,2298,2298,6757.34,16098.518975972329
2004,temporal,Mixteca,Huajuapan de León,San Simón Zahuatlán,600,600,1988.82,4738.115369330725
2004,temporal,Mixteca,Huajuapan de León,San Vicente Nuñú,192,90,194.66,463.75314899986876
2004,temporal,Mixteca,Huajuapan de León,Santa Catarina Tayata,282,282,853.67,2033.762204390825
2004,temporal,Mixteca,Huajuapan de León,Santa Catarina Ticuá,291,291,966.1,2301.6126438342403
2004,temporal,Mixteca,Huajuapan de León,Santa Catarina Yosonotú,763,763,1738.18,4140.996858772177
2004,temporal,Mixteca,Huajuapan de León,Santa Catarina Zapoquila,166,166,572.35,1363.5524238676405
2004,temporal,Mixteca,Huajuapan de León,Santa Cruz Itundujia,837,837,1862.78,4437.840803934941
2004,temporal,Mixteca,Huajuapan de León,Santa Cruz Nundaco,569,569,1252.42,2983.734300166525
2004,temporal,Mixteca,Huajuapan de León,Santa Cruz Tacache de Mina,569,569,1323.98,3154.2170667463593
2004,temporal,Mixteca,Huajuapan de León,Santa Cruz Tacahua,381,381,1026.43,2445.3413373468375
2004,temporal,Mixteca,Huajuapan de León,Santa Cruz Tayata,520,520,1656.61,3946.6665168225245
2004,temporal,Mixteca,Huajuapan de León,Santa Cruz de Bravo,46,46,97.15,231.44774697080683
2004,temporal,Mixteca,Huajuapan de León,Santa Inés de Zaragoza,860,803,2437.99,5808.206820765386
2004,temporal,Mixteca,Huajuapan de León,Santa Lucía Monteverde,2510,2510,8226.32,19598.180441182576
2004,temporal,Mixteca,Huajuapan de León,Santa Magdalena Jicotlán,238,115,310.27,739.1795414578716
2004,temporal,Mixteca,Huajuapan de León,Santa María Apazco,665,638,1495.84,3563.652062056733
2004,temporal,Mixteca,Huajuapan de León,Santa María Camotlán,194,194,488.93,1164.8146878686214
2004,temporal,Mixteca,Huajuapan de León,Santa María Chachoápam,942,911,3162.32,7533.832621726421
2004,temporal,Mixteca,Huajuapan de León,Santa María Ipalapa,1641,1641,6627.32,15788.7625574325
2004,temporal,Mixteca,Huajuapan de León,Santa María Nativitas,323,54,119.07,283.6694105178998
2004,temporal,Mixteca,Huajuapan de León,Santa María Nduayaco,205,53,109.13,259.9886014094096
2004,temporal,Mixteca,Huajuapan de León,Santa María Tataltepec,200,200,460.42,1096.893172005135
2004,temporal,Mixteca,Huajuapan de León,Santa María Yolotepec,167,167,549.12,1308.2098488585634
2004,temporal,Mixteca,Huajuapan de León,Santa María Yosoyúa,412,412,1033.19,2461.44619344074
2004,temporal,Mixteca,Huajuapan de León,Santa María Yucuhiti,1113,1113,2553.06,6082.346730636006
2004,temporal,Mixteca,Huajuapan de León,Santa María Zacatepec,2806,2806,11866.25,28269.85926394582
2004,temporal,Mixteca,Huajuapan de León,Santa María del Rosario,181.5,181.5,484.18,1153.4984058499767
2004,temporal,Mixteca,Huajuapan de León,Santiago Apoala,560,535,1273.44,3033.81182606798
2004,temporal,Mixteca,Huajuapan de León,Santiago Ayuquililla,586,586,1705.67,4063.545842261411
2004,temporal,Mixteca,Huajuapan de León,Santiago Cacaloxtepec,168,168,424.51,1011.3420799441811
2004,temporal,Mixteca,Huajuapan de León,Santiago Huajolotitlán,900,900,2249.28,5358.628803978347
2004,temporal,Mixteca,Huajuapan de León,Santiago Huauclilla,560,534,1541.78,3673.098376990741
2004,temporal,Mixteca,Huajuapan de León,Santiago Ihuitlán Plumas,512,208,428.93,1021.8721781594253
2004,temporal,Mixteca,Huajuapan de León,Santiago Juxtlahuaca,3202,3202,6762.62,16111.097916826737
2004,temporal,Mixteca,Huajuapan de León,Santiago Miltepec,97,97,293.57,699.3938762554786
2004,temporal,Mixteca,Huajuapan de León,Santiago Nejapilla,116,68,184.88,440.45351991726983
2004,temporal,Mixteca,Huajuapan de León,Santiago Nundiche,424,424,1155.82,2753.5968595347185
2004,temporal,Mixteca,Huajuapan de León,Santiago Nuyoó,1186,1186,3162.27,7533.7135029683295
2004,temporal,Mixteca,Huajuapan de León,Santiago Tamazola,949,949,2137.7,5092.803383422477
2004,temporal,Mixteca,Huajuapan de León,Santiago Tepetlapa,158,75,164.12,390.99541155788796
2004,temporal,Mixteca,Huajuapan de León,Santiago Tilantongo,1073,999,2370.4,5647.182083577977
2004,temporal,Mixteca,Huajuapan de León,Santiago Tillo,872,840,3082.48,7343.623788806717
2004,temporal,Mixteca,Huajuapan de León,Santiago Yolomécatl,290,58,159.38,379.70295329086144
2004,temporal,Mixteca,Huajuapan de León,Santiago Yosondúa,1778,1778,4816.1,11473.757016840997
2004,temporal,Mixteca,Huajuapan de León,Santiago Yucuyachi,170,170,359.04,855.36797809983
2004,temporal,Mixteca,Huajuapan de León,Santiago del Río,261,261,617.76,1471.7360799658838
2004,temporal,Mixteca,Huajuapan de León,Santo Domingo Ixcatlán,168,168,456.19,1086.8157250706367
2004,temporal,Mixteca,Huajuapan de León,Santo Domingo Nuxaá,1230,1154,3794.73,9040.470497812967
2004,temporal,Mixteca,Huajuapan de León,Santo Domingo Tlatayápam,159,53,123.02,293.0797924070886
2004,temporal,Mixteca,Huajuapan de León,Santo Domingo Tonaltepec,144,43,97.89,233.21070459055355
2004,temporal,Mixteca,Huajuapan de León,Santo Domingo Tonalá,750,750,1837.44,4377.471417334424
2004,temporal,Mixteca,Huajuapan de León,Santo Domingo Yanhuitlán,1405,1358,4110.42,9792.562512647903
2004,temporal,Mixteca,Huajuapan de León,Santo Domingo Yodohino,214,214,661.06,1574.892924472687
2004,temporal,Mixteca,Huajuapan de León,Santo Tomás Ocotepec,1352,1352,3172.22,7557.418135828438
2004,temporal,Mixteca,Huajuapan de León,Santos Reyes Tepejillo,444,444,1092.96,2603.8407568627176
2004,temporal,Mixteca,Huajuapan de León,Santos Reyes Yucuná,201,201,573.41,1366.0777415391697
2004,temporal,Mixteca,Huajuapan de León,Silacayoápam,2017,2017,4358.11,10382.653016479082
2004,temporal,Mixteca,Huajuapan de León,Teotongo,638,185,456.03,1086.4345450447454
2004,temporal,Mixteca,Huajuapan de León,Tepelmeme Villa de Morelos,1641,738,1687.64,4020.5916180937975
2004,temporal,Mixteca,Huajuapan de León,Tlacotepec Plumas,690,175,374.78,892.8665631468756
2004,temporal,Mixteca,Huajuapan de León,Villa Tejúpam de La Unión,1422,405,988.7,2355.454322491371
2004,temporal,Mixteca,Huajuapan de León,Villa de Chilapa de Díaz,132,9,14.92,35.54503741435345
2004,temporal,Mixteca,Huajuapan de León,Villa de Santiago Chazumba,1035,1035,2816.35,6709.602286991577
2004,temporal,Mixteca,Huajuapan de León,Villa de Tamazulápam del Progreso,1097,393,998.24,2378.182181535133
2004,temporal,Mixteca,Huajuapan de León,Yutanduchi de Guerrero,14,13,27.46,65.42002194357545
2004,temporal,Mixteca,Huajuapan de León,Zapotitlán Lagunas,1652,1652,3489.02,8312.154587092993
2004,temporal,Mixteca,Huajuapan de León,Zapotitlán Palmas,413,413,1056,2515.7881708818527
2004,temporal,Papaloapan,Tuxtepec,Acatlán de Pérez Figueroa,2766,2766,8194.1,19521.42031346874
2004,temporal,Papaloapan,Tuxtepec,Ayotzintepec,2627,2627,24483.4,58328.64403690223
2004,temporal,Papaloapan,Tuxtepec,Cosolapa,1129,1129,2759.7,6574.640734074477
2004,temporal,Papaloapan,Tuxtepec,Loma Bonita,1300,1300,15956.4,38014.13103206363
2004,temporal,Papaloapan,Tuxtepec,San Felipe Jalapa de Díaz,6552,6552,27036.73,64411.63400883193
2004,temporal,Papaloapan,Tuxtepec,San Felipe Usila,5988,5988,21287.38,50714.52537222247
2004,temporal,Papaloapan,Tuxtepec,San José Chiltepec,995,995,12183.9,29026.62073409792
2004,temporal,Papaloapan,Tuxtepec,San José Independencia,630,630,1897,4519.365681972419
2004,temporal,Papaloapan,Tuxtepec,San Juan Bautista Tuxtepec,7265,7265,66247.1,157825.4455826015
2004,temporal,Papaloapan,Tuxtepec,San Juan Bautista Valle Nacional,5820,5800,46627.2,111083.48314521053
2004,temporal,Papaloapan,Tuxtepec,San Juan Comaltepec,659,659,2073,4938.663710452728
2004,temporal,Papaloapan,Tuxtepec,San Juan Cotzocón,3891,3883,26217.75,62460.51639880463
2004,temporal,Papaloapan,Tuxtepec,San Juan Lalana,4642,4642,19800.6,47172.45762913182
2004,temporal,Papaloapan,Tuxtepec,San Juan Petlapa,757,757,2304.9,5491.136510478771
2004,temporal,Papaloapan,Tuxtepec,San Lucas Ojitlán,8598,8498,33913.13,80793.79857157053
2004,temporal,Papaloapan,Tuxtepec,San Miguel Soyaltepec,4875,4875,17546.7,41802.822251905876
2004,temporal,Papaloapan,Tuxtepec,San Pedro Ixcatlán,1717,1717,5177.63,12335.057109093757
2004,temporal,Papaloapan,Tuxtepec,Santa María Jacatepec,2330,2330,22336.9,53214.87575205574
2004,temporal,Papaloapan,Tuxtepec,Santiago Choápam,1693,1693,5980.5,14247.794655264128
2004,temporal,Papaloapan,Tuxtepec,Santiago Jocotepec,3572,3572,20780.1,49505.994100134456
2004,temporal,Papaloapan,Tuxtepec,Santiago Yaveo,2281,2257,16732.55,39863.21151391017
2004,temporal,Sierra Juárez,Sierra Juárez,Abejones,145,105,440.25,1048.840664991227
2004,temporal,Sierra Juárez,Sierra Juárez,Asunción Cacalotepec,750,750,3105.88,7399.371367593304
2004,temporal,Sierra Juárez,Sierra Juárez,Capulálpam de Méndez,94,74,323.89,771.6274911618591
2004,temporal,Sierra Juárez,Sierra Juárez,Guelatao de Juárez,87,87,351.98,838.5484094573812
2004,temporal,Sierra Juárez,Sierra Juárez,Ixtlán de Juárez,1687,1591,7359.84,17533.90001096884
2004,temporal,Sierra Juárez,Sierra Juárez,Mixistlán de La Reforma,600,600,2479.13,5906.217734922659
2004,temporal,Sierra Juárez,Sierra Juárez,Natividad,24,24,98.84,235.47396099428252
2004,temporal,Sierra Juárez,Sierra Juárez,Nuevo Zoquiápam,139,116,485.37,1156.3334322925425
2004,temporal,Sierra Juárez,Sierra Juárez,San Andrés Solaga,150,150,712.7,1697.9187778290686
2004,temporal,Sierra Juárez,Sierra Juárez,San Andrés Yaá,118,118,483.93,1152.9028120595217
2004,temporal,Sierra Juárez,Sierra Juárez,San Baltazar Yatzachi El Bajo,120,120,482.82,1150.2583756299016
2004,temporal,Sierra Juárez,Sierra Juárez,San Bartolomé Zoogocho,22,22,89.51,213.24640073450252
2004,temporal,Sierra Juárez,Sierra Juárez,San Cristóbal Lachirioag,207,207,848.91,2022.422098620562
2004,temporal,Sierra Juárez,Sierra Juárez,San Francisco Cajonos,117,117,472.33,1125.2672601824104
2004,temporal,Sierra Juárez,Sierra Juárez,San Ildefonso Villa Alta,969,969,4022.85,9583.93791972733
2004,temporal,Sierra Juárez,Sierra Juárez,San Juan Atepec,147,117,507.81,1209.7939309237818
2004,temporal,Sierra Juárez,Sierra Juárez,San Juan Chicomezúchil,80,64,258.44,615.7010368207443
2004,temporal,Sierra Juárez,Sierra Juárez,San Juan Evangelista Analco,66,36,137.07,326.55216343065865
2004,temporal,Sierra Juárez,Sierra Juárez,San Juan Juquila Mixes,915,915,3974.17,9467.963896849937
2004,temporal,Sierra Juárez,Sierra Juárez,San Juan Juquila Vijanos,346,346,1426.36,3398.124635813484
2004,temporal,Sierra Juárez,Sierra Juárez,San Juan Quiotepec,269,269,1111.83,2648.7961761662596
2004,temporal,Sierra Juárez,Sierra Juárez,San Juan Tabaá,96,96,428,1019.6565692589327
2004,temporal,Sierra Juárez,Sierra Juárez,San Juan Yaeé,205,205,859.43,2047.4846853229076
2004,temporal,Sierra Juárez,Sierra Juárez,San Juan Yatzona,198,198,819.68,1952.7852726405652
2004,temporal,Sierra Juárez,Sierra Juárez,San Lucas Camotlán,330,330,1393.29,3319.3394892120987
2004,temporal,Sierra Juárez,Sierra Juárez,San Mateo Cajonos,130,130,576.18,1372.6769207374107
2004,temporal,Sierra Juárez,Sierra Juárez,San Melchor Betaza,228,228,1022.51,2436.002426712503
2004,temporal,Sierra Juárez,Sierra Juárez,San Miguel Aloápam,475,285,1165.99,2777.8256149304275
2004,temporal,Sierra Juárez,Sierra Juárez,San Miguel Amatlán,135,85,1473.96,3511.5256935161133
2004,temporal,Sierra Juárez,Sierra Juárez,San Miguel Quetzaltepec,1245,1245,5419.18,12910.519829431363
2004,temporal,Sierra Juárez,Sierra Juárez,San Miguel Yotao,74,74,304.12,724.527934212679
2004,temporal,Sierra Juárez,Sierra Juárez,San Miguel del Río,40,10,40.86,97.3438491119626
2004,temporal,Sierra Juárez,Sierra Juárez,San Pablo Macuiltianguis,144,34,152.02,362.16867209986674
2004,temporal,Sierra Juárez,Sierra Juárez,San Pablo Yaganiza,118,118,479.11,1141.4197637795496
2004,temporal,Sierra Juárez,Sierra Juárez,San Pedro Cajonos,89,88.1,355.85,847.7682013336243
2004,temporal,Sierra Juárez,Sierra Juárez,San Pedro Ocotepec,635,635,2919.03,6954.224568607249
2004,temporal,Sierra Juárez,Sierra Juárez,San Pedro Y San Pablo Ayutla,875,875,3378.98,8049.9980242863285
2004,temporal,Sierra Juárez,Sierra Juárez,San Pedro Yaneri,229,229,937.95,2234.5487830290094
2004,temporal,Sierra Juárez,Sierra Juárez,San Pedro Yólox,305,165,679.07,1617.7995011370642
2004,temporal,Sierra Juárez,Sierra Juárez,Santa Ana Yareni,99,28,138.84,330.76896746707996
2004,temporal,Sierra Juárez,Sierra Juárez,Santa Catarina Ixtepeji,339,275,1143.56,2724.388940050806
2004,temporal,Sierra Juárez,Sierra Juárez,Santa Catarina Lachatao,468,428,1985.9,4731.158833858211
2004,temporal,Sierra Juárez,Sierra Juárez,Santa María Alotepec,1340,1340,5931.44,14130.915329825242
2004,temporal,Sierra Juárez,Sierra Juárez,Santa María Jaltianguis,104,74,308.59,735.177151186014
2004,temporal,Sierra Juárez,Sierra Juárez,Santa María Temaxcalapa,229,229,947.47,2257.228994569535
2004,temporal,Sierra Juárez,Sierra Juárez,Santa María Tepantlali,395,395,1627.69,3877.768227142692
2004,temporal,Sierra Juárez,Sierra Juárez,Santa María Tlahuitoltepec,855,855,4322.21,10297.125748169747
2004,temporal,Sierra Juárez,Sierra Juárez,Santa María Yalina,34,34,136.99,326.3615734177131
2004,temporal,Sierra Juárez,Sierra Juárez,Santa María Yavesía,101,84,365.57,870.9248879065141
2004,temporal,Sierra Juárez,Sierra Juárez,Santiago Atitlán,685,685,3061.74,7294.2133279505715
2004,temporal,Sierra Juárez,Sierra Juárez,Santiago Camotlán,1416,1416,6173.01,14706.425697666085
2004,temporal,Sierra Juárez,Sierra Juárez,Santiago Comaltepec,287,261,1085.18,2585.3058781037585
2004,temporal,Sierra Juárez,Sierra Juárez,Santiago Lalopa,59,59,238.04,567.1005835196177
2004,temporal,Sierra Juárez,Sierra Juárez,Santiago Laxopa,247,105,430.44,1025.4695646537734
2004,temporal,Sierra Juárez,Sierra Juárez,Santiago Xiacuí,270,109,472.15,1124.8384326532828
2004,temporal,Sierra Juárez,Sierra Juárez,Santiago Zacatepec,1500,1500,6383.53,15207.963316732417
2004,temporal,Sierra Juárez,Sierra Juárez,Santiago Zoochila,32,32,126,300.17927038931197
2004,temporal,Sierra Juárez,Sierra Juárez,Santo Domingo Roayaga,224,224,929.81,2215.1562492117946
2004,temporal,Sierra Juárez,Sierra Juárez,Santo Domingo Tepuxtepec,850,850,3402.11,8105.102361779223
2004,temporal,Sierra Juárez,Sierra Juárez,Santo Domingo Xagacía,143,143,579.86,1381.4440613329082
2004,temporal,Sierra Juárez,Sierra Juárez,Tamazulápam del Espíritu Santo,1070,1070,4797.48,11429.397191327907
2004,temporal,Sierra Juárez,Sierra Juárez,Tanetze de Zaragoza,99,99,408.3,972.72377857108
2004,temporal,Sierra Juárez,Sierra Juárez,Teococuilco de Marcos Pérez,245,158,655.49,1561.62309482135
2004,temporal,Sierra Juárez,Sierra Juárez,Totontepec Villa de Morelos,1360,1360,5673.43,13516.238714324081
2004,temporal,Sierra Juárez,Sierra Juárez,Villa Hidalgo Yalálag,136,136,682.72,1626.495170477707
2004,temporal,Sierra Juárez,Sierra Juárez,Villa Talea de Castro,390,390,1602.21,3817.06530801952
2004,temporal,Valles Centrales,Valles Centrales,Asunción Ocotlán,644,584,1199.3,2857.1825315706496
2004,temporal,Valles Centrales,Valles Centrales,Ayoquezco de Aldama,1596,1428,2831.69,6746.147921973896
2004,temporal,Valles Centrales,Valles Centrales,Ciénega de Zimatlán,1242,1161,2907.58,6926.94637300441
2004,temporal,Valles Centrales,Valles Centrales,Coatecas Altas,680,613,1391.4,3314.8368001562594
2004,temporal,Valles Centrales,Valles Centrales,Cuilápam de Guerrero,1725,1686,2762.67,6581.7163883050835
2004,temporal,Valles Centrales,Valles Centrales,Guadalupe Etla,380,356,850.52,2026.257722631092
2004,temporal,Valles Centrales,Valles Centrales,Heroica Ciudad de Ejutla de Crespo,4081,3958,8600.36,20489.28404670971
2004,temporal,Valles Centrales,Valles Centrales,Heroico San Martín de los Cansecos,370,215,480.5,1144.7312652544795
2004,temporal,Valles Centrales,Valles Centrales,La Compañía,1336,789,1233.3,2938.1832870725275
2004,temporal,Valles Centrales,Valles Centrales,La Pe,740,208,465,1107.8044502462703
2004,temporal,Valles Centrales,Valles Centrales,Magdalena Apasco,1282,1244,3028.68,7215.452005100804
2004,temporal,Valles Centrales,Valles Centrales,Magdalena Mixtepec,506,340,746.56,1778.5860008082914
2004,temporal,Valles Centrales,Valles Centrales,Magdalena Ocotlán,785,785,1579.35,3762.6042118203163
2004,temporal,Valles Centrales,Valles Centrales,Magdalena Teitipac,816,78,252,600.3585407786239
2004,temporal,Valles Centrales,Valles Centrales,Miahuatlán de Porfirio Díaz,5643,590.25,3144.28,7490.85457380719
2004,temporal,Valles Centrales,Valles Centrales,Monjas,653,51,228.34,543.9915444499643
2004,temporal,Valles Centrales,Valles Centrales,Nazareno Etla,578,570,1561.08,3719.078217613866
2004,temporal,Valles Centrales,Valles Centrales,Oaxaca de Juárez,323,214,737.6,1757.2399193583851
2004,temporal,Valles Centrales,Valles Centrales,Ocotlán de Morelos,4416,4288,10802.3,25735.131210527496
2004,temporal,Valles Centrales,Valles Centrales,Reyes Etla,457,444,1187.1,2828.117554596446
2004,temporal,Valles Centrales,Valles Centrales,Rojas de Cuauhtémoc,65,65,121.2,288.7438696125763
2004,temporal,Valles Centrales,Valles Centrales,San Agustín Amatengo,528,383,899,2141.755270476123
2004,temporal,Valles Centrales,Valles Centrales,San Agustín Etla,161,161,468.08,1115.1421657446758
2004,temporal,Valles Centrales,Valles Centrales,San Agustín Yatareni,249,249,797.7,1900.4206665837632
2004,temporal,Valles Centrales,Valles Centrales,San Agustín de Las Juntas,206,206,686.44,1635.3576060796772
2004,temporal,Valles Centrales,Valles Centrales,San Andrés Huayápam,754,754,2186.99,5210.230655148582
2004,temporal,Valles Centrales,Valles Centrales,San Andrés Ixtlahuaca,806,790,1919.16,4572.159115558349
2004,temporal,Valles Centrales,Valles Centrales,San Andrés Paxtlán,428,37,72.22,172.0551341866358
2004,temporal,Valles Centrales,Valles Centrales,San Andrés Zabache,250,146,243.6,580.3465894193365
2004,temporal,Valles Centrales,Valles Centrales,San Andrés Zautla,706,685,1620.54,3860.7342447356796
2004,temporal,Valles Centrales,Valles Centrales,San Antonino Castillo Velasco,871,851,2088.46,4975.495230454464
2004,temporal,Valles Centrales,Valles Centrales,San Antonino El Alto,514,500,1182.52,2817.206276355311
2004,temporal,Valles Centrales,Valles Centrales,San Antonio Huitepec,2249,2223,3817.25,9094.121586457151
2004,temporal,Valles Centrales,Valles Centrales,San Antonio de La Cal,69,69,205.8,490.2928083025429
2004,temporal,Valles Centrales,Valles Centrales,San Baltazar Chichicápam,1445,972,1137.41,2709.7373328056137
2004,temporal,Valles Centrales,Valles Centrales,San Bartolo Coyotepec,831,802,2041.8,4864.3336054039455
2004,temporal,Valles Centrales,Valles Centrales,San Bartolomé Quialana,552,146,450.6,1073.4982479160633
2004,temporal,Valles Centrales,Valles Centrales,San Bernardo Mixtepec,1216,1204,3182.04,7580.81305991751
2004,temporal,Valles Centrales,Valles Centrales,San Cristóbal Amatlán,1320,150,537.7,1281.00312451058
2004,temporal,Valles Centrales,Valles Centrales,San Dionisio Ocotepec,4373,3734,6546.69,15596.671648134958
2004,temporal,Valles Centrales,Valles Centrales,San Dionisio Ocotlán,677,652,1574.7,3751.526167317854
2004,temporal,Valles Centrales,Valles Centrales,San Felipe Tejalápam,1227,1200,2281.8,5436.103644240731
2004,temporal,Valles Centrales,Valles Centrales,San Francisco Cahuacuá,1318,1318,2325,5539.022251231352
2004,temporal,Valles Centrales,Valles Centrales,San Francisco Lachigoló,404,337,566.1,1348.6625791062659
2004,temporal,Valles Centrales,Valles Centrales,San Francisco Logueche,350,6.75,10.74,25.586709237946117
2004,temporal,Valles Centrales,Valles Centrales,San Francisco Ozolotepec,380,368,772.8,1841.0995250544465
2004,temporal,Valles Centrales,Valles Centrales,San Francisco Sola,472,472,995.25,2371.0588798012914
2004,temporal,Valles Centrales,Valles Centrales,San Francisco Telixtlahuaca,1486,1216,2430.95,5791.434899626173
2004,temporal,Valles Centrales,Valles Centrales,San Ildefonso Amatlán,684,75,333.92,795.5227140349132
2004,temporal,Valles Centrales,Valles Centrales,San Ildefonso Sola,328,328,629.9,1500.6581144303777
2004,temporal,Valles Centrales,Valles Centrales,San Jacinto Amilpas,133,133,328.7,783.086715690213
2004,temporal,Valles Centrales,Valles Centrales,San Jacinto Tlacotepec,1165,1165,2577.84,6141.3819871459045
2004,temporal,Valles Centrales,Valles Centrales,San Jerónimo Coatlán,945,85,337.2,803.3369045656825
2004,temporal,Valles Centrales,Valles Centrales,San Jerónimo Sosola,1110,1009,2032.2,4841.462803850474
2004,temporal,Valles Centrales,Valles Centrales,San Jerónimo Taviche,657,640,1224,2916.027198067602
2004,temporal,Valles Centrales,Valles Centrales,San Jerónimo Tlacochahuaya,647,254,389.8,928.6498380774112
2004,temporal,Valles Centrales,Valles Centrales,San José Lachiguiri,200,53.75,87.09,207.48105284289826
2004,temporal,Valles Centrales,Valles Centrales,San José del Peñasco,849,246,545.8,1300.3003633213211
2004,temporal,Valles Centrales,Valles Centrales,San José del Progreso,1886,1848,3345.12,7969.330801307105
2004,temporal,Valles Centrales,Valles Centrales,San Juan Bautista Atatlahuca,460,460,988,2353.786659878097
2004,temporal,Valles Centrales,Valles Centrales,San Juan Bautista Guelache,593,593,1027.2,2447.1757662214386
2004,temporal,Valles Centrales,Valles Centrales,San Juan Bautista Jayacatlán,650,650,1487.26,3543.2112831683185
2004,temporal,Valles Centrales,Valles Centrales,San Juan Chilateca,1190,1181,1876.56,4470.66993366482
2004,temporal,Valles Centrales,Valles Centrales,San Juan Guelavía,224,58,280,667.0650453095822
2004,temporal,Valles Centrales,Valles Centrales,San Juan Lachigalla,591,493,1075.62,2562.5303715567597
2004,temporal,Valles Centrales,Valles Centrales,San Juan Mixtepec,215,158.5,285.3,679.6916336672278
2004,temporal,Valles Centrales,Valles Centrales,San Juan Ozolotepec,550,498,761.94,1815.2269307970823
2004,temporal,Valles Centrales,Valles Centrales,San Juan Teitipac,530,155.5,355.26,846.3625999881506
2004,temporal,Valles Centrales,Valles Centrales,San Juan del Estado,770,770,1454.4,3464.9264353509157
2004,temporal,Valles Centrales,Valles Centrales,San Juan del Río,673,65,117,278.73789393293254
2004,temporal,Valles Centrales,Valles Centrales,San Lorenzo Albarradas,1054,191,637.8,1519.4788782087553
2004,temporal,Valles Centrales,Valles Centrales,San Lorenzo Cacaotepec,244,236,563.7,1342.944878717898
2004,temporal,Valles Centrales,Valles Centrales,San Lorenzo Texmelúcan,1380,1380,2646,6303.764678175551
2004,temporal,Valles Centrales,Valles Centrales,San Lucas Quiaviní,676,561,1337.3,3185.9503039018005
2004,temporal,Valles Centrales,Valles Centrales,San Luis Amatlán,2086,489,1140.12,2716.1935694941453
2004,temporal,Valles Centrales,Valles Centrales,San Marcial Ozolotepec,200,200,342,814.7723053424182
2004,temporal,Valles Centrales,Valles Centrales,San Martín Lachilá,232,231,264.48,630.0905827981368
2004,temporal,Valles Centrales,Valles Centrales,San Martín Tilcajete,1086,1073,2097.4,4996.793664401134
2004,temporal,Valles Centrales,Valles Centrales,San Mateo Río Hondo,210,210,245.7,585.3495772591583
2004,temporal,Valles Centrales,Valles Centrales,San Mateo Yucutindoo,2890,2840,5115,12185.848952708973
2004,temporal,Valles Centrales,Valles Centrales,San Miguel Coatlán,1374,862,2235.76,5326.419091790542
2004,temporal,Valles Centrales,Valles Centrales,San Miguel Ejutla,417,355,907.2,2161.290746803046
2004,temporal,Valles Centrales,Valles Centrales,San Miguel Mixtepec,448,432,787.41,1875.906026168636
2004,temporal,Valles Centrales,Valles Centrales,San Miguel Peras,1268,1108.5,1571.49,3743.8787430484117
2004,temporal,Valles Centrales,Valles Centrales,San Miguel Suchixtepec,320,320,576,1372.2480932082833
2004,temporal,Valles Centrales,Valles Centrales,San Miguel Tilquiápam,512,500,913.8,2177.014422871058
2004,temporal,Valles Centrales,Valles Centrales,San Nicolás,565,88,296.4,706.1359979634291
2004,temporal,Valles Centrales,Valles Centrales,San Pablo Coatlán,1461,666.75,1377.82,3282.4841454587445
2004,temporal,Valles Centrales,Valles Centrales,San Pablo Cuatro Venados,958,884.5,1459.74,3477.648318715034
2004,temporal,Valles Centrales,Valles Centrales,San Pablo Etla,414,400,979.44,2333.3935284929184
2004,temporal,Valles Centrales,Valles Centrales,San Pablo Huitzo,734,696,1482.2,3531.1564648495096
2004,temporal,Valles Centrales,Valles Centrales,San Pablo Huixtepec,2024,1593.5,4152,9891.621671876375
2004,temporal,Valles Centrales,Valles Centrales,San Pablo Villa de Mitla,1487,520,1593.84,3797.124827915087
2004,temporal,Valles Centrales,Valles Centrales,San Pedro Apóstol,923,923,554.85,1321.8608585357917
2004,temporal,Valles Centrales,Valles Centrales,San Pedro Ixtlahuaca,1012,1002,1950.6,4647.060990645968
2004,temporal,Valles Centrales,Valles Centrales,San Pedro Mixtepec,350,260,421.2,1003.4564181585571
2004,temporal,Valles Centrales,Valles Centrales,San Pedro Mártir,728,719,1773.7,4225.618824520021
2004,temporal,Valles Centrales,Valles Centrales,San Pedro Quiatoni,2125,363,2291.7,5459.689158342748
2004,temporal,Valles Centrales,Valles Centrales,San Pedro Taviche,636,623,1166.8,2779.7553388115016
2004,temporal,Valles Centrales,Valles Centrales,San Pedro Totolápam,522,0,0,0
2004,temporal,Valles Centrales,Valles Centrales,San Raymundo Jalpan,278,273,708.24,1687.2933846073518
2004,temporal,Valles Centrales,Valles Centrales,San Sebastián Abasolo,284,156,304.2,724.7185242256246
2004,temporal,Valles Centrales,Valles Centrales,San Sebastián Coatlán,840,325,487.5,1161.407891387219
2004,temporal,Valles Centrales,Valles Centrales,San Sebastián Río Hondo,557,555,1012.5,2412.1548513426856
2004,temporal,Valles Centrales,Valles Centrales,San Sebastián Teitipac,511,56,229.92,547.7556972056398
2004,temporal,Valles Centrales,Valles Centrales,San Sebastián Tutla,122,122,241.6,575.5818390956966
2004,temporal,Valles Centrales,Valles Centrales,San Simón Almolongas,563,100.25,267.39,637.0232945190327
2004,temporal,Valles Centrales,Valles Centrales,San Vicente Coatlán,1665,1210,2430,5789.171643222445
2004,temporal,Valles Centrales,Valles Centrales,San Vicente Lachixío,1100,1100,1785,4252.539663848586
2004,temporal,Valles Centrales,Valles Centrales,Santa Ana,608,195.5,411.05,979.2753102660848
2004,temporal,Valles Centrales,Valles Centrales,Santa Ana Tlapacoyan,1144,1144,2410.4,5742.477090050775
2004,temporal,Valles Centrales,Valles Centrales,Santa Ana Zegache,1438,1413,2804.29,6680.870842540029
2004,temporal,Valles Centrales,Valles Centrales,Santa Ana del Valle,446,46,181,431.2099042894085
2004,temporal,Valles Centrales,Valles Centrales,Santa Catarina Cuixtla,455,156,336.86,802.5268970106638
2004,temporal,Valles Centrales,Valles Centrales,Santa Catarina Minas,331,305,642.2,1529.9613289207632
2004,temporal,Valles Centrales,Valles Centrales,Santa Catarina Quiané,679,607,1101.8,2624.9009532932055
2004,temporal,Valles Centrales,Valles Centrales,Santa Cruz Amilpas,78,78,192,457.41603106942773
2004,temporal,Valles Centrales,Valles Centrales,Santa Cruz Mixtepec,1147,1097,2050.2,4884.345556763233
2004,temporal,Valles Centrales,Valles Centrales,Santa Cruz Papalutla,439,7,17.64,42.02509785450368
2004,temporal,Valles Centrales,Valles Centrales,Santa Cruz Xitla,744,99,266.2,634.188268076467
2004,temporal,Valles Centrales,Valles Centrales,Santa Cruz Xoxocotlán,195,195,406.96,969.5313958542412
2004,temporal,Valles Centrales,Valles Centrales,Santa Cruz Zenzontepec,5240,5240,11447,27271.04847735281
2004,temporal,Valles Centrales,Valles Centrales,Santa Gertrudis,2287,2260,4886.25,11640.880634442663
2004,temporal,Valles Centrales,Valles Centrales,Santa Inés Yatzeche,238,209,447.16,1065.3028773594028
2004,temporal,Valles Centrales,Valles Centrales,Santa Inés del Monte,934,934,1705.8,4063.8555510324472
2004,temporal,Valles Centrales,Valles Centrales,Santa Lucía Miahuatlán,514,110.25,286.14,681.6928288031565
2004,temporal,Valles Centrales,Valles Centrales,Santa Lucía Ocotlán,955,950,1662.45,3960.579587767553
2004,temporal,Valles Centrales,Valles Centrales,Santa Lucía del Camino,49,49,91.08,216.9867297385598
2004,temporal,Valles Centrales,Valles Centrales,Santa María Atzompa,370,370,839.02,1998.860408270163
2004,temporal,Valles Centrales,Valles Centrales,Santa María Coyotepec,142,142,294.72,702.1336076915717
2004,temporal,Valles Centrales,Valles Centrales,Santa María Guelacé,140,140,296.9,707.327185544339
2004,temporal,Valles Centrales,Valles Centrales,Santa María Lachixío,795,795,1284.5,3060.160895357708
2004,temporal,Valles Centrales,Valles Centrales,Santa María Ozolotepec,654,654,981,2337.1100337453577
2004,temporal,Valles Centrales,Valles Centrales,Santa María Peñoles,2665,2541,6014.72,14329.319533301608
2004,temporal,Valles Centrales,Valles Centrales,Santa María Sola,1285,1285,1539,3666.475374040882
2004,temporal,Valles Centrales,Valles Centrales,Santa María Zaniza,507,507,972.9,2317.812794934616
2004,temporal,Valles Centrales,Valles Centrales,Santa María Zoquitlán,630,0,0,0
2004,temporal,Valles Centrales,Valles Centrales,Santa María del Tule,420,420,753,1793.928496850412
2004,temporal,Valles Centrales,Valles Centrales,Santiago Amoltepec,1060,995,2447.6,5831.1014460704755
2004,temporal,Valles Centrales,Valles Centrales,Santiago Apóstol,1123,1003,2121.8,5054.923618349541
2004,temporal,Valles Centrales,Valles Centrales,Santiago Matatlán,1257,199,1082,2577.729925089171
2004,temporal,Valles Centrales,Valles Centrales,Santiago Minas,995,915,1886.18,4493.5883827215275
2004,temporal,Valles Centrales,Valles Centrales,Santiago Suchilquitongo,1144,976.5,1940.77,4623.642242805277
2004,temporal,Valles Centrales,Valles Centrales,Santiago Tenango,537,502,1006.57,2398.027366633093
2004,temporal,Valles Centrales,Valles Centrales,Santiago Textitlán,905,845,1416,3373.44322913703
2004,temporal,Valles Centrales,Valles Centrales,Santiago Tlazoyaltepec,995,995,2268.58,5404.608644601471
2004,temporal,Valles Centrales,Valles Centrales,Santiago Xanica,531,401,668.4,1592.3795581604454
2004,temporal,Valles Centrales,Valles Centrales,Santo Domingo Albarradas,460,263.5,623.19,1484.6723770945662
2004,temporal,Valles Centrales,Valles Centrales,Santo Domingo Ozolotepec,300,300,612,1458.013599033801
2004,temporal,Valles Centrales,Valles Centrales,Santo Domingo Teojomulco,850,802,1288.92,3070.6909935729523
2004,temporal,Valles Centrales,Valles Centrales,Santo Domingo Tomaltepec,159,103,461.97,1100.585853505956
2004,temporal,Valles Centrales,Valles Centrales,Santo Tomás Jalieza,2778,2778,5344.2,12731.889339798103
2004,temporal,Valles Centrales,Valles Centrales,Santo Tomás Mazaltepec,1130,1069,2136.93,5090.968954547876
2004,temporal,Valles Centrales,Valles Centrales,Santo Tomás Tamazulapan,337,96,301.08,717.2855137207464
2004,temporal,Valles Centrales,Valles Centrales,Sitio de Xitlapehua,670,266.5,608.07,1448.6508646478487
2004,temporal,Valles Centrales,Valles Centrales,Soledad Etla,1272,1272,2487.2,5925.443502478545
2004,temporal,Valles Centrales,Valles Centrales,Taniche,609,609,1205,2870.762069993023
2004,temporal,Valles Centrales,Valles Centrales,Teotitlán del Valle,516,49,193.7,461.4660688445216
2004,temporal,Valles Centrales,Valles Centrales,Tlacolula de Matamoros,1160,70,200,476.4750323639872
2004,temporal,Valles Centrales,Valles Centrales,Tlalixtac de Cabrera,954,946,2006.2,4779.521049643156
2004,temporal,Valles Centrales,Valles Centrales,Trinidad Zaachila,1023,835,1632.2,3888.5127391225
2004,temporal,Valles Centrales,Valles Centrales,Villa Díaz Ordaz,896,159,780.25,1858.8482200100052
2004,temporal,Valles Centrales,Valles Centrales,Villa Sola de Vega,5500,5500,11176.4,26626.377758564333
2004,temporal,Valles Centrales,Valles Centrales,Villa de Etla,73,73,142.65,339.8458168336139
2004,temporal,Valles Centrales,Valles Centrales,Villa de Zaachila,2473,2255.5,5998.9,14291.630358241615
2004,temporal,Valles Centrales,Valles Centrales,Yaxe,1009,967,2089.75,4978.568494413212
2004,temporal,Valles Centrales,Valles Centrales,Yogana,484,484,1039.68,2476.9078082409515
2004,temporal,Valles Centrales,Valles Centrales,Zimatlán de Álvarez,5636,5383,12084.15,28788.978811706384
2004,temporal,Valles Centrales,Valles Centrales,Ánimas Trujano,466,444,906.36,2159.2895516671174
2009,riego,Cañada,Cañada,Concepción Pápalo,100,100,963.15,1850.2016556923322
2009,riego,Cañada,Cañada,Cuyamecalco Villa de Zaragoza,30,30,282,541.7192201684448
2009,riego,Cañada,Cañada,Mazatlán Villa de Flores,115,115,2174.51,4177.212274640018
2009,riego,Cañada,Cañada,San Antonio Nanahuatípam,98,98,2565.7,4928.684408461627
2009,riego,Cañada,Cañada,San Juan Bautista Cuicatlán,238,238,5802.27,11146.103473782847
2009,riego,Cañada,Cañada,San Juan Tepeuxila,82.5,82.5,1610.99,3094.6959095715
2009,riego,Cañada,Cañada,San Juan de Los Cués,28,28,1435.16,2756.9282128260475
2009,riego,Cañada,Cañada,San Martín Toxpalan,73,73,1397.33,2684.257155737493
2009,riego,Cañada,Cañada,Santa María Chilchotla,163,163,1489.68,2861.6605953919466
2009,riego,Cañada,Cañada,Santa María Tecomavaca,151,151,3167.85,6085.4086227326525
2009,riego,Cañada,Cañada,Santa María Texcatitlán,34,34,321.03,616.6954654279285
2009,riego,Cañada,Cañada,Santiago Nacaltepec,160,160,1565.28,3006.8874501605083
2009,riego,Cañada,Cañada,Santos Reyes Pápalo,18,18,175.08,336.3269541386218
2009,riego,Cañada,Cañada,Teotitlán de Flores Magón,126,126,2485.31,4774.256010910772
2009,riego,Cañada,Cañada,Valerio Trujano,97,97,1042.25,2002.1519759594385
2009,riego,Costa,Costa,Candelaria Loxicha,8,8,52.5,100.85198247816793
2009,riego,Costa,Costa,Mártires de Tacubaya,47,47,295.85,568.3249336412568
2009,riego,Costa,Costa,Pinotepa de Don Luis,39,39,1070,2055.4594524121844
2009,riego,Costa,Costa,San Agustín Chayuco,205,205,1359.5,2611.586098648939
2009,riego,Costa,Costa,San Andrés Huaxpaltepec,185,185,1358.27,2609.223280773736
2009,riego,Costa,Costa,San Antonio Tepetlapa,170,170,1085.43,2085.100330310054
2009,riego,Costa,Costa,San Gabriel Mixtepec,25,25,200.23,384.63985622102024
2009,riego,Costa,Costa,San Juan Bautista Lo de Soto,50,50,305,585.9019934445946
2009,riego,Costa,Costa,San Juan Cacahuatepec,125,125,828.75,1592.0205805482224
2009,riego,Costa,Costa,San Juan Colorado,100,100,762.5,1464.7549836114865
2009,riego,Costa,Costa,San Juan Lachao,50,50,411.31,790.1224554875286
2009,riego,Costa,Costa,San Lorenzo,75,75,457.5,878.8529901668919
2009,riego,Costa,Costa,San Miguel Panixtlahuaca,40,40,323.5,621.4403110797585
2009,riego,Costa,Costa,San Miguel Tlacamama,55,55,1761.6,3384.016234924583
2009,riego,Costa,Costa,San Miguel del Puerto,20,20,130.63,250.9389423071062
2009,riego,Costa,Costa,San Pedro Atoyac,231,231,1971,3786.27157075179
2009,riego,Costa,Costa,San Pedro Jicayán,52,52,513.38,986.1979193265114
2009,riego,Costa,Costa,San Pedro Juchatengo,75,75,585.9,1125.508124456354
2009,riego,Costa,Costa,San Pedro Mixtepec,285,285,3336.75,6409.863857790987
2009,riego,Costa,Costa,San Pedro Pochutla,20,20,180.6,346.9308197248977
2009,riego,Costa,Costa,San Sebastián Ixcapa,50,50,890.83,1711.2756485909779
2009,riego,Costa,Costa,Santa Catarina Juquila,80,80,608.89,1169.6716878310795
2009,riego,Costa,Costa,Santa Catarina Mechoacán,50,50,460.55,884.7120101013379
2009,riego,Costa,Costa,Santa María Colotepec,50,50,1612.6,3097.7887037008304
2009,riego,Costa,Costa,Santa María Cortijo,40,40,384.3,738.2365117401893
2009,riego,Costa,Costa,Santa María Huatulco,25,25,233.25,448.0709507244318
2009,riego,Costa,Costa,Santa María Huazolotitlán,405,405,5402.04,10377.265589073568
2009,riego,Costa,Costa,Santa María Temaxcaltepec,25,25,205.5,394.7634742716859
2009,riego,Costa,Costa,Santa María Tonameca,138,138,3892.25,7476.973881917126
2009,riego,Costa,Costa,Santiago Ixtayutla,155,155,1364.73,2621.632877093907
2009,riego,Costa,Costa,Santiago Jamiltepec,1095,1095,12650.38,24301.255278136494
2009,riego,Costa,Costa,Santiago Llano Grande,175,175,1617.26,3106.740517764607
2009,riego,Costa,Costa,Santiago Pinotepa Nacional,525,525,7169.4,13772.346727218612
2009,riego,Costa,Costa,Santiago Tapextla,45,45,407.63,783.0532117633446
2009,riego,Costa,Costa,Santiago Tetepec,6,6,36.6,70.30823921335136
2009,riego,Costa,Costa,Santo Domingo de Morelos,15,15,631.83,1213.7392016986828
2009,riego,Costa,Costa,Santos Reyes Nopala,175,175,1495.23,2872.322090682496
2009,riego,Costa,Costa,Tataltepec de Valdés,40,40,811,1557.9230055198893
2009,riego,Costa,Costa,Villa de Tututepec,140,140,5065.86,9731.467122987653
2009,riego,Istmo,Istmo,Asunción Tlacolulita,115,115,1197,2299.4252005022286
2009,riego,Istmo,Istmo,Ciudad Ixtepec,808,808,2378,4568.114558725397
2009,riego,Istmo,Istmo,El Espinal,575,575,4170.94,8012.33462471409
2009,riego,Istmo,Istmo,Heroica Ciudad de Juchitán de Zaragoza,1612,1612,10935.47,21006.930072962496
2009,riego,Istmo,Istmo,Heroica Villa de San Blas Atempa,3256,3256,24931.24,47892.666278838085
2009,riego,Istmo,Istmo,Magdalena Tequisistlán,200,200,2640,5071.413976045016
2009,riego,Istmo,Istmo,Magdalena Tlacotepec,290,290,2212,4249.230195080142
2009,riego,Istmo,Istmo,Nejapa de Madero,558,558,7672,14737.836372809606
2009,riego,Istmo,Istmo,San Carlos Yautepec,31,31,228,437.985752476615
2009,riego,Istmo,Istmo,San Pedro Comitancillo,280,280,1789.14,3436.9203034474167
2009,riego,Istmo,Istmo,San Pedro Huamelula,250,250,1757.5,3376.140175340574
2009,riego,Istmo,Istmo,San Pedro Huilotepec,636,636,4784.51,9190.996546411796
2009,riego,Istmo,Istmo,San Pedro Mártir Quiechapa,75,75,622,1194.8558685984847
2009,riego,Istmo,Istmo,Santa Ana Tavela,34,34,192,368.8301073487284
2009,riego,Istmo,Istmo,Santa María Jalapa del Marqués,600,600,5450,10469.396276305051
2009,riego,Istmo,Istmo,Santa María Mixtequilla,610,610,4586.84,8811.274424955425
2009,riego,Istmo,Istmo,Santa María Xadani,75,75,427.5,821.2232858936532
2009,riego,Istmo,Istmo,Santiago Astata,82,82,467.4,897.8707925770607
2009,riego,Istmo,Istmo,Santiago Lachiguiri,256,256,1900,3649.8812706384583
2009,riego,Istmo,Istmo,Santiago Laollaga,419,419,3352.64,6440.388391154379
2009,riego,Istmo,Istmo,Santo Domingo Chihuitán,650,650,5615.95,10788.184590443183
2009,riego,Istmo,Istmo,Santo Domingo Ingenio,200,200,810,1556.002015377448
2009,riego,Istmo,Istmo,Santo Domingo Tehuantepec,2246.5,2246.5,18310.88,35175.019979425444
2009,riego,Istmo,Istmo,Unión Hidalgo,158,158,1215,2334.003023066172
2009,riego,Mixteca,Huajuapan de León,Asunción Cuyotepeji,56,56,1028.98,1976.6604367692426
2009,riego,Mixteca,Huajuapan de León,Asunción Nochixtlán,40,40,354.4,680.7989064811945
2009,riego,Mixteca,Huajuapan de León,Calihualá,34,34,205.2,394.1871772289535
2009,riego,Mixteca,Huajuapan de León,Chalcatongo de Hidalgo,197,197,1241,2383.9487667696458
2009,riego,Mixteca,Huajuapan de León,Coicoyán de Las Flores,85,85,486.91,935.3493102560905
2009,riego,Mixteca,Huajuapan de León,Concepción Buenavista,14,14,122.4,235.12919343481437
2009,riego,Mixteca,Huajuapan de León,Constancia del Rosario,91,91,737.45,1416.6341805433321
2009,riego,Mixteca,Huajuapan de León,"H. V. Tezoatlán de Segura y Luna, C. de la I.de O.",986.5,981.5,14811.64,28453.014433389166
2009,riego,Mixteca,Huajuapan de León,Heroica Ciudad de Huajuapan de León,135.5,135.5,3412.14,6554.687304629636
2009,riego,Mixteca,Huajuapan de León,Heroica Ciudad de Tlaxiaco,100,100,408.22,784.1865959473851
2009,riego,Mixteca,Huajuapan de León,La Reforma,208,208,1809.67,3476.3582310717366
2009,riego,Mixteca,Huajuapan de León,Magdalena Jaltepec,11,11,84.58,162.47734624768464
2009,riego,Mixteca,Huajuapan de León,Magdalena Yodocono de Porfirio Díaz,70,70,529.4,1016.972181408421
2009,riego,Mixteca,Huajuapan de León,Magdalena Zahuatlán,55.5,55.5,533.48,1024.8098211895815
2009,riego,Mixteca,Huajuapan de León,Mariscala de Juárez,192,191,2336.55,4488.489517321205
2009,riego,Mixteca,Huajuapan de León,Mesones Hidalgo,235,235,2708.79,5203.558887943553
2009,riego,Mixteca,Huajuapan de León,Putla Villa de Guerrero,548,548,4603.83,8843.912047475502
2009,riego,Mixteca,Huajuapan de León,San Agustín Atenango,165,165,4773.3,9169.462246915029
2009,riego,Mixteca,Huajuapan de León,San Andrés Cabecera Nueva,75,75,527.25,1012.8420526021722
2009,riego,Mixteca,Huajuapan de León,San Andrés Dinicuiti,72.5,72.5,1119.57,2150.682933772999
2009,riego,Mixteca,Huajuapan de León,San Andrés Nuxiño,8,8,59.26,113.83787584107107
2009,riego,Mixteca,Huajuapan de León,San Andrés Sinaxtla,372,372,5427.2,10425.59770105739
2009,riego,Mixteca,Huajuapan de León,San Esteban Atatlahuca,21,21,303.27,582.5786804981711
2009,riego,Mixteca,Huajuapan de León,San Francisco Chindúa,290,290,3632.35,6977.708543896633
2009,riego,Mixteca,Huajuapan de León,San Francisco Jaltepetongo,126,126,1184.04,2274.5291682561897
2009,riego,Mixteca,Huajuapan de León,San Francisco Nuxaño,1,1,12.25,23.53212924490585
2009,riego,Mixteca,Huajuapan de León,San Francisco Tlapancingo,59,59,218.6,419.9284451376668
2009,riego,Mixteca,Huajuapan de León,San Jorge Nuchita,169,169,1417,2722.0430318393132
2009,riego,Mixteca,Huajuapan de León,San José Ayuquila,23,23,317.73,610.3561979578724
2009,riego,Mixteca,Huajuapan de León,San Juan Achiutla,29,29,173.3,332.9075916850762
2009,riego,Mixteca,Huajuapan de León,San Juan Bautista Suchitepec,32,32,442.67,850.3647063544876
2009,riego,Mixteca,Huajuapan de León,San Juan Bautista Tlachichilco,34,34,124.1,238.39487667696454
2009,riego,Mixteca,Huajuapan de León,San Juan Mixtepec,52,52,208.75,401.0066922346201
2009,riego,Mixteca,Huajuapan de León,San Juan Sayultepec,334,334,6105.8,11729.181611718051
2009,riego,Mixteca,Huajuapan de León,San Juan Teita,49,49,315.6,606.2644889544724
2009,riego,Mixteca,Huajuapan de León,San Juan Yucuita,51,51,530.3,1018.7010725366181
2009,riego,Mixteca,Huajuapan de León,San Juan Ñumí,59,59,138.09,265.26952876971825
2009,riego,Mixteca,Huajuapan de León,San Lorenzo Victoria,84,84,546.5,1049.8211128441671
2009,riego,Mixteca,Huajuapan de León,San Marcos Arteaga,122,122,1534,2946.7988785049447
2009,riego,Mixteca,Huajuapan de León,San Martín Huamelúlpam,29,29,109.59,210.5213097101414
2009,riego,Mixteca,Huajuapan de León,San Martín Zacatepec,49,49,331.95,637.6726777833875
2009,riego,Mixteca,Huajuapan de León,San Mateo Etlatongo,111,111,1266.54,2433.010855007596
2009,riego,Mixteca,Huajuapan de León,San Mateo Peñasco,41,41,668.6,1284.374009236249
2009,riego,Mixteca,Huajuapan de León,San Mateo Sindihui,96,96,918,1763.4689507611079
2009,riego,Mixteca,Huajuapan de León,San Miguel Achiutla,18,18,127.8,245.50254020399734
2009,riego,Mixteca,Huajuapan de León,San Miguel Ahuehuetitlán,4.5,4.5,32.85,63.104526179196505
2009,riego,Mixteca,Huajuapan de León,San Miguel El Grande,16,16,80.92,155.4465223263495
2009,riego,Mixteca,Huajuapan de León,San Miguel Huautla,25,25,151.6,291.2221055941001
2009,riego,Mixteca,Huajuapan de León,San Miguel Tecomatlán,117,117,1196.72,2298.887323262345
2009,riego,Mixteca,Huajuapan de León,San Nicolás Hidalgo,42,42,827.41,1589.4464537573508
2009,riego,Mixteca,Huajuapan de León,San Pablo Tijaltepec,12,12,87.36,167.81769884367142
2009,riego,Mixteca,Huajuapan de León,San Pedro Amuzgos,103,103,1432.73,2752.260206779915
2009,riego,Mixteca,Huajuapan de León,San Pedro Coxcaltepec Cántaros,19,19,120.96,232.3629676296989
2009,riego,Mixteca,Huajuapan de León,San Pedro Molinos,25,25,231.68,445.054996200799
2009,riego,Mixteca,Huajuapan de León,San Pedro Teozacoalco,16,16,155.33,298.3873988254062
2009,riego,Mixteca,Huajuapan de León,San Pedro Tidaá,129,129,562.8,1081.1332521659601
2009,riego,Mixteca,Huajuapan de León,San Pedro Y San Pablo Tequixtepec,69,69,330.83,635.5211688238533
2009,riego,Mixteca,Huajuapan de León,San Sebastián Tecomaxtlahuaca,120,120,1455.93,2796.827178084553
2009,riego,Mixteca,Huajuapan de León,Santa Catarina Ticuá,5.5,5.5,398.85,766.1869183127101
2009,riego,Mixteca,Huajuapan de León,Santa Cruz Itundujia,69,69,279.26,536.4557071781556
2009,riego,Mixteca,Huajuapan de León,Santa Cruz Tacache de Mina,245,245,1670.29,3208.610625018269
2009,riego,Mixteca,Huajuapan de León,Santa María Apazco,96,96,406.75,781.3627404379963
2009,riego,Mixteca,Huajuapan de León,Santa María Camotlán,97,97,2631.42,5054.931880622869
2009,riego,Mixteca,Huajuapan de León,Santa María Chachoápam,99,99,1175.38,2257.893393622648
2009,riego,Mixteca,Huajuapan de León,Santa María Ipalapa,251,251,3733.52,7172.055116607419
2009,riego,Mixteca,Huajuapan de León,Santa María Yosoyúa,13,13,71.18,136.7360783389713
2009,riego,Mixteca,Huajuapan de León,Santa María Yucuhiti,118,118,472,906.7073472322907
2009,riego,Mixteca,Huajuapan de León,Santa María Zacatepec,319,319,4001.68,7687.187833204476
2009,riego,Mixteca,Huajuapan de León,Santiago Apoala,73,73,734.8,1411.5435566658625
2009,riego,Mixteca,Huajuapan de León,Santiago Huajolotitlán,163,163,8821.06,16945.1693058832
2009,riego,Mixteca,Huajuapan de León,Santiago Huauclilla,48,48,349.45,671.2900052761102
2009,riego,Mixteca,Huajuapan de León,Santiago Juxtlahuaca,199,199,2345.85,4506.354725645909
2009,riego,Mixteca,Huajuapan de León,Santiago Miltepec,35,35,700.72,1346.0762126114635
2009,riego,Mixteca,Huajuapan de León,Santiago Nuyoó,14,14,66.3,127.36164644385778
2009,riego,Mixteca,Huajuapan de León,Santiago Tamazola,33,33,530.25,1018.605023029496
2009,riego,Mixteca,Huajuapan de León,Santiago Tilantongo,15,15,187,359.22515663652194
2009,riego,Mixteca,Huajuapan de León,Santiago Tillo,115.5,115.5,2202.64,4231.249727346892
2009,riego,Mixteca,Huajuapan de León,Santiago Yosondúa,94,94,868.49,1668.3607288088392
2009,riego,Mixteca,Huajuapan de León,Santiago del Río,98,98,3435.41,6599.388745244245
2009,riego,Mixteca,Huajuapan de León,Santo Domingo Tonalá,607.5,607.5,21315.15,40946.19303465755
2009,riego,Mixteca,Huajuapan de León,Santo Domingo Yodohino,114.5,114.5,1645.34,3160.681920964358
2009,riego,Mixteca,Huajuapan de León,Santos Reyes Tepejillo,5,5,35.5,68.19515005666594
2009,riego,Mixteca,Huajuapan de León,Silacayoápam,72,72,2737.7,5259.09471296153
2009,riego,Mixteca,Huajuapan de León,Teotongo,3,3,26.8,51.48253581742668
2009,riego,Mixteca,Huajuapan de León,Villa de Chilapa de Díaz,6,6,39.6,76.07120964067524
2009,riego,Mixteca,Huajuapan de León,Villa de Santiago Chazumba,30,30,159.75,306.8781752549967
2009,riego,Mixteca,Huajuapan de León,Villa de Tamazulápam del Progreso,7,7,61.2,117.56459671740718
2009,riego,Mixteca,Huajuapan de León,Yutanduchi de Guerrero,4.5,4.5,33.81,64.94867671594015
2009,riego,Mixteca,Huajuapan de León,Zapotitlán Lagunas,6.25,6.25,42.17,81.00815430674936
2009,riego,Sierra Juárez,Sierra Juárez,Capulálpam de Méndez,138.1,138.1,1369.39,2630.5846911576837
2009,riego,Sierra Juárez,Sierra Juárez,Guelatao de Juárez,32.8,32.8,321.01,616.6570456250797
2009,riego,Sierra Juárez,Sierra Juárez,Ixtlán de Juárez,196,196,1836.17,3527.2644698464305
2009,riego,Sierra Juárez,Sierra Juárez,Nuevo Zoquiápam,115.1,115.1,1208.01,2320.5753019705076
2009,riego,Sierra Juárez,Sierra Juárez,San Andrés Solaga,60.9,60.9,597.77,1148.3102774471322
2009,riego,Sierra Juárez,Sierra Juárez,San Cristóbal Lachirioag,33.9,33.9,312.86,601.0009759641832
2009,riego,Sierra Juárez,Sierra Juárez,San Ildefonso Villa Alta,25.1,25.1,213.36,409.8624567912745
2009,riego,Sierra Juárez,Sierra Juárez,San Juan Atepec,101.8,101.8,948.14,1821.3675936542884
2009,riego,Sierra Juárez,Sierra Juárez,San Juan Chicomezúchil,106,106,1038.16,1994.2951262768538
2009,riego,Sierra Juárez,Sierra Juárez,San Juan Juquila Mixes,19.9,19.9,574.12,1102.8788605783957
2009,riego,Sierra Juárez,Sierra Juárez,San Juan Juquila Vijanos,9.9,9.9,81.07,155.73467084771568
2009,riego,Sierra Juárez,Sierra Juárez,San Juan Tabaá,81.9,81.9,811.73,1559.3253283238714
2009,riego,Sierra Juárez,Sierra Juárez,San Juan Yatzona,38,38,383.21,736.1426324849282
2009,riego,Sierra Juárez,Sierra Juárez,San Melchor Betaza,16.9,16.9,151.67,291.356574904071
2009,riego,Sierra Juárez,Sierra Juárez,San Miguel Quetzaltepec,19.9,19.9,560,1075.7544797671246
2009,riego,Sierra Juárez,Sierra Juárez,San Pablo Yaganiza,17.6,17.6,168.87,324.3976053540613
2009,riego,Sierra Juárez,Sierra Juárez,Santa Catarina Ixtepeji,201,201,2936.06,5640.142317616185
2009,riego,Sierra Juárez,Sierra Juárez,Santa Catarina Lachatao,49.9,49.9,471.22,905.2089749211865
2009,riego,Sierra Juárez,Sierra Juárez,Santa María Alotepec,20.1,20.1,588.17,1129.8687720796956
2009,riego,Sierra Juárez,Sierra Juárez,Santa María Temaxcalapa,19.4,19.4,180.6,346.9308197248977
2009,riego,Sierra Juárez,Sierra Juárez,Santiago Atitlán,30.1,30.1,861.12,1654.203031459047
2009,riego,Sierra Juárez,Sierra Juárez,Santiago Camotlán,39.6,39.6,373.19,716.8943112576665
2009,riego,Sierra Juárez,Sierra Juárez,Santiago Xiacuí,50.3,50.3,473.46,909.511992840255
2009,riego,Sierra Juárez,Sierra Juárez,Santiago Zoochila,18.6,18.6,171.46,329.37296982298426
2009,riego,Sierra Juárez,Sierra Juárez,Santo Domingo Xagacía,24.1,24.1,198.88,382.0465195287245
2009,riego,Sierra Juárez,Sierra Juárez,Villa Talea de Castro,25.1,25.1,207.87,399.31622090927175
2009,riego,Valles Centrales,Valles Centrales,Asunción Ocotlán,45.75,45.75,5783.08,11109.239672949398
2009,riego,Valles Centrales,Valles Centrales,Ayoquezco de Aldama,161.31,161.31,2567.55,4932.238240225144
2009,riego,Valles Centrales,Valles Centrales,Ciénega de Zimatlán,355.25,355.25,9527.63,18302.48331082794
2009,riego,Valles Centrales,Valles Centrales,Coatecas Altas,147.16,147.16,1926.86,3701.479065864431
2009,riego,Valles Centrales,Valles Centrales,Cuilápam de Guerrero,325.26,325.26,7316.46,14054.84753756603
2009,riego,Valles Centrales,Valles Centrales,Guadalupe Etla,136,136,1702.54,3270.5625571120004
2009,riego,Valles Centrales,Valles Centrales,Heroica Ciudad de Ejutla de Crespo,389.62,389.62,40716.72,78216.41775254229
2009,riego,Valles Centrales,Valles Centrales,Heroico San Martín de los Cansecos,4,4,56.95,109.40038861203169
2009,riego,Valles Centrales,Valles Centrales,La Compañía,83.12,83.12,2561.73,4921.058077596136
2009,riego,Valles Centrales,Valles Centrales,La Pe,16.9,16.9,2294.86,4408.403438282828
2009,riego,Valles Centrales,Valles Centrales,Magdalena Apasco,75,75,930.74,1787.9423651758098
2009,riego,Valles Centrales,Valles Centrales,Magdalena Mixtepec,37,37,348.07,668.6390388795411
2009,riego,Valles Centrales,Valles Centrales,Magdalena Ocotlán,15,15,143.04,274.77842997480263
2009,riego,Valles Centrales,Valles Centrales,Miahuatlán de Porfirio Díaz,547.5,547.5,18215.03,34990.89307427244
2009,riego,Valles Centrales,Valles Centrales,Monjas,66.25,66.25,1579.07,3033.377904224774
2009,riego,Valles Centrales,Valles Centrales,Nazareno Etla,106,106,1182.54,2271.6476830425277
2009,riego,Valles Centrales,Valles Centrales,Oaxaca de Juárez,27.47,27.47,2076.85,3989.608377329201
2009,riego,Valles Centrales,Valles Centrales,Ocotlán de Morelos,268.29,268.29,12297.84,23624.02941332024
2009,riego,Valles Centrales,Valles Centrales,Reyes Etla,214,214,2423.53,4655.577239910749
2009,riego,Valles Centrales,Valles Centrales,Rojas de Cuauhtémoc,42,42,403.8,775.6958195177945
2009,riego,Valles Centrales,Valles Centrales,San Agustín Amatengo,211.18,211.18,2501.23,4804.838173978437
2009,riego,Valles Centrales,Valles Centrales,San Agustín Etla,6,6,56.11,107.78675689238099
2009,riego,Valles Centrales,Valles Centrales,San Agustín Yatareni,0.08,0.08,197.6,379.58765214639965
2009,riego,Valles Centrales,Valles Centrales,San Agustín de Las Juntas,39,39,367.81,706.5593842913323
2009,riego,Valles Centrales,Valles Centrales,San Andrés Huayápam,10.59,10.59,1493.51,2869.017987637497
2009,riego,Valles Centrales,Valles Centrales,San Andrés Ixtlahuaca,48,48,1515.21,2910.703473728473
2009,riego,Valles Centrales,Valles Centrales,San Andrés Zabache,73,73,701.9,1348.342980979544
2009,riego,Valles Centrales,Valles Centrales,San Andrés Zautla,60,60,799.41,1535.6587297689946
2009,riego,Valles Centrales,Valles Centrales,San Antonino Castillo Velasco,105.98,105.98,10855.77,20853.827158609925
2009,riego,Valles Centrales,Valles Centrales,San Antonino El Alto,210.05,210.05,2222.06,4268.555355913101
2009,riego,Valles Centrales,Valles Centrales,San Antonio Huitepec,93,93,856.97,1646.2309223679156
2009,riego,Valles Centrales,Valles Centrales,San Antonio de La Cal,40,40,468.38,899.7533629166533
2009,riego,Valles Centrales,Valles Centrales,San Baltazar Chichicápam,380.12,380.12,6927.48,13307.620791959214
2009,riego,Valles Centrales,Valles Centrales,San Bartolo Coyotepec,165.12,165.12,2434.61,4676.861810688999
2009,riego,Valles Centrales,Valles Centrales,San Bartolomé Quialana,33,33,231.4,444.5171189609154
2009,riego,Valles Centrales,Valles Centrales,San Bernardo Mixtepec,766,766,14936.51,28692.88847247581
2009,riego,Valles Centrales,Valles Centrales,San Cristóbal Amatlán,80.5,80.5,2098.09,4030.4102079546547
2009,riego,Valles Centrales,Valles Centrales,San Dionisio Ocotepec,38.79,38.79,7406.2,14227.23719294871
2009,riego,Valles Centrales,Valles Centrales,San Dionisio Ocotlán,45.24,45.24,2173.97,4176.174939963099
2009,riego,Valles Centrales,Valles Centrales,San Felipe Tejalápam,128,128,1318.86,2533.517059260125
2009,riego,Valles Centrales,Valles Centrales,San Francisco Cahuacuá,57,57,1185.03,2276.4309484972064
2009,riego,Valles Centrales,Valles Centrales,San Francisco Lachigoló,12,12,353.9,679.8384114099739
2009,riego,Valles Centrales,Valles Centrales,San Francisco Sola,69,69,876.31,1683.3828717227302
2009,riego,Valles Centrales,Valles Centrales,San Francisco Telixtlahuaca,80,80,1154.69,2218.148107575538
2009,riego,Valles Centrales,Valles Centrales,San Ildefonso Amatlán,84.25,84.25,2750.07,5282.857361023529
2009,riego,Valles Centrales,Valles Centrales,San Ildefonso Sola,39,39,381.11,732.1085531858015
2009,riego,Valles Centrales,Valles Centrales,San Jacinto Amilpas,8,8,78.68,151.143504407281
2009,riego,Valles Centrales,Valles Centrales,San Jacinto Tlacotepec,16,16,474.26,911.048784954208
2009,riego,Valles Centrales,Valles Centrales,San Jerónimo Coatlán,12,12,166.12,319.11488246234774
2009,riego,Valles Centrales,Valles Centrales,San Jerónimo Tlacochahuaya,122,122,8287.5,15920.205805482223
2009,riego,Valles Centrales,Valles Centrales,San José del Peñasco,153,153,2221.08,4266.672785573509
2009,riego,Valles Centrales,Valles Centrales,San José del Progreso,204,204,1927.58,3702.862178766989
2009,riego,Valles Centrales,Valles Centrales,San Juan Bautista Atatlahuca,295,295,3479.63,6684.334929342999
2009,riego,Valles Centrales,Valles Centrales,San Juan Bautista Guelache,52,52,526.49,1011.3821000939168
2009,riego,Valles Centrales,Valles Centrales,San Juan Bautista Jayacatlán,177,177,2141.68,4114.14616826367
2009,riego,Valles Centrales,Valles Centrales,San Juan Chilateca,20,20,674.66,1296.0152094994432
2009,riego,Valles Centrales,Valles Centrales,San Juan Guelavía,54,54,402.8,773.7748293753532
2009,riego,Valles Centrales,Valles Centrales,San Juan Teitipac,10,10,244.4,469.48999081265225
2009,riego,Valles Centrales,Valles Centrales,San Juan del Estado,65.6,65.6,4649.14,8930.952110829518
2009,riego,Valles Centrales,Valles Centrales,San Juan del Río,42,42,292.48,561.8511968612297
2009,riego,Valles Centrales,Valles Centrales,San Lorenzo Albarradas,105.95,105.95,2270.65,4361.896266934324
2009,riego,Valles Centrales,Valles Centrales,San Lorenzo Cacaotepec,320.52,320.52,11570.66,22227.12380153978
2009,riego,Valles Centrales,Valles Centrales,San Lorenzo Texmelúcan,114,114,1120.47,2152.4118249011967
2009,riego,Valles Centrales,Valles Centrales,San Lucas Quiaviní,25,25,187.2,359.6093546650102
2009,riego,Valles Centrales,Valles Centrales,San Luis Amatlán,144,144,2136.35,4103.907290804458
2009,riego,Valles Centrales,Valles Centrales,San Martín Lachilá,24,24,264.59,508.2747817885419
2009,riego,Valles Centrales,Valles Centrales,San Martín Tilcajete,15.66,15.66,1736.7,3336.183580377795
2009,riego,Valles Centrales,Valles Centrales,San Mateo Yucutindoo,215,215,4312.94,8285.115224940753
2009,riego,Valles Centrales,Valles Centrales,San Miguel Coatlán,51,51,479.88,921.8447495547281
2009,riego,Valles Centrales,Valles Centrales,San Miguel Ejutla,72.17,72.17,5434.81,10440.216436041368
2009,riego,Valles Centrales,Valles Centrales,San Miguel Mixtepec,964,964,9140.87,17559.52116333735
2009,riego,Valles Centrales,Valles Centrales,San Miguel Peras,197.25,197.25,4051.56,7783.006821509448
2009,riego,Valles Centrales,Valles Centrales,San Miguel Tilquiápam,29,29,427.16,820.5701492452231
2009,riego,Valles Centrales,Valles Centrales,San Nicolás,54,54,516.15,991.5190620210738
2009,riego,Valles Centrales,Valles Centrales,San Pablo Coatlán,179,179,1629.84,3130.9065737565184
2009,riego,Valles Centrales,Valles Centrales,San Pablo Cuatro Venados,0.05,0.05,123.5,237.2422825914998
2009,riego,Valles Centrales,Valles Centrales,San Pablo Etla,37.22,37.22,1000.6,1922.1427365267587
2009,riego,Valles Centrales,Valles Centrales,San Pablo Huitzo,364.93,364.93,7922.55,15219.140452998274
2009,riego,Valles Centrales,Valles Centrales,San Pablo Huixtepec,1257.93,1257.93,33431.26,64221.12090939193
2009,riego,Valles Centrales,Valles Centrales,San Pablo Villa de Mitla,12,12,93.9,180.3809743752375
2009,riego,Valles Centrales,Valles Centrales,San Pedro Apóstol,63,63,764.25,1468.1167163607588
2009,riego,Valles Centrales,Valles Centrales,San Pedro Ixtlahuaca,53.21,53.21,2498.58,4799.747550100968
2009,riego,Valles Centrales,Valles Centrales,San Pedro Mártir,36.1,36.1,1765.46,3391.4312568744067
2009,riego,Valles Centrales,Valles Centrales,San Pedro Quiatoni,65,65,568.3,1091.6986979493872
2009,riego,Valles Centrales,Valles Centrales,San Pedro Taviche,21,21,204.15,392.17013757939014
2009,riego,Valles Centrales,Valles Centrales,San Pedro Totolápam,159,159,2354.27,4522.529462645265
2009,riego,Valles Centrales,Valles Centrales,San Raymundo Jalpan,29,29,302.24,580.6000606514567
2009,riego,Valles Centrales,Valles Centrales,San Sebastián Abasolo,129,129,7674.74,14743.099885799895
2009,riego,Valles Centrales,Valles Centrales,San Sebastián Teitipac,1,1,94.8,182.10986550343466
2009,riego,Valles Centrales,Valles Centrales,San Sebastián Tutla,0.04,0.04,99.32,190.7927409472693
2009,riego,Valles Centrales,Valles Centrales,San Simón Almolongas,13,13,185.45,356.2476219157379
2009,riego,Valles Centrales,Valles Centrales,San Vicente Coatlán,8,8,113.66,218.33973958987744
2009,riego,Valles Centrales,Valles Centrales,Santa Ana,63.5,63.5,1822.68,3501.3503128248976
2009,riego,Valles Centrales,Valles Centrales,Santa Ana Tlapacoyan,490,490,5546.05,10653.907379486538
2009,riego,Valles Centrales,Valles Centrales,Santa Ana Zegache,79,79,837.2,1608.2529472518513
2009,riego,Valles Centrales,Valles Centrales,Santa Ana del Valle,0.07,0.07,130.9,251.45760964556538
2009,riego,Valles Centrales,Valles Centrales,Santa Catarina Minas,40.66,40.66,881.91,1694.1404165204015
2009,riego,Valles Centrales,Valles Centrales,Santa Catarina Quiané,163.05,163.05,4101.74,7879.402106857152
2009,riego,Valles Centrales,Valles Centrales,Santa Cruz Amilpas,170,170,1560.6,2997.897216293883
2009,riego,Valles Centrales,Valles Centrales,Santa Cruz Mixtepec,646.08,646.08,8088.87,15538.639533489108
2009,riego,Valles Centrales,Valles Centrales,Santa Cruz Papalutla,22,22,1755,3371.337699984471
2009,riego,Valles Centrales,Valles Centrales,Santa Cruz Xitla,25.25,25.25,849.99,1632.8224111736754
2009,riego,Valles Centrales,Valles Centrales,Santa Cruz Xoxocotlán,83.3,83.3,2548.97,4896.546243378584
2009,riego,Valles Centrales,Valles Centrales,Santa Cruz Zenzontepec,32,32,796.17,1529.4347217074849
2009,riego,Valles Centrales,Valles Centrales,Santa Gertrudis,318.34,318.34,5016.57,9636.781518866721
2009,riego,Valles Centrales,Valles Centrales,Santa Inés Yatzeche,158,158,1479.55,2842.200965249016
2009,riego,Valles Centrales,Valles Centrales,Santa Inés del Monte,104,104,2286.11,4391.5947745364665
2009,riego,Valles Centrales,Valles Centrales,Santa Lucía Ocotlán,31.03,31.03,888.53,1706.8573712633627
2009,riego,Valles Centrales,Valles Centrales,Santa Lucía del Camino,0.03,0.03,74.21,142.55667847056841
2009,riego,Valles Centrales,Valles Centrales,Santa María Atzompa,113.95,113.95,4658.44,8948.817319154221
2009,riego,Valles Centrales,Valles Centrales,Santa María Coyotepec,88.06,88.06,1560.03,2996.8022519126916
2009,riego,Valles Centrales,Valles Centrales,Santa María Guelacé,28,28,1037.8,1993.6035698255746
2009,riego,Valles Centrales,Valles Centrales,Santa María Peñoles,320,320,3204.58,6155.966590664521
2009,riego,Valles Centrales,Valles Centrales,Santa María Sola,154,154,3355.26,6445.421385327576
2009,riego,Valles Centrales,Valles Centrales,Santa María Zaniza,65,65,658.41,1264.7991196847722
2009,riego,Valles Centrales,Valles Centrales,Santa María Zoquitlán,971,971,22540.45,43299.982256190866
2009,riego,Valles Centrales,Valles Centrales,Santa María del Tule,135,135,1871.31,3594.7680634518174
2009,riego,Valles Centrales,Valles Centrales,Santiago Apóstol,55,55,2292.72,4404.292519378003
2009,riego,Valles Centrales,Valles Centrales,Santiago Matatlán,18,18,17510.62,33637.728408035364
2009,riego,Valles Centrales,Valles Centrales,Santiago Minas,189,189,1886.63,3624.1976324340185
2009,riego,Valles Centrales,Valles Centrales,Santiago Suchilquitongo,320,320,5809.13,11159.281466159993
2009,riego,Valles Centrales,Valles Centrales,Santiago Tenango,31.48,31.48,1470.9,2825.584400516899
2009,riego,Valles Centrales,Valles Centrales,Santiago Textitlán,128,128,2913.26,5596.3437423685245
2009,riego,Valles Centrales,Valles Centrales,Santiago Tlazoyaltepec,46.12,46.12,815.64,1566.836399780817
2009,riego,Valles Centrales,Valles Centrales,Santo Domingo Albarradas,43,43,482.52,926.916163530773
2009,riego,Valles Centrales,Valles Centrales,Santo Domingo Teojomulco,127,127,1927.99,3703.64978472539
2009,riego,Valles Centrales,Valles Centrales,Santo Domingo Tomaltepec,159.21,159.21,2037.58,3914.1710944355314
2009,riego,Valles Centrales,Valles Centrales,Santo Tomás Jalieza,90.7,90.7,4193.24,8055.17270489053
2009,riego,Valles Centrales,Valles Centrales,Santo Tomás Mazaltepec,63.12,63.12,931.47,1789.344687979792
2009,riego,Valles Centrales,Valles Centrales,Santo Tomás Tamazulapan,42,42,566.03,1087.3380503260455
2009,riego,Valles Centrales,Valles Centrales,Sitio de Xitlapehua,12.1,12.1,401.96,772.1611976557024
2009,riego,Valles Centrales,Valles Centrales,Soledad Etla,182,182,2196.83,4220.0887746193075
2009,riego,Valles Centrales,Valles Centrales,Taniche,54,54,530.95,1019.9497161292051
2009,riego,Valles Centrales,Valles Centrales,Teotitlán del Valle,60,60,409.8,787.2217603724422
2009,riego,Valles Centrales,Valles Centrales,Tlacolula de Matamoros,393,393,3549.3,6818.170312566885
2009,riego,Valles Centrales,Valles Centrales,Tlalixtac de Cabrera,186,186,1725.62,3314.8990095995455
2009,riego,Valles Centrales,Valles Centrales,Trinidad Zaachila,155.8,155.8,7857.99,15095.121329402262
2009,riego,Valles Centrales,Valles Centrales,Villa Díaz Ordaz,123,123,673.92,1294.5936767940366
2009,riego,Valles Centrales,Valles Centrales,Villa Sola de Vega,460,460,6520.95,12526.680669352554
2009,riego,Valles Centrales,Valles Centrales,Villa de Etla,85.44,85.44,2219.48,4263.5992013456025
2009,riego,Valles Centrales,Valles Centrales,Villa de Zaachila,519.72,519.72,7428.48,14270.0368533223
2009,riego,Valles Centrales,Valles Centrales,Yaxe,521.66,521.66,11099.17,21321.396159280135
2009,riego,Valles Centrales,Valles Centrales,Yogana,45,45,440.97,847.0990231123374
2009,riego,Valles Centrales,Valles Centrales,Zimatlán de Álvarez,1149.23,1149.23,21127.32,40585.3734562028
2009,riego,Valles Centrales,Valles Centrales,Ánimas Trujano,336,336,7331.13,14083.028462955643
2009,temporal,Cañada,Cañada,Chiquihuitlán de Benito Juárez,237,237,855,1642.4465717873063
2009,temporal,Cañada,Cañada,Concepción Pápalo,1198,1198,4591.5,8820.2262390192
2009,temporal,Cañada,Cañada,Cuyamecalco Villa de Zaragoza,223,181,661.55,1270.8310287320378
2009,temporal,Cañada,Cañada,Eloxochitlán de Flores Magón,559,559,2185.15,4197.651609755593
2009,temporal,Cañada,Cañada,Huautepec,1852,1852,7190.7,13813.263817252611
2009,temporal,Cañada,Cañada,Huautla de Jiménez,2355,2355,9102.72,17486.235389403213
2009,temporal,Cañada,Cañada,Mazatlán Villa de Flores,2047,1689,7129.9,13696.467616592181
2009,temporal,Cañada,Cañada,San Andrés Teotilálpam,1583,1438,5343.69,10265.175814262117
2009,temporal,Cañada,Cañada,San Bartolomé Ayautla,1108,915,3811.78,7322.391805154875
2009,temporal,Cañada,Cañada,San Francisco Chapulapa,498,448,1588.4,3051.300742253751
2009,temporal,Cañada,Cañada,San Francisco Huehuetlán,463,463,2098.44,4031.0825545045086
2009,temporal,Cañada,Cañada,San Jerónimo Tecóatl,243,243,1060.53,2037.2676757632653
2009,temporal,Cañada,Cañada,San José Tenango,5486,5121,22879.1,43950.525567928606
2009,temporal,Cañada,Cañada,San Juan Bautista Cuicatlán,522,202,605.7,1163.5437292766917
2009,temporal,Cañada,Cañada,San Juan Bautista Tlacoatzintepec,827,747,2917.2,5603.912443529742
2009,temporal,Cañada,Cañada,San Juan Coatzóspam,996,996,4030.25,7742.0705215740245
2009,temporal,Cañada,Cañada,San Juan Tepeuxila,640,640,2444.71,4696.263811127656
2009,temporal,Cañada,Cañada,San Juan de Los Cués,255,231,903.7,1735.9987917241974
2009,temporal,Cañada,Cañada,San Lorenzo Cuaunecuiltitla,130,130,522.5,1003.717349425576
2009,temporal,Cañada,Cañada,San Lucas Zoquiápam,1794,1794,6390.6,12276.279604285333
2009,temporal,Cañada,Cañada,San Martín Toxpalan,386,354,1270,2439.6574809004433
2009,temporal,Cañada,Cañada,San Mateo Yoloxochitlán,304,304,1268,2435.8155006155607
2009,temporal,Cañada,Cañada,San Miguel Santa Flor,200,200,664.8,1277.074246694972
2009,temporal,Cañada,Cañada,San Pedro Jaltepetongo,142,92,144.97,278.48594094971435
2009,temporal,Cañada,Cañada,San Pedro Jocotipac,150,92,157.9,303.3243434914803
2009,temporal,Cañada,Cañada,San Pedro Ocopetatillo,276,276,1246.04,2393.6305570875497
2009,temporal,Cañada,Cañada,San Pedro Sochiápam,1538,1538,5057.73,9715.849473129605
2009,temporal,Cañada,Cañada,San Pedro Teutila,830,830,2951.5,5669.8024054154785
2009,temporal,Cañada,Cañada,Santa Ana Ateixtlahuaca,132,132,449.26,863.0240313931756
2009,temporal,Cañada,Cañada,Santa Ana Cuauhtémoc,105,105,431.75,829.3874939990286
2009,temporal,Cañada,Cañada,Santa Cruz Acatepec,161,161,625.05,1200.7148885329307
2009,temporal,Cañada,Cañada,Santa María Chilchotla,4474,4474,20337.05,39067.272576335716
2009,temporal,Cañada,Cañada,Santa María Ixcatlán,171,85,180.83,347.3726474576592
2009,temporal,Cañada,Cañada,Santa María La Asunción,436,436,1566.8,3009.807355177019
2009,temporal,Cañada,Cañada,Santa María Pápalo,730,730,2351.25,4516.728072415092
2009,temporal,Cañada,Cañada,Santa María Tecomavaca,78,78,297.8,572.0708644190173
2009,temporal,Cañada,Cañada,Santa María Teopoxco,832,832,3718.01,7142.260559498155
2009,temporal,Cañada,Cañada,Santa María Texcatitlán,163,121,302.65,581.3876666098575
2009,temporal,Cañada,Cañada,Santa María Tlalixtac,288,288,1035.2,1988.6089954552274
2009,temporal,Cañada,Cañada,Santiago Nacaltepec,932,512,2105.91,4045.4323508685447
2009,temporal,Cañada,Cañada,Santiago Texcalcingo,685,685,3064.28,5886.451673680008
2009,temporal,Cañada,Cañada,Santos Reyes Pápalo,265,240,882.2,1694.6975036617096
2009,temporal,Cañada,Cañada,Teotitlán de Flores Magón,105,90,410.47,788.508823767878
2009,temporal,Costa,Costa,Candelaria Loxicha,1560,1560,7610.84,14620.348615697898
2009,temporal,Costa,Costa,Mártires de Tacubaya,545,545,2703.04,5192.513194624515
2009,temporal,Costa,Costa,Pinotepa de Don Luis,935,935,4223.8,8113.878163643537
2009,temporal,Costa,Costa,Pluma Hidalgo,430,430,2011.98,3864.9937467890345
2009,temporal,Costa,Costa,San Agustín Chayuco,1300,1300,5811.74,11164.295250431765
2009,temporal,Costa,Costa,San Agustín Loxicha,4560,4560,19068.62,36630.6310499589
2009,temporal,Costa,Costa,San Andrés Huaxpaltepec,900,900,4852.43,9321.470196886408
2009,temporal,Costa,Costa,San Antonio Tepetlapa,745,745,3349.23,6433.837814768654
2009,temporal,Costa,Costa,San Baltazar Loxicha,842,842,4058.95,7797.202938662089
2009,temporal,Costa,Costa,San Bartolomé Loxicha,652,652,2770.13,5321.392423280901
2009,temporal,Costa,Costa,San Gabriel Mixtepec,792,792,3802.8,7305.141313675753
2009,temporal,Costa,Costa,San José Estancia Grande,170,170,702.15,1348.8232285151544
2009,temporal,Costa,Costa,San Juan Bautista Lo de Soto,190,190,954.93,1834.4111167214646
2009,temporal,Costa,Costa,San Juan Cacahuatepec,1120,1120,5294.44,10170.567049746884
2009,temporal,Costa,Costa,San Juan Colorado,1190,1190,5143.2,9880.036500604063
2009,temporal,Costa,Costa,San Juan Lachao,837,837,4210,8087.3684996778475
2009,temporal,Costa,Costa,San Juan Quiahije,750,750,3150,6051.118948690076
2009,temporal,Costa,Costa,San Lorenzo,1235,1235,5714.79,10978.055256122081
2009,temporal,Costa,Costa,San Mateo Piñas,710,710,3148.83,6048.871390223419
2009,temporal,Costa,Costa,San Miguel Panixtlahuaca,992,992,4697.59,9024.024083230797
2009,temporal,Costa,Costa,San Miguel Tlacamama,460,460,2046.33,3930.9797581818925
2009,temporal,Costa,Costa,San Miguel del Puerto,2080,2080,9610.56,18461.7910233406
2009,temporal,Costa,Costa,San Pedro Atoyac,680,680,2937.16,5642.255406772871
2009,temporal,Costa,Costa,San Pedro El Alto,850,850,3213.85,6173.774169284952
2009,temporal,Costa,Costa,San Pedro Jicayán,1150,1150,5321.4,10222.3569439871
2009,temporal,Costa,Costa,San Pedro Juchatengo,611,611,2636.41,5064.517621433652
2009,temporal,Costa,Costa,San Pedro Mixtepec,3035,2981,19003.24,36505.0367144461
2009,temporal,Costa,Costa,San Pedro Pochutla,3595,3595,18357.78,35265.114417105935
2009,temporal,Costa,Costa,San Sebastián Ixcapa,520,520,2183.4,4194.289877006321
2009,temporal,Costa,Costa,Santa Catarina Juquila,2845,2845,12254.02,23539.851625278465
2009,temporal,Costa,Costa,Santa Catarina Loxicha,620,620,2055.3,3948.2110397595916
2009,temporal,Costa,Costa,Santa Catarina Mechoacán,875,875,3942.43,7573.36916726483
2009,temporal,Costa,Costa,Santa María Colotepec,5370,5135,32712.13,62839.67926825812
2009,temporal,Costa,Costa,Santa María Cortijo,182,182,1135.52,2181.322726544938
2009,temporal,Costa,Costa,Santa María Huatulco,1605,1605,8235.83,15820.94824482228
2009,temporal,Costa,Costa,Santa María Huazolotitlán,2123,2123,16807.54,32287.118658687745
2009,temporal,Costa,Costa,Santa María Temaxcaltepec,580,580,2444.95,4696.724848761841
2009,temporal,Costa,Costa,Santa María Tonameca,6265,6135,37683.26,72389.17099505232
2009,temporal,Costa,Costa,Santiago Ixtayutla,2765,2765,13642.11,26206.3588320998
2009,temporal,Costa,Costa,Santiago Jamiltepec,4420,4420,23231.62,44627.71301294201
2009,temporal,Costa,Costa,Santiago Llano Grande,572,572,2629.45,5051.14753004226
2009,temporal,Costa,Costa,Santiago Pinotepa Nacional,5117,3179.5,23758.6,45640.036398205724
2009,temporal,Costa,Costa,Santiago Tapextla,682,682,2987.42,5738.80437133197
2009,temporal,Costa,Costa,Santiago Tetepec,1171,1171,5380.52,10335.925881208232
2009,temporal,Costa,Costa,Santiago Yaitepec,708,708,2725.8,5236.234930266479
2009,temporal,Costa,Costa,Santo Domingo Armenta,727,727,3437.66,6603.710973064738
2009,temporal,Costa,Costa,Santo Domingo de Morelos,4650,4650,44682.9,85835.4104356901
2009,temporal,Costa,Costa,Santos Reyes Nopala,2880,2880,12751.33,24495.179233015944
2009,temporal,Costa,Costa,Tataltepec de Valdés,1890,1890,14456.8,27771.370291245297
2009,temporal,Costa,Costa,Villa de Tututepec,3101,3059,24682.46,47414.762351201534
2009,temporal,Istmo,Istmo,Asunción Ixtaltepec,3570,3570,26235,50397.17638694734
2009,temporal,Istmo,Istmo,Asunción Tlacolulita,513,483,2341.8,4498.574715569022
2009,temporal,Istmo,Istmo,Chahuites,1429,1429,27231.09,52310.655457931694
2009,temporal,Istmo,Istmo,Ciudad Ixtepec,1825,1825,10550,20266.44600275565
2009,temporal,Istmo,Istmo,El Barrio de la Soledad,870,870,6796.5,13056.009503102254
2009,temporal,Istmo,Istmo,El Espinal,653,653,4305.75,8271.3033058166
2009,temporal,Istmo,Istmo,Guevea de Humboldt,1820,1820,8436,16205.472841634755
2009,temporal,Istmo,Istmo,Heroica Ciudad de Juchitán de Zaragoza,7310,7310,40490.5,77781.85136251921
2009,temporal,Istmo,Istmo,Heroica Villa de San Blas Atempa,2320,2320,15980,30697.422476211876
2009,temporal,Istmo,Istmo,Magdalena Tequisistlán,1855,1655,6685.65,12843.067745812636
2009,temporal,Istmo,Istmo,Magdalena Tlacotepec,288,288,2722.5,5229.895662796423
2009,temporal,Istmo,Istmo,Matías Romero Avendaño,1358,1358,10683,20521.937691700343
2009,temporal,Istmo,Istmo,Nejapa de Madero,2290,2040,12022.91,23095.891593458855
2009,temporal,Istmo,Istmo,Reforma de Pineda,2073,2073,49454.95,95002.47144492705
2009,temporal,Istmo,Istmo,Salina Cruz,951,951,6171.6,11855.58276309069
2009,temporal,Istmo,Istmo,San Bartolo Yautepec,280,280,785.96,1509.8214123531593
2009,temporal,Istmo,Istmo,San Carlos Yautepec,4427,4307,16638.54,31962.471324615166
2009,temporal,Istmo,Istmo,San Dionisio del Mar,1040,1040,5163,9918.0721054244
2009,temporal,Istmo,Istmo,San Francisco Ixhuatán,2093,2093,35179.86,67580.16427246478
2009,temporal,Istmo,Istmo,San Francisco del Mar,3387,3387,19779.53,37996.28215212184
2009,temporal,Istmo,Istmo,San Juan Guichicovi,7313,7313,57453,110366.64665367965
2009,temporal,Istmo,Istmo,San Juan Lajarcia,423,423,1184.4,2275.2207247074684
2009,temporal,Istmo,Istmo,San Juan Mazatlán,2639,2639,30370.9,58342.199517070294
2009,temporal,Istmo,Istmo,San Mateo del Mar,798,798,4885,9384.03684582572
2009,temporal,Istmo,Istmo,San Miguel Chimalapa,5327,5327,16121.9,30970.010977424296
2009,temporal,Istmo,Istmo,San Miguel Tenango,832,682,2915.27,5600.2049325548305
2009,temporal,Istmo,Istmo,San Pedro Comitancillo,1775,1775,14966.02,28749.576891579254
2009,temporal,Istmo,Istmo,San Pedro Huamelula,2013,2013,10863.3,20868.292214382505
2009,temporal,Istmo,Istmo,San Pedro Huilotepec,525,525,4050.3,7780.586373929973
2009,temporal,Istmo,Istmo,San Pedro Mártir Quiechapa,450,450,1260,2420.44757947603
2009,temporal,Istmo,Istmo,San Pedro Tapanatepec,3338,3338,36846.38,70781.53276464604
2009,temporal,Istmo,Istmo,Santa Ana Tavela,285,200,557.2,1070.3757073682891
2009,temporal,Istmo,Istmo,Santa Catalina Quierí,330,200,560,1075.7544797671246
2009,temporal,Istmo,Istmo,Santa Catarina Quioquitani,280,120,337.68,648.6799512995761
2009,temporal,Istmo,Istmo,Santa María Chimalapa,1750,1750,9575,18393.48061387539
2009,temporal,Istmo,Istmo,Santa María Ecatepec,1321,1321,7688.7,14769.916908188376
2009,temporal,Istmo,Istmo,Santa María Guienagati,1680,1680,8015.5,15397.69648673819
2009,temporal,Istmo,Istmo,Santa María Jalapa del Marqués,1218,1218,10320.5,19825.578765065373
2009,temporal,Istmo,Istmo,Santa María Mixtequilla,770,770,5338.5,10255.205875422847
2009,temporal,Istmo,Istmo,Santa María Petapa,1980,1980,15550,29871.39671496212
2009,temporal,Istmo,Istmo,Santa María Quiegolani,800,800,2240,4303.0179190684985
2009,temporal,Istmo,Istmo,Santa María Totolapilla,490,490,3097.5,5950.266966211908
2009,temporal,Istmo,Istmo,Santa María Xadani,1585,1585,8107.5,15574.42757984279
2009,temporal,Istmo,Istmo,Santiago Astata,200,200,1440,2766.225805115463
2009,temporal,Istmo,Istmo,Santiago Ixcuintepec,850,850,4621.98,8878.77801856081
2009,temporal,Istmo,Istmo,Santiago Lachiguiri,3215,3215,17307.25,33247.056642767086
2009,temporal,Istmo,Istmo,Santiago Laollaga,676,676,4489.95,8625.149690054286
2009,temporal,Istmo,Istmo,Santiago Niltepec,6595,6589,37862,72732.52877311227
2009,temporal,Istmo,Istmo,Santo Domingo Chihuitán,560,560,3909.5,7510.1109618742385
2009,temporal,Istmo,Istmo,Santo Domingo Ingenio,4825,4825,28561.1,54865.59155728004
2009,temporal,Istmo,Istmo,Santo Domingo Petapa,1203,1203,8475.25,16280.871704725576
2009,temporal,Istmo,Istmo,Santo Domingo Tehuantepec,6328,6328,40376.25,77562.3782387453
2009,temporal,Istmo,Istmo,Santo Domingo Zanatepec,4441,4441,70361.5,135163.7479073831
2009,temporal,Istmo,Istmo,Unión Hidalgo,1501,1501,10899.75,20938.312305074494
2009,temporal,Mixteca,Huajuapan de León,Asunción Cuyotepeji,40.5,21.9,90.75,174.32985542654743
2009,temporal,Mixteca,Huajuapan de León,Asunción Nochixtlán,4360,3760,19403.7,37274.31642688814
2009,temporal,Mixteca,Huajuapan de León,Calihualá,592,237,640.14,1229.7026297823697
2009,temporal,Mixteca,Huajuapan de León,Chalcatongo de Hidalgo,3003,3003,12116.9,23276.445456946913
2009,temporal,Mixteca,Huajuapan de León,Coicoyán de Las Flores,3561,2870.6,8758.37,16824.742433853557
2009,temporal,Mixteca,Huajuapan de León,Concepción Buenavista,657,267,899.25,1727.4503855903336
2009,temporal,Mixteca,Huajuapan de León,Constancia del Rosario,650,650,2196,4218.494352801082
2009,temporal,Mixteca,Huajuapan de León,Cosoltepec,254.5,115.5,237.16,455.5820221813772
2009,temporal,Mixteca,Huajuapan de León,Fresnillo de Trujano,308.5,134.5,491.4,943.9745559956517
2009,temporal,Mixteca,Huajuapan de León,Guadalupe de Ramírez,559,231,859.45,1650.9949779211702
2009,temporal,Mixteca,Huajuapan de León,"H. V. Tezoatlán de Segura y Luna, C. de la I.de O.",4849,2262.5,6902.11,13258.885272045478
2009,temporal,Mixteca,Huajuapan de León,Heroica Ciudad de Huajuapan de León,2519,1473.05,7242.82,13913.385823476652
2009,temporal,Mixteca,Huajuapan de León,Heroica Ciudad de Tlaxiaco,2417,2417,8069.91,15502.21756038842
2009,temporal,Mixteca,Huajuapan de León,Ixpantepec Nieves,457,224,1460.41,2805.43321392269
2009,temporal,Mixteca,Huajuapan de León,La Reforma,352,352,1271.4,2442.3468670998614
2009,temporal,Mixteca,Huajuapan de León,La Trinidad Vista Hermosa,200,103,425.13,816.6705392560673
2009,temporal,Mixteca,Huajuapan de León,Magdalena Jaltepec,3635,3185,26106.3,50149.944955615145
2009,temporal,Mixteca,Huajuapan de León,Magdalena Peñasco,535,535,1730.45,3324.1773919875372
2009,temporal,Mixteca,Huajuapan de León,Magdalena Yodocono de Porfirio Díaz,363,363,3010.41,5782.967934706695
2009,temporal,Mixteca,Huajuapan de León,Magdalena Zahuatlán,665,565,3741.91,7188.172223902501
2009,temporal,Mixteca,Huajuapan de León,Mariscala de Juárez,867.5,639.5,2302.95,4423.944248535177
2009,temporal,Mixteca,Huajuapan de León,Mesones Hidalgo,1500,1500,5973,11474.074120801848
2009,temporal,Mixteca,Huajuapan de León,Putla Villa de Guerrero,5590,5590,21900.8,42071.22091157829
2009,temporal,Mixteca,Huajuapan de León,San Agustín Atenango,233.5,9.5,45.15,86.73270493122442
2009,temporal,Mixteca,Huajuapan de León,San Agustín Tlacotepec,273,273,936.27,1798.5654406635101
2009,temporal,Mixteca,Huajuapan de León,San Andrés Cabecera Nueva,613,613,1907.73,3664.7305244395297
2009,temporal,Mixteca,Huajuapan de León,San Andrés Dinicuiti,658,333,1411.09,2710.689980097485
2009,temporal,Mixteca,Huajuapan de León,San Andrés Lagunas,675,364.5,867.03,1665.556083200875
2009,temporal,Mixteca,Huajuapan de León,San Andrés Nuxiño,811,561,4062.96,7804.90610913328
2009,temporal,Mixteca,Huajuapan de León,San Andrés Sinaxtla,1507,1507,16965.18,32589.94354474219
2009,temporal,Mixteca,Huajuapan de León,San Andrés Tepetlapa,150,60,172.8,331.9470966138556
2009,temporal,Mixteca,Huajuapan de León,San Antonino Monte Verde,2284,965.5,2580.12,4956.385086315631
2009,temporal,Mixteca,Huajuapan de León,San Antonio Acutla,214,93.8,399.15,766.7632153554424
2009,temporal,Mixteca,Huajuapan de León,San Antonio Sinicahua,359,359,1327.19,2549.5189071466607
2009,temporal,Mixteca,Huajuapan de León,San Bartolo Soyaltepec,772,265.5,894.63,1718.5754111322547
2009,temporal,Mixteca,Huajuapan de León,San Bartolomé Yucuañe,321,321,571,1096.8853713339788
2009,temporal,Mixteca,Huajuapan de León,San Cristóbal Amoltepec,321,321,1183.14,2272.8002771279926
2009,temporal,Mixteca,Huajuapan de León,San Cristóbal Suchixtlahuaca,461,177,457.89,879.602176322444
2009,temporal,Mixteca,Huajuapan de León,San Esteban Atatlahuca,1101,12,36.4,69.9240411848631
2009,temporal,Mixteca,Huajuapan de León,San Francisco Chindúa,753,753,8599.9,16520.32312598088
2009,temporal,Mixteca,Huajuapan de León,San Francisco Jaltepetongo,656,536,5256.37,10097.434955024144
2009,temporal,Mixteca,Huajuapan de León,San Francisco Nuxaño,304,304,1653.24,3175.857743089645
2009,temporal,Mixteca,Huajuapan de León,San Francisco Teopan,409,209,511.71,982.9898657886345
2009,temporal,Mixteca,Huajuapan de León,San Francisco Tlapancingo,952,323,943.16,1811.8010627449307
2009,temporal,Mixteca,Huajuapan de León,San Jerónimo Silacayoapilla,334,162,647.1,1243.0727211737612
2009,temporal,Mixteca,Huajuapan de León,San Jorge Nuchita,266,52.75,212.24,407.7109478317402
2009,temporal,Mixteca,Huajuapan de León,San José Ayuquila,650,464.5,1425.72,2738.7940658814014
2009,temporal,Mixteca,Huajuapan de León,San Juan Achiutla,190,190,793.97,1525.208543394114
2009,temporal,Mixteca,Huajuapan de León,San Juan Bautista Coixtlahuaca,1646,389.5,1036.57,1991.2407519503718
2009,temporal,Mixteca,Huajuapan de León,San Juan Bautista Suchitepec,140,73,265.5,510.0228828181635
2009,temporal,Mixteca,Huajuapan de León,San Juan Bautista Tlachichilco,187,75,194.25,373.1523351692213
2009,temporal,Mixteca,Huajuapan de León,San Juan Cieneguilla,353,141,406.08,780.0756770425605
2009,temporal,Mixteca,Huajuapan de León,San Juan Diuxi,318,298,1295.68,2488.988507758336
2009,temporal,Mixteca,Huajuapan de León,San Juan Ihualtepec,300,120,336,645.4526878602748
2009,temporal,Mixteca,Huajuapan de León,San Juan Mixtepec,5188,5188,13520.15,25972.07487432766
2009,temporal,Mixteca,Huajuapan de León,San Juan Sayultepec,1149,1149,12326.05,23678.22054523851
2009,temporal,Mixteca,Huajuapan de León,San Juan Tamazola,2285,1659,19714.08,37870.553347299065
2009,temporal,Mixteca,Huajuapan de León,San Juan Teita,212,212,681,1308.1942870025212
2009,temporal,Mixteca,Huajuapan de León,San Juan Teposcolula,882,478,1719.1,3302.374153870828
2009,temporal,Mixteca,Huajuapan de León,San Juan Yucuita,1428,1428,14828.5,28485.402327190724
2009,temporal,Mixteca,Huajuapan de León,San Juan Ñumí,2768,2768,9386.6,18031.566071039448
2009,temporal,Mixteca,Huajuapan de León,San Lorenzo Victoria,203.5,192.5,446.88,858.4520748541654
2009,temporal,Mixteca,Huajuapan de León,San Marcos Arteaga,485.5,277.5,1200.21,2305.5915788594652
2009,temporal,Mixteca,Huajuapan de León,San Martín Huamelúlpam,586,586,2002.69,3847.147748365755
2009,temporal,Mixteca,Huajuapan de León,San Martín Itunyoso,711,711,2169.2,4167.011816983654
2009,temporal,Mixteca,Huajuapan de León,San Martín Peras,2797,1792,6451.1,12392.499507903032
2009,temporal,Mixteca,Huajuapan de León,San Martín Zacatepec,322,11,75.75,145.51500328992802
2009,temporal,Mixteca,Huajuapan de León,San Mateo Etlatongo,621,541,6598.56,12675.768714307425
2009,temporal,Mixteca,Huajuapan de León,San Mateo Nejápam,347,139,400.32,769.0107738220987
2009,temporal,Mixteca,Huajuapan de León,San Mateo Peñasco,604,604,2102.2,4038.3054774400875
2009,temporal,Mixteca,Huajuapan de León,San Mateo Sindihui,1047,1047,6052.24,11626.293379688896
2009,temporal,Mixteca,Huajuapan de León,San Mateo Tlapiltepec,223,107,362.83,696.9928533819747
2009,temporal,Mixteca,Huajuapan de León,San Miguel Achiutla,459,459,1483.1,2849.0204802546828
2009,temporal,Mixteca,Huajuapan de León,San Miguel Ahuehuetitlán,702,85,163.2,313.50559124641916
2009,temporal,Mixteca,Huajuapan de León,San Miguel Amatitlán,2470.5,1030.5,2778.19,5336.8756038289785
2009,temporal,Mixteca,Huajuapan de León,San Miguel Chicahua,911,711,4064.97,7808.767299319586
2009,temporal,Mixteca,Huajuapan de León,San Miguel El Grande,1792,1792,8824.91,16952.565117931597
2009,temporal,Mixteca,Huajuapan de León,San Miguel Huautla,699,485,3132.31,6017.1366330702895
2009,temporal,Mixteca,Huajuapan de León,San Miguel Piedras,957,957,5804.3,11150.003083772002
2009,temporal,Mixteca,Huajuapan de León,San Miguel Tecomatlán,185,185,1123.13,2157.5216586800907
2009,temporal,Mixteca,Huajuapan de León,San Miguel Tequixtepec,848,404,1184.64,2275.6817623416546
2009,temporal,Mixteca,Huajuapan de León,San Miguel Tlacotepec,352,34,210,403.4079299126717
2009,temporal,Mixteca,Huajuapan de León,San Miguel Tulancingo,189,86,280.6,539.0298339690271
2009,temporal,Mixteca,Huajuapan de León,San Nicolás Hidalgo,184,82,244.74,470.14312746108226
2009,temporal,Mixteca,Huajuapan de León,San Pablo Tijaltepec,1197,409,2413.26,4635.848671147877
2009,temporal,Mixteca,Huajuapan de León,San Pedro Amuzgos,843,843,5574.18,10707.944832193412
2009,temporal,Mixteca,Huajuapan de León,San Pedro Coxcaltepec Cántaros,613,482,2102.18,4038.267057637239
2009,temporal,Mixteca,Huajuapan de León,San Pedro Molinos,337,337,929.35,1785.2721888778165
2009,temporal,Mixteca,Huajuapan de León,San Pedro Mártir Yucuxaco,526,526,1893.73,3637.8366624453515
2009,temporal,Mixteca,Huajuapan de León,San Pedro Nopala,329,157,734.36,1410.6983210031885
2009,temporal,Mixteca,Huajuapan de León,San Pedro Teozacoalco,980,980,5565.88,10692.000614011149
2009,temporal,Mixteca,Huajuapan de León,San Pedro Tidaá,214,214,1218.98,2341.6485638330882
2009,temporal,Mixteca,Huajuapan de León,San Pedro Topiltepec,398,199,701.8,1348.1508819653
2009,temporal,Mixteca,Huajuapan de León,San Pedro Y San Pablo Teposcolula,1229,655.4,2436.57,4680.626951368184
2009,temporal,Mixteca,Huajuapan de León,San Pedro Y San Pablo Tequixtepec,812,692.25,1678.03,3223.479088720764
2009,temporal,Mixteca,Huajuapan de León,San Pedro Yucunama,144,76,272.92,524.276629675078
2009,temporal,Mixteca,Huajuapan de León,San Sebastián Nicananduta,652,327.5,1498.4,2878.4116294340347
2009,temporal,Mixteca,Huajuapan de León,San Sebastián Tecomaxtlahuaca,3108,2211.6,9369.72,17999.139757435038
2009,temporal,Mixteca,Huajuapan de León,San Simón Zahuatlán,430.5,198.5,508.81,977.4189943755547
2009,temporal,Mixteca,Huajuapan de León,San Vicente Nuñú,222,120.5,399.71,767.8389698352095
2009,temporal,Mixteca,Huajuapan de León,Santa Catarina Tayata,360,360,1614.8,3102.0148820142012
2009,temporal,Mixteca,Huajuapan de León,Santa Catarina Ticuá,330,330,1736.32,3335.453604123667
2009,temporal,Mixteca,Huajuapan de León,Santa Catarina Yosonotú,916,916,2376.39,4565.021764596066
2009,temporal,Mixteca,Huajuapan de León,Santa Catarina Zapoquila,254,110,209.42,402.2937556300557
2009,temporal,Mixteca,Huajuapan de León,Santa Cruz Itundujia,993,993,2745.8,5274.654733115305
2009,temporal,Mixteca,Huajuapan de León,Santa Cruz Nundaco,635,496,1861.5,3575.9231501544687
2009,temporal,Mixteca,Huajuapan de León,Santa Cruz Tacache de Mina,408.5,178.5,336.26,645.9521452973095
2009,temporal,Mixteca,Huajuapan de León,Santa Cruz Tacahua,419,419,1469.85,2823.5673608673355
2009,temporal,Mixteca,Huajuapan de León,Santa Cruz Tayata,546,546,5734.64,11016.186910449542
2009,temporal,Mixteca,Huajuapan de León,Santa Cruz de Bravo,49,20,44.4,85.29196232439344
2009,temporal,Mixteca,Huajuapan de León,Santa Inés de Zaragoza,1203.5,903.5,20365.35,39121.6365973668
2009,temporal,Mixteca,Huajuapan de León,Santa Lucía Monteverde,3935,3935,13786.02,26482.808523498526
2009,temporal,Mixteca,Huajuapan de León,Santa Magdalena Jicotlán,212,131,389.08,747.4188446210586
2009,temporal,Mixteca,Huajuapan de León,Santa María Apazco,892,762,3021.01,5803.330430216573
2009,temporal,Mixteca,Huajuapan de León,Santa María Camotlán,137,69,266.22,511.4059957207213
2009,temporal,Mixteca,Huajuapan de León,Santa María Chachoápam,1227,1227,12585.08,24175.814621835078
2009,temporal,Mixteca,Huajuapan de León,Santa María Ipalapa,2026,2026,13613.18,26150.784587278973
2009,temporal,Mixteca,Huajuapan de León,Santa María Nativitas,422,221,565.58,1086.473604761947
2009,temporal,Mixteca,Huajuapan de León,Santa María Nduayaco,352,181,558.63,1073.12272327198
2009,temporal,Mixteca,Huajuapan de León,Santa María Tataltepec,225,225,593,1139.1471544676872
2009,temporal,Mixteca,Huajuapan de León,Santa María Yolotepec,203,203,800.16,1537.0994723758256
2009,temporal,Mixteca,Huajuapan de León,Santa María Yosoyúa,875,875,2014.81,3870.4301488921433
2009,temporal,Mixteca,Huajuapan de León,Santa María Yucuhiti,1200,1200,3375,6483.3417307393665
2009,temporal,Mixteca,Huajuapan de León,Santa María Zacatepec,3161,3161,24601.73,47259.68081700225
2009,temporal,Mixteca,Huajuapan de León,Santa María del Rosario,207,207,1021.12,1961.561454249654
2009,temporal,Mixteca,Huajuapan de León,Santiago Apoala,782.5,582.5,3231.35,6207.391496777675
2009,temporal,Mixteca,Huajuapan de León,Santiago Ayuquililla,547,256,840.31,1614.2272265948436
2009,temporal,Mixteca,Huajuapan de León,Santiago Cacaloxtepec,177.5,76.5,221.21,424.94222940943865
2009,temporal,Mixteca,Huajuapan de León,Santiago Huajolotitlán,767,197,896.82,1722.7823795442011
2009,temporal,Mixteca,Huajuapan de León,Santiago Huauclilla,780,780,3341.28,6418.5659431362465
2009,temporal,Mixteca,Huajuapan de León,Santiago Ihuitlán Plumas,607,297.5,750.22,1441.1652246623075
2009,temporal,Mixteca,Huajuapan de León,Santiago Juxtlahuaca,3671,2997.8,11401.64,21902.438047664353
2009,temporal,Mixteca,Huajuapan de León,Santiago Miltepec,70.5,36.5,129.7,249.1524214746358
2009,temporal,Mixteca,Huajuapan de León,Santiago Nejapilla,126,69,202.55,389.0965533514841
2009,temporal,Mixteca,Huajuapan de León,Santiago Nundiche,804,804,2072.99,3982.1933553793774
2009,temporal,Mixteca,Huajuapan de León,Santiago Nuyoó,1297,1297,3849.75,7395.331800863371
2009,temporal,Mixteca,Huajuapan de León,Santiago Tamazola,1217,376.5,1222.13,2347.699682781779
2009,temporal,Mixteca,Huajuapan de León,Santiago Tepetlapa,141,73.5,137.87,264.8469109383812
2009,temporal,Mixteca,Huajuapan de León,Santiago Tilantongo,1513,1513,4445.1,8538.993282165797
2009,temporal,Mixteca,Huajuapan de León,Santiago Tillo,1170,1120,9822.76,18869.425131566644
2009,temporal,Mixteca,Huajuapan de León,Santiago Yolomécatl,353,185,661.85,1271.4073257747705
2009,temporal,Mixteca,Huajuapan de León,Santiago Yosondúa,2217,2217,8180.38,15714.429341423911
2009,temporal,Mixteca,Huajuapan de León,Santiago Yucuyachi,204,91,300.21,576.7004506623008
2009,temporal,Mixteca,Huajuapan de León,Santiago del Río,271,121,607.55,1167.097561040208
2009,temporal,Mixteca,Huajuapan de León,Santo Domingo Ixcatlán,187,187,716.3,1376.0052390306987
2009,temporal,Mixteca,Huajuapan de León,Santo Domingo Nuxaá,1702,1202,10502.12,20174.468994735562
2009,temporal,Mixteca,Huajuapan de León,Santo Domingo Tlatayápam,92,43,155,297.75347207840053
2009,temporal,Mixteca,Huajuapan de León,Santo Domingo Tonaltepec,155,72.5,196.22,376.9366857498307
2009,temporal,Mixteca,Huajuapan de León,Santo Domingo Tonalá,885.5,45,165.52,317.96228837688295
2009,temporal,Mixteca,Huajuapan de León,Santo Domingo Yanhuitlán,1741,1741,13542.45,26014.9129545041
2009,temporal,Mixteca,Huajuapan de León,Santo Domingo Yodohino,171,81,246.46,473.44723050608127
2009,temporal,Mixteca,Huajuapan de León,Santo Tomás Ocotepec,1500,1500,4502.75,8649.738363877535
2009,temporal,Mixteca,Huajuapan de León,Santos Reyes Tepejillo,550,242,850.56,1633.9173755548668
2009,temporal,Mixteca,Huajuapan de León,Santos Reyes Yucuná,222,28,120.8,232.0556092069083
2009,temporal,Mixteca,Huajuapan de León,Silacayoápam,2127.5,2077.5,9147.05,17571.392882417636
2009,temporal,Mixteca,Huajuapan de León,Teotongo,583,298,1252.38,2405.809634590628
2009,temporal,Mixteca,Huajuapan de León,Tepelmeme Villa de Morelos,1558,343,1084.88,2084.043785731711
2009,temporal,Mixteca,Huajuapan de León,Tlacotepec Plumas,580,250.15,532.48,1022.8888310471402
2009,temporal,Mixteca,Huajuapan de León,Villa Tejúpam de La Unión,1974,417.5,2158.63,4146.70695117805
2009,temporal,Mixteca,Huajuapan de León,Villa de Chilapa de Díaz,268,138,527.52,1013.3607199406313
2009,temporal,Mixteca,Huajuapan de León,Villa de Santiago Chazumba,1194,248,1112.22,2136.563656226056
2009,temporal,Mixteca,Huajuapan de León,Villa de Tamazulápam del Progreso,1148,473.25,2778.74,5337.932148407321
2009,temporal,Mixteca,Huajuapan de León,Yutanduchi de Guerrero,1175,1175,6965.4,13380.464738160588
2009,temporal,Mixteca,Huajuapan de León,Zapotitlán Lagunas,1971,789,2043.51,3925.5625659802085
2009,temporal,Mixteca,Huajuapan de León,Zapotitlán Palmas,445,209,812.6,1560.9965897477955
2009,temporal,Papaloapan,Tuxtepec,Acatlán de Pérez Figueroa,2779,2779,9318.5,17900.746642339196
2009,temporal,Papaloapan,Tuxtepec,Ayotzintepec,2605,2605,38280,73535.50265265272
2009,temporal,Papaloapan,Tuxtepec,Cosolapa,1192,1192,4487.33,8620.116695881092
2009,temporal,Papaloapan,Tuxtepec,Loma Bonita,2275,2275,18544,35622.84120143135
2009,temporal,Papaloapan,Tuxtepec,San Felipe Jalapa de Díaz,6095,6095,27018.98,51903.19423881847
2009,temporal,Papaloapan,Tuxtepec,San Felipe Usila,5720,5670,18788,36091.56279618703
2009,temporal,Papaloapan,Tuxtepec,San José Chiltepec,1454,1444,17430.2,33483.24238078024
2009,temporal,Papaloapan,Tuxtepec,San José Independencia,756,756,2186.18,4199.630229602308
2009,temporal,Papaloapan,Tuxtepec,San Juan Bautista Tuxtepec,4594,4589,39871.6,76592.95056336229
2009,temporal,Papaloapan,Tuxtepec,San Juan Bautista Valle Nacional,4750,4750,31526,60561.13523060423
2009,temporal,Papaloapan,Tuxtepec,San Juan Comaltepec,650,650,2093,4020.632368129628
2009,temporal,Papaloapan,Tuxtepec,San Juan Cotzocón,3412,3347,29248.5,56186.080181194186
2009,temporal,Papaloapan,Tuxtepec,San Juan Lalana,4660,4660,27302.5,52447.833364003425
2009,temporal,Papaloapan,Tuxtepec,San Juan Petlapa,755,755,2340,4495.116933312627
2009,temporal,Papaloapan,Tuxtepec,San Lucas Ojitlán,7085,7015,25324,48647.15436718333
2009,temporal,Papaloapan,Tuxtepec,San Miguel Soyaltepec,4841,4840,26368.75,50654.10881849887
2009,temporal,Papaloapan,Tuxtepec,San Pedro Ixcatlán,1926,1915,6637.9,12751.340466511063
2009,temporal,Papaloapan,Tuxtepec,Santa María Jacatepec,2370,2370,18454,35449.95208861164
2009,temporal,Papaloapan,Tuxtepec,Santiago Choápam,1620,1620,6172.5,11857.311654218885
2009,temporal,Papaloapan,Tuxtepec,Santiago Jocotepec,3468,3468,19365,37199.97410837565
2009,temporal,Papaloapan,Tuxtepec,Santiago Yaveo,2087,2076,19714.1,37870.591767101905
2009,temporal,Sierra Juárez,Sierra Juárez,Abejones,145,145,671.65,1290.2330291706949
2009,temporal,Sierra Juárez,Sierra Juárez,Asunción Cacalotepec,775,775,3550.96,6821.359156203337
2009,temporal,Sierra Juárez,Sierra Juárez,Capulálpam de Méndez,111,111,555.79,1067.6671112674467
2009,temporal,Sierra Juárez,Sierra Juárez,Guelatao de Juárez,85.2,85.2,392.09,753.2010249498069
2009,temporal,Sierra Juárez,Sierra Juárez,Ixtlán de Juárez,1658.5,1658.5,9194.6,17662.73596369072
2009,temporal,Sierra Juárez,Sierra Juárez,Mixistlán de La Reforma,620,620,2965.9,5697.464663466633
2009,temporal,Sierra Juárez,Sierra Juárez,Natividad,24,24,112,215.1508959534249
2009,temporal,Sierra Juárez,Sierra Juárez,Nuevo Zoquiápam,146,146,735.25,1412.4080022299613
2009,temporal,Sierra Juárez,Sierra Juárez,San Andrés Solaga,147.9,147.9,767.49,1474.3407244222685
2009,temporal,Sierra Juárez,Sierra Juárez,San Andrés Yaá,118,118,596.64,1146.1395585861735
2009,temporal,Sierra Juárez,Sierra Juárez,San Baltazar Yatzachi El Bajo,120,120,601.02,1154.5534954100665
2009,temporal,Sierra Juárez,Sierra Juárez,San Bartolomé Zoogocho,22,22,111.44,214.0751414736578
2009,temporal,Sierra Juárez,Sierra Juárez,San Cristóbal Lachirioag,207,207,1023.2,1965.557113745932
2009,temporal,Sierra Juárez,Sierra Juárez,San Francisco Cajonos,117,117,602.64,1157.6654994408213
2009,temporal,Sierra Juárez,Sierra Juárez,San Ildefonso Villa Alta,987.9,987.9,4582.69,8803.302315864292
2009,temporal,Sierra Juárez,Sierra Juárez,San Juan Atepec,145,145,738.1,1417.882824135919
2009,temporal,Sierra Juárez,Sierra Juárez,San Juan Chicomezúchil,86,86,406.37,780.6327641838686
2009,temporal,Sierra Juárez,Sierra Juárez,San Juan Evangelista Analco,74.9,74.9,355.31,682.5470075108161
2009,temporal,Sierra Juárez,Sierra Juárez,San Juan Juquila Mixes,894.8,894.8,4301.08,8262.3322818514
2009,temporal,Sierra Juárez,Sierra Juárez,San Juan Juquila Vijanos,366,366,1659.98,3188.805216649699
2009,temporal,Sierra Juárez,Sierra Juárez,San Juan Quiotepec,278,278,1317.07,2530.078486905155
2009,temporal,Sierra Juárez,Sierra Juárez,San Juan Tabaá,95.9,95.9,500.3,961.0713682633793
2009,temporal,Sierra Juárez,Sierra Juárez,San Juan Yaeé,220.1,220.1,1197.59,2300.558584686269
2009,temporal,Sierra Juárez,Sierra Juárez,San Juan Yatzona,212.9,212.9,1036.17,1990.4723558933956
2009,temporal,Sierra Juárez,Sierra Juárez,San Lucas Camotlán,289.9,289.9,1404.56,2698.1459144673436
2009,temporal,Sierra Juárez,Sierra Juárez,San Mateo Cajonos,129.1,129.1,646.75,1242.4003746239068
2009,temporal,Sierra Juárez,Sierra Juárez,San Melchor Betaza,226.1,226.1,1190.42,2286.785085364965
2009,temporal,Sierra Juárez,Sierra Juárez,San Miguel Aloápam,444,444,2097.29,4028.873415840701
2009,temporal,Sierra Juárez,Sierra Juárez,San Miguel Amatlán,160,160,1562.4,3001.3549985502777
2009,temporal,Sierra Juárez,Sierra Juárez,San Miguel Quetzaltepec,1305,1305,6172.01,11856.370369049091
2009,temporal,Sierra Juárez,Sierra Juárez,San Miguel Yotao,84,84,400.82,769.9712688933193
2009,temporal,Sierra Juárez,Sierra Juárez,San Miguel del Río,43,43,201.46,387.0026740962231
2009,temporal,Sierra Juárez,Sierra Juárez,San Pablo Macuiltianguis,153,153,731.62,1405.4348080128993
2009,temporal,Sierra Juárez,Sierra Juárez,San Pablo Yaganiza,118,118,563.36,1082.2090066457274
2009,temporal,Sierra Juárez,Sierra Juárez,San Pedro Cajonos,89,89,455.96,875.8946653475323
2009,temporal,Sierra Juárez,Sierra Juárez,San Pedro Ocotepec,700.2,700.2,3463.3,6652.965160316933
2009,temporal,Sierra Juárez,Sierra Juárez,San Pedro Y San Pablo Ayutla,879.7,879.7,4230.5,8126.748797597894
2009,temporal,Sierra Juárez,Sierra Juárez,San Pedro Yaneri,228.4,228.4,1106.64,2125.8445312312338
2009,temporal,Sierra Juárez,Sierra Juárez,San Pedro Yólox,293,293,1366.68,2625.3788078716675
2009,temporal,Sierra Juárez,Sierra Juárez,Santa Ana Yareni,102,102,500.41,961.2826771790479
2009,temporal,Sierra Juárez,Sierra Juárez,Santa Catarina Ixtepeji,338.1,338.1,1609.88,3092.5636105133904
2009,temporal,Sierra Juárez,Sierra Juárez,Santa Catarina Lachatao,448,448,2071.6,3979.523179081384
2009,temporal,Sierra Juárez,Sierra Juárez,Santa María Alotepec,1374.7,1374.7,7149.98,13735.041098652402
2009,temporal,Sierra Juárez,Sierra Juárez,Santa María Jaltianguis,102.1,102.1,507.58,975.0561765003519
2009,temporal,Sierra Juárez,Sierra Juárez,Santa María Temaxcalapa,229.1,229.1,1124.02,2159.231339906863
2009,temporal,Sierra Juárez,Sierra Juárez,Santa María Tepantlali,405,405,1923.32,3694.678760760189
2009,temporal,Sierra Juárez,Sierra Juárez,Santa María Tlahuitoltepec,1328.9,1328.9,6685.62,12843.010116108362
2009,temporal,Sierra Juárez,Sierra Juárez,Santa María Yalina,34,34,177.84,341.6288869317597
2009,temporal,Sierra Juárez,Sierra Juárez,Santa María Yavesía,79,79,384.68,738.9664879943169
2009,temporal,Sierra Juárez,Sierra Juárez,Santiago Atitlán,735.4,735.4,3939.68,7568.086444373116
2009,temporal,Sierra Juárez,Sierra Juárez,Santiago Camotlán,1416,1416,7021.69,13488.597273278609
2009,temporal,Sierra Juárez,Sierra Juárez,Santiago Comaltepec,280.9,280.9,1337.24,2568.8248580781956
2009,temporal,Sierra Juárez,Sierra Juárez,Santiago Lalopa,62.1,62.1,296.36,569.3046386139018
2009,temporal,Sierra Juárez,Sierra Juárez,Santiago Laxopa,241,241,1141,2191.849752525516
2009,temporal,Sierra Juárez,Sierra Juárez,Santiago Xiacuí,303.9,303.9,1455.05,2795.1367067592046
2009,temporal,Sierra Juárez,Sierra Juárez,Santiago Zacatepec,1424.1,1424.1,6866.1,13189.71041701617
2009,temporal,Sierra Juárez,Sierra Juárez,Santiago Zoochila,32,32,155.54,298.79080675531884
2009,temporal,Sierra Juárez,Sierra Juárez,Santo Domingo Roayaga,226.8,226.8,1090.75,2095.3199978678413
2009,temporal,Sierra Juárez,Sierra Juárez,Santo Domingo Tepuxtepec,750.2,749.7,3719.74,7145.5838724445775
2009,temporal,Sierra Juárez,Sierra Juárez,Santo Domingo Xagacía,143,143,696.64,1338.238572830303
2009,temporal,Sierra Juárez,Sierra Juárez,Tamazulápam del Espíritu Santo,1102,1102,5776.1,11095.831161755159
2009,temporal,Sierra Juárez,Sierra Juárez,Tanetze de Zaragoza,100.3,100.2,460.25,884.1357130586055
2009,temporal,Sierra Juárez,Sierra Juárez,Teococuilco de Marcos Pérez,246,246,1165.4,2238.721912001084
2009,temporal,Sierra Juárez,Sierra Juárez,Totontepec Villa de Morelos,1410.1,1410.1,6655.06,12784.304657355358
2009,temporal,Sierra Juárez,Sierra Juárez,Villa Hidalgo Yalálag,130.9,130.9,624.66,1199.9657023773786
2009,temporal,Sierra Juárez,Sierra Juárez,Villa Talea de Castro,428.9,428.9,2146.9,4124.173736807214
2009,temporal,Valles Centrales,Valles Centrales,Asunción Ocotlán,680,365,893.44,1716.2894328627497
2009,temporal,Valles Centrales,Valles Centrales,Ayoquezco de Aldama,2258,571,3074.67,5906.410761259973
2009,temporal,Valles Centrales,Valles Centrales,Ciénega de Zimatlán,1005,632,1756.65,3374.507333719499
2009,temporal,Valles Centrales,Valles Centrales,Coatecas Altas,1175,130,403.48,775.0811026722133
2009,temporal,Valles Centrales,Valles Centrales,Cuilápam de Guerrero,2962,1017,4240.97,8146.8615643892545
2009,temporal,Valles Centrales,Valles Centrales,Guadalupe Etla,316,261,661.3,1270.3507811964275
2009,temporal,Valles Centrales,Valles Centrales,Heroica Ciudad de Ejutla de Crespo,5054,1041,2359.76,4533.075698527268
2009,temporal,Valles Centrales,Valles Centrales,Heroico San Martín de los Cansecos,389,38,75.7,145.41895378280594
2009,temporal,Valles Centrales,Valles Centrales,La Compañía,2232,456,945.89,1817.0453658337954
2009,temporal,Valles Centrales,Valles Centrales,La Pe,1647,263,599.86,1152.3251468448345
2009,temporal,Valles Centrales,Valles Centrales,Magdalena Apasco,865,281,793.24,1523.806220590132
2009,temporal,Valles Centrales,Valles Centrales,Magdalena Mixtepec,567,471,1288.29,2474.7923906056944
2009,temporal,Valles Centrales,Valles Centrales,Magdalena Ocotlán,792,296,848.48,1629.921716058589
2009,temporal,Valles Centrales,Valles Centrales,Magdalena Teitipac,800,440,748,1436.9006265460878
2009,temporal,Valles Centrales,Valles Centrales,Miahuatlán de Porfirio Díaz,7599,2694,7625.02,14647.588255917715
2009,temporal,Valles Centrales,Valles Centrales,Monjas,735,152,359.52,690.634376010494
2009,temporal,Valles Centrales,Valles Centrales,Nazareno Etla,324,139,356.29,684.4295778504086
2009,temporal,Valles Centrales,Valles Centrales,Oaxaca de Juárez,304,126,389.64,748.4945991008257
2009,temporal,Valles Centrales,Valles Centrales,Ocotlán de Morelos,2834,953,2396.84,4604.306013008991
2009,temporal,Valles Centrales,Valles Centrales,Reyes Etla,440,119,335.97,645.3950581560016
2009,temporal,Valles Centrales,Valles Centrales,Rojas de Cuauhtémoc,296,75,162.21,311.6038110054023
2009,temporal,Valles Centrales,Valles Centrales,San Agustín Amatengo,510,112,282.42,542.5260360282703
2009,temporal,Valles Centrales,Valles Centrales,San Agustín Etla,122,55,127.05,244.0617975971664
2009,temporal,Valles Centrales,Valles Centrales,San Agustín Yatareni,150,57,171.35,329.1616609073157
2009,temporal,Valles Centrales,Valles Centrales,San Agustín de Las Juntas,167,109,276.52,531.1921941878666
2009,temporal,Valles Centrales,Valles Centrales,San Andrés Huayápam,743,429,1081.83,2078.184765797265
2009,temporal,Valles Centrales,Valles Centrales,San Andrés Ixtlahuaca,558,270,782.04,1502.2911309947895
2009,temporal,Valles Centrales,Valles Centrales,San Andrés Paxtlán,400,120,241.2,463.34282235684003
2009,temporal,Valles Centrales,Valles Centrales,San Andrés Zabache,278,32,95.45,183.3585090960215
2009,temporal,Valles Centrales,Valles Centrales,San Andrés Zautla,1697,730,1796.85,3451.7311374456385
2009,temporal,Valles Centrales,Valles Centrales,San Antonino Castillo Velasco,1136,401,946.88,1818.9471460748123
2009,temporal,Valles Centrales,Valles Centrales,San Antonino El Alto,792,457,1474.46,2832.4231254239903
2009,temporal,Valles Centrales,Valles Centrales,San Antonio Huitepec,2978,683,1992.32,3827.2270805886383
2009,temporal,Valles Centrales,Valles Centrales,San Antonio de La Cal,60,13,41.34,79.4137324885231
2009,temporal,Valles Centrales,Valles Centrales,San Baltazar Chichicápam,2817,1813,4700.59,9029.787053658121
2009,temporal,Valles Centrales,Valles Centrales,San Bartolo Coyotepec,677,389,1106.02,2124.6535173429197
2009,temporal,Valles Centrales,Valles Centrales,San Bartolomé Quialana,508,109,250.33,480.8814623573291
2009,temporal,Valles Centrales,Valles Centrales,San Bernardo Mixtepec,1331,235,1107.52,2127.5350025565817
2009,temporal,Valles Centrales,Valles Centrales,San Cristóbal Amatlán,1555,40,266.4,511.75177394636063
2009,temporal,Valles Centrales,Valles Centrales,San Dionisio Ocotepec,4226,2363,5253.37,10091.67198459682
2009,temporal,Valles Centrales,Valles Centrales,San Dionisio Ocotlán,666,160,419.96,806.7390202196457
2009,temporal,Valles Centrales,Valles Centrales,San Felipe Tejalápam,1196,1038,2522.61,4845.9089432238325
2009,temporal,Valles Centrales,Valles Centrales,San Francisco Cahuacuá,1258,952,2124.54,4081.2203972222264
2009,temporal,Valles Centrales,Valles Centrales,San Francisco Lachigoló,406,86,172.52,331.409219373972
2009,temporal,Valles Centrales,Valles Centrales,San Francisco Logueche,492,108,302.08,580.292702228666
2009,temporal,Valles Centrales,Valles Centrales,San Francisco Ozolotepec,375,199,451.25,866.8468017766338
2009,temporal,Valles Centrales,Valles Centrales,San Francisco Sola,380,330,714.7,1372.9316548027928
2009,temporal,Valles Centrales,Valles Centrales,San Francisco Telixtlahuaca,1128,226,623.36,1197.468415192205
2009,temporal,Valles Centrales,Valles Centrales,San Ildefonso Amatlán,665,277,654.68,1257.633826453466
2009,temporal,Valles Centrales,Valles Centrales,San Ildefonso Sola,265,220,484.74,931.1807616469928
2009,temporal,Valles Centrales,Valles Centrales,San Jacinto Amilpas,105,54,230.62,443.0187466498112
2009,temporal,Valles Centrales,Valles Centrales,San Jacinto Tlacotepec,1109,801,2083.63,4002.6326904949533
2009,temporal,Valles Centrales,Valles Centrales,San Jerónimo Coatlán,1548,635,1626.39,3124.279157765096
2009,temporal,Valles Centrales,Valles Centrales,San Jerónimo Sosola,2455,705,2500.43,4803.301381864484
2009,temporal,Valles Centrales,Valles Centrales,San Jerónimo Taviche,670,394,947.57,1820.272629273097
2009,temporal,Valles Centrales,Valles Centrales,San Jerónimo Tlacochahuaya,656,361,744.88,1430.907137301671
2009,temporal,Valles Centrales,Valles Centrales,San José Lachiguiri,280,40,80.4,154.44760745228004
2009,temporal,Valles Centrales,Valles Centrales,San José del Peñasco,938,186,385.02,739.6196246427469
2009,temporal,Valles Centrales,Valles Centrales,San José del Progreso,2300,898,2099.21,4032.5617169141883
2009,temporal,Valles Centrales,Valles Centrales,San Juan Bautista Atatlahuca,647,407,1103.43,2119.678152873997
2009,temporal,Valles Centrales,Valles Centrales,San Juan Bautista Guelache,506,402,973.27,1869.642075933838
2009,temporal,Valles Centrales,Valles Centrales,San Juan Bautista Jayacatlán,522,407,1030.18,1978.9656249401721
2009,temporal,Valles Centrales,Valles Centrales,San Juan Chilateca,948,353,955.22,1834.9682038627727
2009,temporal,Valles Centrales,Valles Centrales,San Juan Guelavía,200,105,213.57,410.2658647211871
2009,temporal,Valles Centrales,Valles Centrales,San Juan Lachigalla,590,72,223.44,429.2260374270827
2009,temporal,Valles Centrales,Valles Centrales,San Juan Mixtepec,360,48,107.74,206.967477946625
2009,temporal,Valles Centrales,Valles Centrales,San Juan Ozolotepec,530,212,467.14,897.371335140026
2009,temporal,Valles Centrales,Valles Centrales,San Juan Teitipac,507,117,245.02,470.68100470096584
2009,temporal,Valles Centrales,Valles Centrales,San Juan del Estado,635,433,1090.62,2095.070269149324
2009,temporal,Valles Centrales,Valles Centrales,San Juan del Río,670,273,583.46,1120.8209085087974
2009,temporal,Valles Centrales,Valles Centrales,San Lorenzo Albarradas,1233,523,1046.63,2010.5659127833317
2009,temporal,Valles Centrales,Valles Centrales,San Lorenzo Cacaotepec,800,697,1737.54,3337.7972120974455
2009,temporal,Valles Centrales,Valles Centrales,San Lorenzo Texmelúcan,1256,1060,2653.37,5097.097614249456
2009,temporal,Valles Centrales,Valles Centrales,San Lucas Quiaviní,629,109,296.92,570.380393093669
2009,temporal,Valles Centrales,Valles Centrales,San Luis Amatlán,3800,1260,2963.52,5692.892706927623
2009,temporal,Valles Centrales,Valles Centrales,San Marcial Ozolotepec,410,175,353.85,679.7423619028518
2009,temporal,Valles Centrales,Valles Centrales,San Martín Lachilá,757,75,155.78,299.25184438950475
2009,temporal,Valles Centrales,Valles Centrales,San Martín Tilcajete,832,534,1432,2750.857883975933
2009,temporal,Valles Centrales,Valles Centrales,San Mateo Río Hondo,659,309,798.72,1534.3332465707103
2009,temporal,Valles Centrales,Valles Centrales,San Mateo Yucutindoo,2609,2299,5506.33,10577.605651028769
2009,temporal,Valles Centrales,Valles Centrales,San Miguel Coatlán,1300,520,1255.8,2412.3794208777767
2009,temporal,Valles Centrales,Valles Centrales,San Miguel Ejutla,360,55,117.81,226.31184868100883
2009,temporal,Valles Centrales,Valles Centrales,San Miguel Mixtepec,1300,253,1440.64,2767.455238806626
2009,temporal,Valles Centrales,Valles Centrales,San Miguel Peras,1434,264,1328.66,2552.3427626560497
2009,temporal,Valles Centrales,Valles Centrales,San Miguel Suchixtepec,300,300,701.4,1347.3824859083234
2009,temporal,Valles Centrales,Valles Centrales,San Miguel Tilquiápam,440,190,470.37,903.5761333001115
2009,temporal,Valles Centrales,Valles Centrales,San Nicolás,618,134,343.17,659.2261871815789
2009,temporal,Valles Centrales,Valles Centrales,San Pablo Coatlán,1300,455,990.76,1903.2401935251362
2009,temporal,Valles Centrales,Valles Centrales,San Pablo Cuatro Venados,950,565,1376.96,2645.126586535964
2009,temporal,Valles Centrales,Valles Centrales,San Pablo Etla,316,228,581.46,1116.9789282239149
2009,temporal,Valles Centrales,Valles Centrales,San Pablo Huitzo,533,51,193.9,372.4799886193669
2009,temporal,Valles Centrales,Valles Centrales,San Pablo Huixtepec,2197,1763,5250.68,10086.504521113653
2009,temporal,Valles Centrales,Valles Centrales,San Pablo Villa de Mitla,1381,190,327.75,629.6045191851341
2009,temporal,Valles Centrales,Valles Centrales,San Pedro Apóstol,815,243,647.8,1244.41741427347
2009,temporal,Valles Centrales,Valles Centrales,San Pedro Ixtlahuaca,1004,516,1355.04,2603.0184826136506
2009,temporal,Valles Centrales,Valles Centrales,San Pedro Mixtepec,310,105,207.9,399.373850613545
2009,temporal,Valles Centrales,Valles Centrales,San Pedro Mártir,698,370,913.4,1754.6323961058777
2009,temporal,Valles Centrales,Valles Centrales,San Pedro Quiatoni,1943,462,1227.19,2357.4198929025315
2009,temporal,Valles Centrales,Valles Centrales,San Pedro Taviche,630,224,563.4,1082.2858462514248
2009,temporal,Valles Centrales,Valles Centrales,San Pedro Totolápam,830,70,94.08,180.72675260087692
2009,temporal,Valles Centrales,Valles Centrales,San Raymundo Jalpan,388,177,1416.7,2721.466734796581
2009,temporal,Valles Centrales,Valles Centrales,San Sebastián Abasolo,294,159,378.42,726.9410897026345
2009,temporal,Valles Centrales,Valles Centrales,San Sebastián Coatlán,1150,475,1049.75,2016.5594020277483
2009,temporal,Valles Centrales,Valles Centrales,San Sebastián Río Hondo,540,540,1304.1,2505.1632447576912
2009,temporal,Valles Centrales,Valles Centrales,San Sebastián Teitipac,500,105,242.75,466.32035707762407
2009,temporal,Valles Centrales,Valles Centrales,San Sebastián Tutla,106,44,158.87,305.18770392964836
2009,temporal,Valles Centrales,Valles Centrales,San Simón Almolongas,559,116,278.13,534.2849883171971
2009,temporal,Valles Centrales,Valles Centrales,San Vicente Coatlán,1662,165,336.6,646.6052819457395
2009,temporal,Valles Centrales,Valles Centrales,San Vicente Lachixío,1025,525,887.52,1704.917171219497
2009,temporal,Valles Centrales,Valles Centrales,Santa Ana,670,137,299.88,576.0665239152952
2009,temporal,Valles Centrales,Valles Centrales,Santa Ana Tlapacoyan,1430,484,2310.89,4439.1969102661615
2009,temporal,Valles Centrales,Valles Centrales,Santa Ana Zegache,1918,510,1405.09,2699.1640392428376
2009,temporal,Valles Centrales,Valles Centrales,Santa Ana del Valle,496,76,161.85,310.9122545541234
2009,temporal,Valles Centrales,Valles Centrales,Santa Catarina Cuixtla,452,77,201.93,387.9055394631705
2009,temporal,Valles Centrales,Valles Centrales,Santa Catarina Minas,401,193,538.44,1034.3379322960905
2009,temporal,Valles Centrales,Valles Centrales,Santa Catarina Quiané,955,54,484.76,931.2191814498416
2009,temporal,Valles Centrales,Valles Centrales,Santa Cruz Amilpas,60,20,42,80.68158598253434
2009,temporal,Valles Centrales,Valles Centrales,Santa Cruz Mixtepec,1352,290,2220.65,4265.84675981226
2009,temporal,Valles Centrales,Valles Centrales,Santa Cruz Papalutla,448,203,416.56,800.2076537353454
2009,temporal,Valles Centrales,Valles Centrales,Santa Cruz Xitla,735,155,346.42,665.4694051445131
2009,temporal,Valles Centrales,Valles Centrales,Santa Cruz Xoxocotlán,297,146,392.86,754.6801873594867
2009,temporal,Valles Centrales,Valles Centrales,Santa Cruz Zenzontepec,4593,4123,8658.8,16633.469445370672
2009,temporal,Valles Centrales,Valles Centrales,Santa Gertrudis,3378,2956,9276.96,17820.948711822184
2009,temporal,Valles Centrales,Valles Centrales,Santa Inés Yatzeche,339,189,575.27,1105.087999242203
2009,temporal,Valles Centrales,Valles Centrales,Santa Inés del Monte,1295,224,806.3,1548.8943518504152
2009,temporal,Valles Centrales,Valles Centrales,Santa Lucía Miahuatlán,470,97,230.05,441.9237822686197
2009,temporal,Valles Centrales,Valles Centrales,Santa Lucía Ocotlán,1084,278,709.89,1363.6916922176501
2009,temporal,Valles Centrales,Valles Centrales,Santa Lucía del Camino,40,10,21.78,41.839165302371384
2009,temporal,Valles Centrales,Valles Centrales,Santa María Atzompa,494,244,729.82,1401.977025756505
2009,temporal,Valles Centrales,Valles Centrales,Santa María Coyotepec,197,89,267.88,514.5948393571738
2009,temporal,Valles Centrales,Valles Centrales,Santa María Guelacé,128,55,128.98,247.76930857207807
2009,temporal,Valles Centrales,Valles Centrales,Santa María Lachixío,776,376,649.03,1246.780232148673
2009,temporal,Valles Centrales,Valles Centrales,Santa María Ozolotepec,651,247,605.56,1163.2747906567497
2009,temporal,Valles Centrales,Valles Centrales,Santa María Peñoles,2775,2077,5388.84,10351.908519193343
2009,temporal,Valles Centrales,Valles Centrales,Santa María Sola,1143,593,1217.65,2339.0936469436415
2009,temporal,Valles Centrales,Valles Centrales,Santa María Zaniza,467,417,1023.82,1966.7481276342455
2009,temporal,Valles Centrales,Valles Centrales,Santa María Zoquitlán,1000,190,327.75,629.6045191851341
2009,temporal,Valles Centrales,Valles Centrales,Santa María del Tule,444,241,698.76,1342.3110719322785
2009,temporal,Valles Centrales,Valles Centrales,Santiago Amoltepec,1094,603,1341.86,2577.6998325362742
2009,temporal,Valles Centrales,Valles Centrales,Santiago Apóstol,1806,785,1898.54,3647.076625030494
2009,temporal,Valles Centrales,Valles Centrales,Santiago Matatlán,1162,80,190.4,365.75652312082235
2009,temporal,Valles Centrales,Valles Centrales,Santiago Minas,856,356,749.41,1439.60922264693
2009,temporal,Valles Centrales,Valles Centrales,Santiago Suchilquitongo,668,103,307.76,591.2039262377326
2009,temporal,Valles Centrales,Valles Centrales,Santiago Tenango,663,100,534.21,1026.2121439935636
2009,temporal,Valles Centrales,Valles Centrales,Santiago Textitlán,940,620,1544.1,2966.2008789436018
2009,temporal,Valles Centrales,Valles Centrales,Santiago Tlazoyaltepec,1242,1033,2443.52,4693.977832858151
2009,temporal,Valles Centrales,Valles Centrales,Santiago Xanica,519,232,589.12,1131.693712715015
2009,temporal,Valles Centrales,Valles Centrales,Santo Domingo Albarradas,450,50,119.7,229.94252005022287
2009,temporal,Valles Centrales,Valles Centrales,Santo Domingo Ozolotepec,289,289,739.32,1420.2264321096975
2009,temporal,Valles Centrales,Valles Centrales,Santo Domingo Teojomulco,741,541,1098.62,2110.438190288854
2009,temporal,Valles Centrales,Valles Centrales,Santo Domingo Tomaltepec,117,50,179.05,343.9532850041137
2009,temporal,Valles Centrales,Valles Centrales,Santo Tomás Jalieza,2619,1051,2628.33,5048.996021082726
2009,temporal,Valles Centrales,Valles Centrales,Santo Tomás Mazaltepec,1330,768,1775.23,3410.199330566058
2009,temporal,Valles Centrales,Valles Centrales,Santo Tomás Tamazulapan,661,200,401.01,770.3362570203832
2009,temporal,Valles Centrales,Valles Centrales,Sitio de Xitlapehua,662,134,288.96,555.0893115598362
2009,temporal,Valles Centrales,Valles Centrales,Soledad Etla,1250,900,2147.04,4124.442675427155
2009,temporal,Valles Centrales,Valles Centrales,Taniche,583,96,227.74,437.4862950395803
2009,temporal,Valles Centrales,Valles Centrales,Teotitlán del Valle,890,525,1074.15,2063.431561503316
2009,temporal,Valles Centrales,Valles Centrales,Tlacolula de Matamoros,3505,885,1015.35,1950.4773411277677
2009,temporal,Valles Centrales,Valles Centrales,Tlalixtac de Cabrera,848,422,941.75,1809.0924666440885
2009,temporal,Valles Centrales,Valles Centrales,Trinidad Zaachila,970,223,997.29,1915.7842591552778
2009,temporal,Valles Centrales,Valles Centrales,Villa Díaz Ordaz,816,138,364.38,699.9703881027586
2009,temporal,Valles Centrales,Valles Centrales,Villa Sola de Vega,4181,2539,7271.8,13969.056117804601
2009,temporal,Valles Centrales,Valles Centrales,Villa de Etla,76,55,177.73,341.4175780160911
2009,temporal,Valles Centrales,Valles Centrales,Villa de Zaachila,2744,788,4573.16,8784.995279806828
2009,temporal,Valles Centrales,Valles Centrales,Yaxe,1159,458,1327.06,2549.2691784281433
2009,temporal,Valles Centrales,Valles Centrales,Yogana,483,51,120.72,231.901929995513
2009,temporal,Valles Centrales,Valles Centrales,Zimatlán de Álvarez,6921,5455,19098.87,36688.741001767754
2009,temporal,Valles Centrales,Valles Centrales,Ánimas Trujano,520,349,900.89,1730.600809423937
2014,riego,Cañada,Cañada,Concepción Pápalo,82,82,847.02,1343.8352900898276
2014,riego,Cañada,Cañada,Cuyamecalco Villa de Zaragoza,29,29,280.06,444.32777424683843
2014,riego,Cañada,Cañada,Eloxochitlán de Flores Magón,0.08,0.08,25.55,40.536223066509756
2014,riego,Cañada,Cañada,Huautla de Jiménez,0.13,0.13,45.62,72.37817989409687
2014,riego,Cañada,Cañada,Mazatlán Villa de Flores,129.4,129.4,3796.55,6023.3971695952105
2014,riego,Cañada,Cañada,San Antonio Nanahuatípam,108,108,2079.69,3299.5216340191655
2014,riego,Cañada,Cañada,San Juan Bautista Cuicatlán,265,265,9585.74,15208.207236695313
2014,riego,Cañada,Cañada,San Juan Tepeuxila,78.5,78.5,2078.39,3297.459125604822
2014,riego,Cañada,Cañada,San Juan de Los Cués,43.75,41.75,3997.71,6342.546548540772
2014,riego,Cañada,Cañada,San Martín Toxpalan,144,142,4234.09,6717.574040065687
2014,riego,Cañada,Cañada,San Pedro Sochiápam,0.25,0.25,315.29,500.22175227553276
2014,riego,Cañada,Cañada,Santa María Chilchotla,157,157,1639.27,2600.775514138452
2014,riego,Cañada,Cañada,Santa María Tecomavaca,151,151,3811.52,6047.147747258836
2014,riego,Cañada,Cañada,Santa María Texcatitlán,44.2,44.2,1816.08,2881.292523938436
2014,riego,Cañada,Cañada,Santiago Nacaltepec,177,177,1788.3,2837.218305668861
2014,riego,Cañada,Cañada,Santos Reyes Pápalo,22.5,22.5,360.95,572.663393966994
2014,riego,Cañada,Cañada,Teotitlán de Flores Magón,213.5,213.5,10653.56,16902.35164823662
2014,riego,Cañada,Cañada,Valerio Trujano,97,97,1934.83,3069.6947348639947
2014,riego,Costa,Costa,Candelaria Loxicha,12.5,12.5,113.29,179.73967558531862
2014,riego,Costa,Costa,Mártires de Tacubaya,31,31,264.38,419.4507496799941
2014,riego,Costa,Costa,Pinotepa de Don Luis,18,18,315.15,499.9996359847573
2014,riego,Costa,Costa,San Agustín Chayuco,222,222,1803.03,2860.5881125483006
2014,riego,Costa,Costa,San Andrés Huaxpaltepec,190,190,2133.6,3385.052271417034
2014,riego,Costa,Costa,San Antonio Tepetlapa,177,177,1626.46,2580.451873532503
2014,riego,Costa,Costa,San Gabriel Mixtepec,15,15,121,191.97193702730647
2014,riego,Costa,Costa,San Juan Bautista Lo de Soto,61,61,717.3,1138.028681237082
2014,riego,Costa,Costa,San Juan Cacahuatepec,192,192,2066.98,3279.3566479066276
2014,riego,Costa,Costa,San Juan Colorado,153,153,1352,2145.0087509166806
2014,riego,Costa,Costa,San Lorenzo,151,151,1324.62,2101.5691506207495
2014,riego,Costa,Costa,San Miguel Panixtlahuaca,34,34,308.7,489.766421159748
2014,riego,Costa,Costa,San Miguel Tlacamama,62.5,62.5,1841.5,2921.622496163511
2014,riego,Costa,Costa,San Miguel del Puerto,23,23,190.93,302.9190242696167
2014,riego,Costa,Costa,San Pedro Atoyac,316,316,3107.5,4930.1883827467345
2014,riego,Costa,Costa,San Pedro Jicayán,66,66,637.48,1011.3906645964242
2014,riego,Costa,Costa,San Pedro Juchatengo,85.5,85.5,793.56,1259.0185979123085
2014,riego,Costa,Costa,San Pedro Mixtepec,308,308,6023.16,9556.013985333811
2014,riego,Costa,Costa,San Pedro Pochutla,20.5,20.5,189.06,299.9521852428311
2014,riego,Costa,Costa,San Sebastián Ixcapa,77,77,1981,3142.945514471852
2014,riego,Costa,Costa,Santa Catarina Juquila,110,110,1044.63,1657.352434519299
2014,riego,Costa,Costa,Santa Catarina Mechoacán,56,56,584,926.542241520223
2014,riego,Costa,Costa,Santa María Colotepec,323,323,7387.43,11720.489642592023
2014,riego,Costa,Costa,Santa María Cortijo,42,42,466,739.3299392952464
2014,riego,Costa,Costa,Santa María Huatulco,37,37,392.1,622.0842686645196
2014,riego,Costa,Costa,Santa María Huazolotitlán,419,419,8951.83,14202.48053751366
2014,riego,Costa,Costa,Santa María Temaxcaltepec,21,21,204,323.6551665584341
2014,riego,Costa,Costa,Santa María Tonameca,153,153,6465.2,10257.330308007784
2014,riego,Costa,Costa,Santiago Ixtayutla,179,179,1743.36,2765.9189763299587
2014,riego,Costa,Costa,Santiago Jamiltepec,1216,1216,19077.95,30268.02492570332
2014,riego,Costa,Costa,Santiago Llano Grande,197,197,2355.96,3737.836402965727
2014,riego,Costa,Costa,Santiago Pinotepa Nacional,647.5,647.5,10838.05,17195.053323130567
2014,riego,Costa,Costa,Santiago Tapextla,62,62,576.4,914.4845000209872
2014,riego,Costa,Costa,Santiago Tetepec,21,21,247,391.8765987251628
2014,riego,Costa,Costa,Santo Domingo Armenta,200,200,13920,22084.705482810794
2014,riego,Costa,Costa,Santo Domingo de Morelos,15,15,442.65,702.2841150837786
2014,riego,Costa,Costa,Santos Reyes Nopala,231,231,2227.24,3533.616339047091
2014,riego,Costa,Costa,Tataltepec de Valdés,65,65,1624.8,2577.8182089418806
2014,riego,Costa,Costa,Villa de Tututepec,231,231,6846.5,10862.279891383916
2014,riego,Istmo,Istmo,Asunción Ixtaltepec,696,696,5433.21,8620.031801455634
2014,riego,Istmo,Istmo,Asunción Tlacolulita,126,126,4010.2,6362.362494767805
2014,riego,Istmo,Istmo,Ciudad Ixtepec,801,801,4650.48,7378.195485179736
2014,riego,Istmo,Istmo,El Espinal,553,553,4530.1,7187.20720601158
2014,riego,Istmo,Istmo,Heroica Ciudad de Juchitán de Zaragoza,1818,1818,11159.07,17704.36597787855
2014,riego,Istmo,Istmo,Heroica Villa de San Blas Atempa,3140,3140,23440.45,37189.32720075807
2014,riego,Istmo,Istmo,Magdalena Tequisistlán,221,221,5186.94,8229.313380532372
2014,riego,Istmo,Istmo,Magdalena Tlacotepec,378,378,2251.3,3571.788610161778
2014,riego,Istmo,Istmo,Nejapa de Madero,563,563,8033.86,12746.07988434873
2014,riego,Istmo,Istmo,San Carlos Yautepec,45,45,377.91,599.5711960494991
2014,riego,Istmo,Istmo,San Pedro Comitancillo,339,339,2233.51,3543.5639757839613
2014,riego,Istmo,Istmo,San Pedro Huamelula,669,669,4347.49,6897.488235593757
2014,riego,Istmo,Istmo,San Pedro Huilotepec,595,595,3898.73,6185.5103309625665
2014,riego,Istmo,Istmo,San Pedro Mártir Quiechapa,70,70,552.35,876.3280943556424
2014,riego,Istmo,Istmo,Santa Ana Tavela,44,44,304.85,483.6582231634247
2014,riego,Istmo,Istmo,Santa María Jalapa del Marqués,1058,1058,7667.36,12164.611165997427
2014,riego,Istmo,Istmo,Santa María Mixtequilla,563,563,3915.39,6211.942169564839
2014,riego,Istmo,Istmo,Santa María Xadani,100,100,546.38,866.8564210990058
2014,riego,Istmo,Istmo,Santiago Astata,83,83,488.87,775.6142219383415
2014,riego,Istmo,Istmo,Santiago Laollaga,692,692,4097.97,6501.613543634638
2014,riego,Istmo,Istmo,Santo Domingo Chihuitán,636,636,4020.93,6379.386121910805
2014,riego,Istmo,Istmo,Santo Domingo Ingenio,545,545,4533.65,7192.839440527669
2014,riego,Istmo,Istmo,Santo Domingo Tehuantepec,1983.5,1983.5,16326.98,25903.487408314813
2014,riego,Istmo,Istmo,Unión Hidalgo,158.5,158.5,1063.86,1687.8616936022336
2014,riego,Mixteca,Huajuapan de León,Asunción Cuyotepeji,48.79,48.79,1718.99,2727.254876285699
2014,riego,Mixteca,Huajuapan de León,Asunción Nochixtlán,67.4,67.4,694.51,1101.8713221887158
2014,riego,Mixteca,Huajuapan de León,Calihualá,30.1,30.1,885.47,1404.837942806356
2014,riego,Mixteca,Huajuapan de León,Chalcatongo de Hidalgo,182.2,182.2,1725.53,2737.630880154778
2014,riego,Mixteca,Huajuapan de León,Coicoyán de Las Flores,87.5,87.5,1917.16,3041.660485878272
2014,riego,Mixteca,Huajuapan de León,Concepción Buenavista,0.57,0.57,735.82,1167.4114934167987
2014,riego,Mixteca,Huajuapan de León,Constancia del Rosario,97.2,97.2,866.07,1374.0589710846225
2014,riego,Mixteca,Huajuapan de León,"H. V. Tezoatlán de Segura y Luna, C. de la I.de O.",1437.6,1437.6,20958.31,33251.30055800635
2014,riego,Mixteca,Huajuapan de León,Heroica Ciudad de Huajuapan de León,134.45,134.45,3997.74,6342.594144888794
2014,riego,Mixteca,Huajuapan de León,Heroica Ciudad de Tlaxiaco,111.5,111.5,797.22,1264.825352371151
2014,riego,Mixteca,Huajuapan de León,La Reforma,263.5,263.5,2556.89,4056.620876576443
2014,riego,Mixteca,Huajuapan de León,La Trinidad Vista Hermosa,0.65,0.65,627.9,996.1915641276507
2014,riego,Mixteca,Huajuapan de León,Magdalena Jaltepec,9.7,9.7,67.88,107.69467012738481
2014,riego,Mixteca,Huajuapan de León,Magdalena Peñasco,1.6,1.6,444.11,704.6004706875792
2014,riego,Mixteca,Huajuapan de León,Magdalena Yodocono de Porfirio Díaz,78.35,78.35,581.19,922.0840502553741
2014,riego,Mixteca,Huajuapan de León,Magdalena Zahuatlán,52.2,52.2,512.18,812.5965843524448
2014,riego,Mixteca,Huajuapan de León,Mariscala de Juárez,109.2,109.2,1243.64,1973.0907418565243
2014,riego,Mixteca,Huajuapan de León,Mesones Hidalgo,245.39,245.39,3810.93,6046.211685747711
2014,riego,Mixteca,Huajuapan de León,Putla Villa de Guerrero,534.2,534.2,4010.09,6362.187974825053
2014,riego,Mixteca,Huajuapan de León,San Agustín Atenango,182.3,182.3,4422.93,7017.177185423014
2014,riego,Mixteca,Huajuapan de León,San Andrés Cabecera Nueva,78.39,78.39,611.88,970.775114283209
2014,riego,Mixteca,Huajuapan de León,San Andrés Dinicuiti,117.77,117.77,2002.25,3176.6595943216894
2014,riego,Mixteca,Huajuapan de León,San Andrés Lagunas,0.48,0.48,348.73,553.2758148721701
2014,riego,Mixteca,Huajuapan de León,San Andrés Nuxiño,35.55,35.55,394.42,625.7650529116547
2014,riego,Mixteca,Huajuapan de León,San Andrés Sinaxtla,285.3,285.3,2854.4,4528.633859923501
2014,riego,Mixteca,Huajuapan de León,San Antonio Sinicahua,0.13,0.13,36.22,57.464657513463145
2014,riego,Mixteca,Huajuapan de León,San Cristóbal Amoltepec,1.14,1.14,303.94,482.21446727338457
2014,riego,Mixteca,Huajuapan de León,San Cristóbal Suchixtlahuaca,0.89,0.89,907.8,1440.2654911850316
2014,riego,Mixteca,Huajuapan de León,San Esteban Atatlahuca,18.82,18.82,739.82,1173.7576731532388
2014,riego,Mixteca,Huajuapan de León,San Francisco Chindúa,240,240,2169.4,3441.850580058171
2014,riego,Mixteca,Huajuapan de León,San Francisco Jaltepetongo,88.3,88.3,986.22,1564.6823449179356
2014,riego,Mixteca,Huajuapan de León,San Francisco Nuxaño,84,84,560,888.4651631015837
2014,riego,Mixteca,Huajuapan de León,San Francisco Tlapancingo,47.3,47.3,756.71,1200.554417090356
2014,riego,Mixteca,Huajuapan de León,San Jerónimo Silacayoapilla,0.06,0.06,32.9,52.19732833221804
2014,riego,Mixteca,Huajuapan de León,San Jorge Nuchita,166.51,166.51,1437.4,2280.499688289672
2014,riego,Mixteca,Huajuapan de León,San José Ayuquila,13.74,13.74,323.22,512.8030536030249
2014,riego,Mixteca,Huajuapan de León,San Juan Achiutla,30.95,30.95,199.54,316.5791761523036
2014,riego,Mixteca,Huajuapan de León,San Juan Bautista Suchitepec,40.5,40.5,447.92,710.6452068865382
2014,riego,Mixteca,Huajuapan de León,San Juan Bautista Tlachichilco,64.87,64.87,495.22,785.6887822699398
2014,riego,Mixteca,Huajuapan de León,San Juan Cieneguilla,0.1,0.1,54.09,85.81621548600833
2014,riego,Mixteca,Huajuapan de León,San Juan Ihualtepec,0.06,0.06,32.78,52.006942940124844
2014,riego,Mixteca,Huajuapan de León,San Juan Mixtepec,65.24,65.24,1523.98,2417.8627486849136
2014,riego,Mixteca,Huajuapan de León,San Juan Sayultepec,242.2,242.2,3965.78,6291.8881687946405
2014,riego,Mixteca,Huajuapan de León,San Juan Teita,54.1,54.1,368.87,585.228829845145
2014,riego,Mixteca,Huajuapan de León,San Juan Teposcolula,0.1,0.1,78.72,124.89281721313691
2014,riego,Mixteca,Huajuapan de León,San Juan Yucuita,69.6,69.6,601.55,954.3861051138529
2014,riego,Mixteca,Huajuapan de León,San Juan Ñumí,24.48,24.48,233.76,370.87074379754677
2014,riego,Mixteca,Huajuapan de León,San Lorenzo Victoria,94.22,94.22,905.4,1436.4577833431676
2014,riego,Mixteca,Huajuapan de León,San Marcos Arteaga,144.26,144.26,1614.29,2561.143621684385
2014,riego,Mixteca,Huajuapan de León,San Martín Huamelúlpam,36.42,36.42,182.42,289.41752688034086
2014,riego,Mixteca,Huajuapan de León,San Martín Peras,0.3,0.3,180.51,286.38722605619085
2014,riego,Mixteca,Huajuapan de León,San Martín Zacatepec,42.56,42.56,345.9,548.7858927086389
2014,riego,Mixteca,Huajuapan de León,San Mateo Etlatongo,118.45,118.45,1879.55,2981.9905309063956
2014,riego,Mixteca,Huajuapan de León,San Mateo Nejápam,3.59,3.59,71.53,113.48555913688622
2014,riego,Mixteca,Huajuapan de León,San Mateo Peñasco,50.8,50.8,899.57,1427.2082263773066
2014,riego,Mixteca,Huajuapan de León,San Mateo Sindihui,71.5,71.5,663.14,1052.101407605686
2014,riego,Mixteca,Huajuapan de León,San Miguel Achiutla,21.7,21.7,176.7,280.34248985723184
2014,riego,Mixteca,Huajuapan de León,San Miguel Ahuehuetitlán,3.12,3.12,79.72,126.47936214724687
2014,riego,Mixteca,Huajuapan de León,San Miguel Amatitlán,0.11,0.11,43.42,68.88778103905494
2014,riego,Mixteca,Huajuapan de León,San Miguel El Grande,24.82,24.82,561.49,890.8291150534076
2014,riego,Mixteca,Huajuapan de León,San Miguel Huautla,36.59,36.59,306.49,486.260156855365
2014,riego,Mixteca,Huajuapan de León,San Miguel Tecomatlán,109.05,109.05,1013.02,1607.2017491520826
2014,riego,Mixteca,Huajuapan de León,San Miguel Tequixtepec,0.05,0.05,39.19,62.17669596776975
2014,riego,Mixteca,Huajuapan de León,San Miguel Tulancingo,0.55,0.55,506.61,803.7595290694524
2014,riego,Mixteca,Huajuapan de León,San Nicolás Hidalgo,79.03,79.03,1186.59,1882.5783533655501
2014,riego,Mixteca,Huajuapan de León,San Pablo Tijaltepec,13.82,13.82,143.36,227.44708175400544
2014,riego,Mixteca,Huajuapan de León,San Pedro Amuzgos,138.8,138.8,2000.84,3174.422565964594
2014,riego,Mixteca,Huajuapan de León,San Pedro Coxcaltepec Cántaros,4.1,4.1,35.24,55.90984347803538
2014,riego,Mixteca,Huajuapan de León,San Pedro Molinos,21.86,21.86,249.93,396.52517538210503
2014,riego,Mixteca,Huajuapan de León,San Pedro Teozacoalco,44.4,44.4,719.5,1141.5190800921241
2014,riego,Mixteca,Huajuapan de León,San Pedro Tidaá,129,129,722.17,1145.7551550661976
2014,riego,Mixteca,Huajuapan de León,San Pedro Topiltepec,0.05,0.05,37.91,60.145918452108994
2014,riego,Mixteca,Huajuapan de León,San Pedro Y San Pablo Teposcolula,0.18,0.18,174.22,276.4078584206391
2014,riego,Mixteca,Huajuapan de León,San Pedro Y San Pablo Tequixtepec,58.12,58.12,359.09,569.7124203895494
2014,riego,Mixteca,Huajuapan de León,San Pedro Yucunama,0.09,0.09,67.39,106.91726310967094
2014,riego,Mixteca,Huajuapan de León,San Sebastián Nicananduta,0.1,0.1,80.33,127.44715455705396
2014,riego,Mixteca,Huajuapan de León,San Sebastián Tecomaxtlahuaca,90.12,90.12,1461.57,2318.84647934711
2014,riego,Mixteca,Huajuapan de León,Santa Catarina Tayata,0.54,0.54,145.71,231.17546234916387
2014,riego,Mixteca,Huajuapan de León,Santa Catarina Ticuá,1.52,1.52,93.11,147.72319881497938
2014,riego,Mixteca,Huajuapan de León,Santa Catarina Zapoquila,18.2,18.2,126.66,200.9517813543689
2014,riego,Mixteca,Huajuapan de León,Santa Cruz Itundujia,77.27,77.27,396.06,628.366986603595
2014,riego,Mixteca,Huajuapan de León,Santa Cruz Nundaco,3.5,3.5,938.36,1488.7503043714323
2014,riego,Mixteca,Huajuapan de León,Santa Cruz Tacache de Mina,196.24,196.24,1394.71,2212.7700850525175
2014,riego,Mixteca,Huajuapan de León,Santa Cruz Tacahua,0.04,0.04,10.28,16.3096819226505
2014,riego,Mixteca,Huajuapan de León,Santa Cruz Tayata,0.21,0.21,56.2,89.16382529698036
2014,riego,Mixteca,Huajuapan de León,Santa Inés de Zaragoza,15.4,15.4,259.72,412.05745028704166
2014,riego,Mixteca,Huajuapan de León,Santa Lucía Monteverde,0.31,0.31,85.14,135.07843569012292
2014,riego,Mixteca,Huajuapan de León,Santa Magdalena Jicotlán,0.12,0.12,84.2,133.58708345205955
2014,riego,Mixteca,Huajuapan de León,Santa María Apazco,76.1,76.1,412.48,654.4180544216808
2014,riego,Mixteca,Huajuapan de León,Santa María Camotlán,104.25,104.25,4708.03,7469.501146137766
2014,riego,Mixteca,Huajuapan de León,Santa María Chachoápam,127,127,1234.35,1958.3517394186424
2014,riego,Mixteca,Huajuapan de León,Santa María Ipalapa,342.9,342.9,5102.74,8095.726297080312
2014,riego,Mixteca,Huajuapan de León,Santa María Nativitas,2.85,2.85,2441.52,3873.581187528176
2014,riego,Mixteca,Huajuapan de León,Santa María Nduayaco,0.05,0.05,33.52,53.18098619136623
2014,riego,Mixteca,Huajuapan de León,Santa María Yolotepec,1.06,1.06,295.81,469.3158569590705
2014,riego,Mixteca,Huajuapan de León,Santa María Yosoyúa,15.2,15.2,97.78,155.13236365727295
2014,riego,Mixteca,Huajuapan de León,Santa María Yucuhiti,122.02,122.02,627.15,995.0016554270682
2014,riego,Mixteca,Huajuapan de León,Santa María Zacatepec,596.5,596.5,8211.66,13028.167573633484
2014,riego,Mixteca,Huajuapan de León,Santiago Apoala,83.2,83.2,720.34,1142.8517778367764
2014,riego,Mixteca,Huajuapan de León,Santiago Ayuquililla,0.12,0.12,44.45,70.52192232118821
2014,riego,Mixteca,Huajuapan de León,Santiago Huajolotitlán,174.7,174.7,10381.05,16470.00228824231
2014,riego,Mixteca,Huajuapan de León,Santiago Huauclilla,44.1,44.1,433.57,687.8782870820601
2014,riego,Mixteca,Huajuapan de León,Santiago Juxtlahuaca,206.3,206.3,2821.35,4476.198549851166
2014,riego,Mixteca,Huajuapan de León,Santiago Miltepec,28.15,28.15,898.88,1426.1135103727706
2014,riego,Mixteca,Huajuapan de León,Santiago Nundiche,2.5,2.5,725.28,1150.6893098112796
2014,riego,Mixteca,Huajuapan de León,Santiago Nuyoó,17.65,17.65,137.93,218.8321427617883
2014,riego,Mixteca,Huajuapan de León,Santiago Tamazola,34.24,34.24,719.76,1141.9315817749925
2014,riego,Mixteca,Huajuapan de León,Santiago Tillo,142.7,142.7,1590.71,2523.7328921380717
2014,riego,Mixteca,Huajuapan de León,Santiago Yolomécatl,0.05,0.05,36.51,57.92475554435504
2014,riego,Mixteca,Huajuapan de León,Santiago Yosondúa,102.5,102.5,1913.46,3035.790269622065
2014,riego,Mixteca,Huajuapan de León,Santiago Yucuyachi,0.1,0.1,50.1,79.48590119890954
2014,riego,Mixteca,Huajuapan de León,Santiago del Río,115,115,4060.77,6442.594072085746
2014,riego,Mixteca,Huajuapan de León,Santo Domingo Ixcatlán,2.74,2.74,727.07,1153.5292252433367
2014,riego,Mixteca,Huajuapan de León,Santo Domingo Tonaltepec,0.15,0.15,112.84,179.02573036496912
2014,riego,Mixteca,Huajuapan de León,Santo Domingo Tonalá,682.07,682.07,16873.36,26770.343829413818
2014,riego,Mixteca,Huajuapan de León,Santo Domingo Yanhuitlán,5,5,29.58,46.92999915097294
2014,riego,Mixteca,Huajuapan de León,Santo Domingo Yodohino,113,113,1352.39,2145.6275034409837
2014,riego,Mixteca,Huajuapan de León,Santo Tomás Ocotepec,0.76,0.76,194.81,309.07481861396343
2014,riego,Mixteca,Huajuapan de León,Santos Reyes Tepejillo,6.66,6.66,136.75,216.96001973953852
2014,riego,Mixteca,Huajuapan de León,Silacayoápam,98.95,98.95,1770.45,2808.898478594998
2014,riego,Mixteca,Huajuapan de León,Teotongo,6.25,6.25,262.94,417.16612497487574
2014,riego,Mixteca,Huajuapan de León,Tlacotepec Plumas,0.23,0.23,160.24,254.22796024178174
2014,riego,Mixteca,Huajuapan de León,Villa Tejúpam de La Unión,0.5,0.5,510.1,809.2965708894961
2014,riego,Mixteca,Huajuapan de León,Villa de Chilapa de Díaz,8.1,8.1,104.73,166.15885094933725
2014,riego,Mixteca,Huajuapan de León,Villa de Santiago Chazumba,41.2,41.2,308.66,489.70295936238364
2014,riego,Mixteca,Huajuapan de León,Villa de Tamazulápam del Progreso,7.75,7.75,298.06,472.8855830608179
2014,riego,Mixteca,Huajuapan de León,Yutanduchi de Guerrero,4.3,4.3,34.55,54.81512747349949
2014,riego,Mixteca,Huajuapan de León,Zapotitlán Lagunas,7.94,7.94,307.45,487.7832399921105
2014,riego,Mixteca,Huajuapan de León,Zapotitlán Palmas,0.04,0.04,10.59,16.80151085222459
2014,riego,Sierra Juárez,Sierra Juárez,Capulálpam de Méndez,135.5,135.5,1268.89,2013.151001442801
2014,riego,Sierra Juárez,Sierra Juárez,Guelatao de Juárez,23.5,23.5,238.02,377.6294252168553
2014,riego,Sierra Juárez,Sierra Juárez,Ixtlán de Juárez,209,209,1747.81,2772.979101286748
2014,riego,Sierra Juárez,Sierra Juárez,Nuevo Zoquiápam,121,121,1138.82,1806.789101863117
2014,riego,Sierra Juárez,Sierra Juárez,San Andrés Solaga,61,61,555.04,880.5959002283981
2014,riego,Sierra Juárez,Sierra Juárez,San Cristóbal Lachirioag,35.5,35.5,306.22,485.83178972315534
2014,riego,Sierra Juárez,Sierra Juárez,San Ildefonso Villa Alta,26,26,217.19,344.5816942393446
2014,riego,Sierra Juárez,Sierra Juárez,San Juan Atepec,102.5,102.5,853.59,1354.2588903069302
2014,riego,Sierra Juárez,Sierra Juárez,San Juan Chicomezúchil,106,106,939.68,1490.8445436844574
2014,riego,Sierra Juárez,Sierra Juárez,San Juan Juquila Mixes,20,20,514.02,815.5158270312072
2014,riego,Sierra Juárez,Sierra Juárez,San Juan Juquila Vijanos,8.5,8.5,64.29,101.99897381393004
2014,riego,Sierra Juárez,Sierra Juárez,San Juan Tabaá,78.75,78.75,737.08,1169.4105400337774
2014,riego,Sierra Juárez,Sierra Juárez,San Juan Yatzona,37,37,367.76,583.4677649682828
2014,riego,Sierra Juárez,Sierra Juárez,San Melchor Betaza,17.5,17.5,154.69,245.4226358574714
2014,riego,Sierra Juárez,Sierra Juárez,San Miguel Quetzaltepec,25,25,658,1043.946566644361
2014,riego,Sierra Juárez,Sierra Juárez,San Pablo Yaganiza,15.5,15.5,140.25,222.5129270089234
2014,riego,Sierra Juárez,Sierra Juárez,Santa Catarina Ixtepeji,195.75,195.75,3500.55,5553.779869098659
2014,riego,Sierra Juárez,Sierra Juárez,Santa Catarina Lachatao,46,46,390.05,618.8318515495941
2014,riego,Sierra Juárez,Sierra Juárez,Santa María Alotepec,20,20,499.7,792.7965035747525
2014,riego,Sierra Juárez,Sierra Juárez,Santa María Temaxcalapa,23.25,23.25,208.3,330.47730977510696
2014,riego,Sierra Juárez,Sierra Juárez,Santiago Atitlán,28,28,719.63,1141.7253309335583
2014,riego,Sierra Juárez,Sierra Juárez,Santiago Camotlán,37.5,37.5,344.74,546.9455005850714
2014,riego,Sierra Juárez,Sierra Juárez,Santiago Xiacuí,40,40,344.02,545.8031882325122
2014,riego,Sierra Juárez,Sierra Juárez,Santiago Zoochila,23,23,204.43,324.33738088010136
2014,riego,Sierra Juárez,Sierra Juárez,Santo Domingo Xagacía,27.5,27.5,239.08,379.3111628470119
2014,riego,Sierra Juárez,Sierra Juárez,Villa Talea de Castro,26.5,26.5,223.04,353.8629821038879
2014,riego,Valles Centrales,Valles Centrales,Asunción Ocotlán,34.65,34.65,4218.63,6693.046055384347
2014,riego,Valles Centrales,Valles Centrales,Ayoquezco de Aldama,132.05,132.05,7139.11,11326.518804553834
2014,riego,Valles Centrales,Valles Centrales,Ciénega de Zimatlán,235,235,15717.51,24936.535867322807
2014,riego,Valles Centrales,Valles Centrales,Coatecas Altas,123,123,3380.39,5363.140629816005
2014,riego,Valles Centrales,Valles Centrales,Cuilápam de Guerrero,120.55,120.55,8530.07,13533.33934610344
2014,riego,Valles Centrales,Valles Centrales,Guadalupe Etla,75,75,911.5,1446.1357074412385
2014,riego,Valles Centrales,Valles Centrales,Heroica Ciudad de Ejutla de Crespo,397.37,397.37,61055.53,96867.34182089935
2014,riego,Valles Centrales,Valles Centrales,Heroico San Martín de los Cansecos,3.75,3.75,293.64,465.8730544520518
2014,riego,Valles Centrales,Valles Centrales,La Compañía,87.7,87.7,4742.07,7523.507135694869
2014,riego,Valles Centrales,Valles Centrales,La Pe,17.13,17.13,1170.89,1857.669597900024
2014,riego,Valles Centrales,Valles Centrales,Magdalena Apasco,25.55,25.55,2636.33,4182.65600614214
2014,riego,Valles Centrales,Valles Centrales,Magdalena Mixtepec,27.75,27.75,284.88,451.9749208292485
2014,riego,Valles Centrales,Valles Centrales,Magdalena Ocotlán,16.25,16.25,207.86,329.77923000409857
2014,riego,Valles Centrales,Valles Centrales,Magdalena Teitipac,2.1,2.1,2507.03,3977.5157461617205
2014,riego,Valles Centrales,Valles Centrales,Miahuatlán de Porfirio Díaz,489.5,489.5,24156.14,38324.80154465123
2014,riego,Valles Centrales,Valles Centrales,Monjas,69.3,69.3,2670.9,4237.502864514321
2014,riego,Valles Centrales,Valles Centrales,Nazareno Etla,49.2,49.2,930.9,1476.9146791629719
2014,riego,Valles Centrales,Valles Centrales,Oaxaca de Juárez,12.4,12.4,808.98,1283.4831207962843
2014,riego,Valles Centrales,Valles Centrales,Ocotlán de Morelos,212.75,212.75,14934.65,23694.493300205475
2014,riego,Valles Centrales,Valles Centrales,Reyes Etla,117.94,117.94,1588.45,2520.1473005869834
2014,riego,Valles Centrales,Valles Centrales,Rojas de Cuauhtémoc,46.17,46.17,2024.28,3211.611179220132
2014,riego,Valles Centrales,Valles Centrales,San Agustín Amatengo,197.6,197.6,4395.29,6973.325083444214
2014,riego,Valles Centrales,Valles Centrales,San Agustín Etla,3.15,3.15,1120.96,1778.453409339913
2014,riego,Valles Centrales,Valles Centrales,San Agustín de Las Juntas,19,19,202.08,320.6090002849429
2014,riego,Valles Centrales,Valles Centrales,San Andrés Huayápam,13.1,13.1,4545.73,7212.004903331717
2014,riego,Valles Centrales,Valles Centrales,San Andrés Ixtlahuaca,38.25,38.25,6639.19,10533.373261093577
2014,riego,Valles Centrales,Valles Centrales,San Andrés Paxtlán,0.7,0.7,1081.91,1716.4988296629188
2014,riego,Valles Centrales,Valles Centrales,San Andrés Zabache,63.2,63.2,2287.94,3629.919616547567
2014,riego,Valles Centrales,Valles Centrales,San Andrés Zautla,39.45,39.45,2272.66,3605.6772099543664
2014,riego,Valles Centrales,Valles Centrales,San Antonino Castillo Velasco,113.4,113.4,9320.16,14786.852633094386
2014,riego,Valles Centrales,Valles Centrales,San Antonino El Alto,73.97,73.97,967.26,1534.6014529672104
2014,riego,Valles Centrales,Valles Centrales,San Antonio Huitepec,75.17,75.17,1649.41,2616.863079770327
2014,riego,Valles Centrales,Valles Centrales,San Antonio de La Cal,24.5,24.5,299.27,474.805302431091
2014,riego,Valles Centrales,Valles Centrales,San Baltazar Chichicápam,255.15,255.15,12724.48,20187.95928318364
2014,riego,Valles Centrales,Valles Centrales,San Bartolo Coyotepec,106.87,106.87,3050.36,4839.533205211691
2014,riego,Valles Centrales,Valles Centrales,San Bartolomé Quialana,0.35,0.35,406.64,645.1526320064785
2014,riego,Valles Centrales,Valles Centrales,San Bernardo Mixtepec,392.04,392.04,8194.06,13000.244382793147
2014,riego,Valles Centrales,Valles Centrales,San Cristóbal Amatlán,58.9,58.9,978.42,1552.3072944318776
2014,riego,Valles Centrales,Valles Centrales,San Dionisio Ocotepec,56.7,56.7,12921.47,20500.492769753964
2014,riego,Valles Centrales,Valles Centrales,San Dionisio Ocotlán,36.03,36.03,3845.27,6100.693638785047
2014,riego,Valles Centrales,Valles Centrales,San Felipe Tejalápam,61.95,61.95,766.75,1216.4833282288203
2014,riego,Valles Centrales,Valles Centrales,San Francisco Cahuacuá,89,89,1066.62,1692.2405576203769
2014,riego,Valles Centrales,Valles Centrales,San Francisco Lachigoló,39.5,39.5,2536.98,4025.032766938314
2014,riego,Valles Centrales,Valles Centrales,San Francisco Sola,48.67,48.67,699.11,1109.1694288856218
2014,riego,Valles Centrales,Valles Centrales,San Francisco Telixtlahuaca,14.9,14.9,1617.83,2566.759990751134
2014,riego,Valles Centrales,Valles Centrales,San Ildefonso Amatlán,80.8,80.8,2615.65,4149.846256904745
2014,riego,Valles Centrales,Valles Centrales,San Ildefonso Sola,44.06,44.06,499.27,792.1142892530852
2014,riego,Valles Centrales,Valles Centrales,San Jacinto Amilpas,4.75,4.75,51.09,81.05658068367842
2014,riego,Valles Centrales,Valles Centrales,San Jacinto Tlacotepec,29.75,29.75,2847.75,4518.083336111669
2014,riego,Valles Centrales,Valles Centrales,San Jerónimo Coatlán,12.45,12.45,319.94,507.5991862191441
2014,riego,Valles Centrales,Valles Centrales,San Jerónimo Tlacochahuaya,104.65,104.65,6432.08,10204.78393979006
2014,riego,Valles Centrales,Valles Centrales,San José Lachiguiri,0.1,0.1,157.16,249.341401844723
2014,riego,Valles Centrales,Valles Centrales,San José del Peñasco,150.78,150.78,3152.87,5002.169926407304
2014,riego,Valles Centrales,Valles Centrales,San José del Progreso,86.17,86.17,1065.1,1689.8290093205298
2014,riego,Valles Centrales,Valles Centrales,San Juan Bautista Atatlahuca,125.5,125.5,1266.88,2009.96204612524
2014,riego,Valles Centrales,Valles Centrales,San Juan Bautista Guelache,30.27,30.27,333.41,528.9699464816055
2014,riego,Valles Centrales,Valles Centrales,San Juan Bautista Jayacatlán,60.75,60.75,602.96,956.6231334709481
2014,riego,Valles Centrales,Valles Centrales,San Juan Chilateca,9.8,9.8,203.35,322.62391235126256
2014,riego,Valles Centrales,Valles Centrales,San Juan Guelavía,39.3,39.3,740.14,1174.2653675321537
2014,riego,Valles Centrales,Valles Centrales,San Juan Lachigalla,2,2,2089.14,3314.5144836465042
2014,riego,Valles Centrales,Valles Centrales,San Juan Mixtepec,0.15,0.15,155.62,246.89812264619368
2014,riego,Valles Centrales,Valles Centrales,San Juan Teitipac,12.48,12.48,425,674.2815969967377
2014,riego,Valles Centrales,Valles Centrales,San Juan del Estado,42.7,42.7,3210.72,5093.951550845565
2014,riego,Valles Centrales,Valles Centrales,San Juan del Río,29,29,280.54,445.08931581521125
2014,riego,Valles Centrales,Valles Centrales,San Lorenzo Albarradas,76.75,76.75,5483.34,8699.565299002568
2014,riego,Valles Centrales,Valles Centrales,San Lorenzo Cacaotepec,129.85,129.85,12607.1,20001.730638817815
2014,riego,Valles Centrales,Valles Centrales,San Lorenzo Texmelúcan,118.81,118.81,1565.48,2483.704363450477
2014,riego,Valles Centrales,Valles Centrales,San Lucas Quiaviní,14.5,14.5,149.68,237.47404573758044
2014,riego,Valles Centrales,Valles Centrales,San Luis Amatlán,129.43,129.43,3109.63,4933.567723456389
2014,riego,Valles Centrales,Valles Centrales,San Martín Lachilá,16.7,16.7,531.52,843.2803633781317
2014,riego,Valles Centrales,Valles Centrales,San Martín Tilcajete,0.6,0.6,1159.06,1838.9007713295027
2014,riego,Valles Centrales,Valles Centrales,San Mateo Río Hondo,0.64,0.64,1326.92,2105.2182039692025
2014,riego,Valles Centrales,Valles Centrales,San Mateo Yucutindoo,235.5,235.5,5641.64,8950.715362072177
2014,riego,Valles Centrales,Valles Centrales,San Miguel Coatlán,46.29,46.29,1039.08,1648.5471101349885
2014,riego,Valles Centrales,Valles Centrales,San Miguel Ejutla,80.5,80.5,5756.41,9132.803124159977
2014,riego,Valles Centrales,Valles Centrales,San Miguel Mixtepec,448.32,448.32,4765.07,7559.997669179398
2014,riego,Valles Centrales,Valles Centrales,San Miguel Peras,91.17,91.17,1839.43,2918.338348149904
2014,riego,Valles Centrales,Valles Centrales,San Miguel Suchixtepec,0.3,0.3,653.97,1037.5527905598976
2014,riego,Valles Centrales,Valles Centrales,San Miguel Tilquiápam,22.4,22.4,221.64,351.64181919613395
2014,riego,Valles Centrales,Valles Centrales,San Nicolás,54.32,54.32,849.61,1347.9444414691725
2014,riego,Valles Centrales,Valles Centrales,San Pablo Coatlán,183,183,6630.4,10519.42753112275
2014,riego,Valles Centrales,Valles Centrales,San Pablo Etla,11.02,11.02,3037.68,4819.415815447176
2014,riego,Valles Centrales,Valles Centrales,San Pablo Huitzo,184.7,184.7,12162.48,19296.32103021384
2014,riego,Valles Centrales,Valles Centrales,San Pablo Huixtepec,537.25,537.25,34742.68,55120.8229514038
2014,riego,Valles Centrales,Valles Centrales,San Pablo Villa de Mitla,9.5,9.5,1747.9,2773.121890330818
2014,riego,Valles Centrales,Valles Centrales,San Pedro Apóstol,51.4,51.4,6037.99,9579.542446706662
2014,riego,Valles Centrales,Valles Centrales,San Pedro Ixtlahuaca,35.89,35.89,2764.52,4386.035201245697
2014,riego,Valles Centrales,Valles Centrales,San Pedro Mixtepec,0.1,0.1,105.97,168.1261666676336
2014,riego,Valles Centrales,Valles Centrales,San Pedro Mártir,33.78,33.78,2087.86,3312.483706130844
2014,riego,Valles Centrales,Valles Centrales,San Pedro Quiatoni,18.4,18.4,4007.99,6358.8562304634215
2014,riego,Valles Centrales,Valles Centrales,San Pedro Taviche,11.9,11.9,136.84,217.10280878360842
2014,riego,Valles Centrales,Valles Centrales,San Pedro Totolápam,143.5,143.5,2423.35,3844.7536660753976
2014,riego,Valles Centrales,Valles Centrales,San Raymundo Jalpan,7.31,7.31,134.58,213.5172172325199
2014,riego,Valles Centrales,Valles Centrales,San Sebastián Abasolo,116,116,8109.94,12866.784222935818
2014,riego,Valles Centrales,Valles Centrales,San Sebastián Coatlán,0.2,0.2,212.31,336.83935496088793
2014,riego,Valles Centrales,Valles Centrales,San Sebastián Río Hondo,0.35,0.35,446.87,708.9793347057227
2014,riego,Valles Centrales,Valles Centrales,San Sebastián Teitipac,21.22,21.22,1070.42,1698.2694283699952
2014,riego,Valles Centrales,Valles Centrales,San Sebastián Tutla,0.11,0.11,115.96,183.97575055939222
2014,riego,Valles Centrales,Valles Centrales,San Simón Almolongas,11.21,11.21,1688.68,2679.166699332826
2014,riego,Valles Centrales,Valles Centrales,San Vicente Coatlán,26.7,26.7,614.55,975.0111892572826
2014,riego,Valles Centrales,Valles Centrales,San Vicente Lachixío,0.46,0.46,542.44,860.6054340586127
2014,riego,Valles Centrales,Valles Centrales,Santa Ana,70.5,70.5,5196.86,8245.051906278743
2014,riego,Valles Centrales,Valles Centrales,Santa Ana Tlapacoyan,126,126,1371.85,2176.5016678587635
2014,riego,Valles Centrales,Valles Centrales,Santa Ana Zegache,57.48,55.98,1506.86,2390.7010994129505
2014,riego,Valles Centrales,Valles Centrales,Santa Ana del Valle,2.35,2.35,399.39,633.6501812341812
2014,riego,Valles Centrales,Valles Centrales,Santa Catarina Cuixtla,0.4,0.4,594.35,942.9629815882612
2014,riego,Valles Centrales,Valles Centrales,Santa Catarina Minas,15.52,15.52,5072.04,8047.019367603137
2014,riego,Valles Centrales,Valles Centrales,Santa Catarina Quiané,112.07,112.07,1284.45,2037.837640617552
2014,riego,Valles Centrales,Valles Centrales,Santa Cruz Mixtepec,246.45,246.45,4327.42,6865.64627876617
2014,riego,Valles Centrales,Valles Centrales,Santa Cruz Papalutla,26.35,26.35,2532.1,4017.290427659857
2014,riego,Valles Centrales,Valles Centrales,Santa Cruz Xitla,30.3,30.3,2493.1,3955.4151752295684
2014,riego,Valles Centrales,Valles Centrales,Santa Cruz Xoxocotlán,60.95,60.95,3704.29,5877.022533974224
2014,riego,Valles Centrales,Valles Centrales,Santa Cruz Zenzontepec,90.95,90.95,2275.87,3610.7700191928593
2014,riego,Valles Centrales,Valles Centrales,Santa Gertrudis,141.02,141.02,7513.37,11920.299111593831
2014,riego,Valles Centrales,Valles Centrales,Santa Inés Yatzeche,31.75,31.75,355.34,563.7628768866371
2014,riego,Valles Centrales,Valles Centrales,Santa Inés del Monte,34.75,34.75,804.53,1276.422995839495
2014,riego,Valles Centrales,Valles Centrales,Santa Lucía Miahuatlán,0.34,0.34,467.3,741.3924477095894
2014,riego,Valles Centrales,Valles Centrales,Santa Lucía Ocotlán,28.25,28.25,2187.85,3471.1223340925
2014,riego,Valles Centrales,Valles Centrales,Santa María Atzompa,80.7,80.7,16226.48,25744.03964243676
2014,riego,Valles Centrales,Valles Centrales,Santa María Coyotepec,10.65,10.65,297.15,471.4418271707778
2014,riego,Valles Centrales,Valles Centrales,Santa María Guelacé,37.62,37.62,1804.02,2862.15879203307
2014,riego,Valles Centrales,Valles Centrales,Santa María Lachixío,0.55,0.55,575.95,913.7705548006378
2014,riego,Valles Centrales,Valles Centrales,Santa María Ozolotepec,0.3,0.3,588.21,933.221595692826
2014,riego,Valles Centrales,Valles Centrales,Santa María Peñoles,45.8,45.8,796.62,1263.873425410685
2014,riego,Valles Centrales,Valles Centrales,Santa María Sola,120.7,120.7,2886.22,4579.11771972688
2014,riego,Valles Centrales,Valles Centrales,Santa María Zaniza,74,74,693.14,1099.6977556289853
2014,riego,Valles Centrales,Valles Centrales,Santa María Zoquitlán,625.17,625.17,12235.97,19412.916217421578
2014,riego,Valles Centrales,Valles Centrales,Santa María del Tule,113.3,113.3,2039.33,3235.488680478487
2014,riego,Valles Centrales,Valles Centrales,Santiago Apóstol,39.45,39.45,2024.61,3212.134739048388
2014,riego,Valles Centrales,Valles Centrales,Santiago Matatlán,32.5,32.5,40777.11,64694.717298145035
2014,riego,Valles Centrales,Valles Centrales,Santiago Minas,106,106,1676.8,2660.318545515599
2014,riego,Valles Centrales,Valles Centrales,Santiago Suchilquitongo,125.37,125.37,3681.41,5840.722385881788
2014,riego,Valles Centrales,Valles Centrales,Santiago Tenango,6.24,6.24,503.56,798.9205670204169
2014,riego,Valles Centrales,Valles Centrales,Santiago Textitlán,134.75,134.75,6777.12,10752.205403855365
2014,riego,Valles Centrales,Valles Centrales,Santiago Tlazoyaltepec,18.15,18.15,517.8,821.5129668821429
2014,riego,Valles Centrales,Valles Centrales,Santiago Xanica,0.23,0.23,245.45,389.41745407729235
2014,riego,Valles Centrales,Valles Centrales,Santo Domingo Albarradas,8.3,8.3,439.5,697.2864985413322
2014,riego,Valles Centrales,Valles Centrales,Santo Domingo Ozolotepec,0.1,0.1,200.05,317.3883140686997
2014,riego,Valles Centrales,Valles Centrales,Santo Domingo Teojomulco,124.51,124.51,3986.24,6324.34887814653
2014,riego,Valles Centrales,Valles Centrales,Santo Domingo Tomaltepec,153.2,153.2,1850.98,2936.662942138874
2014,riego,Valles Centrales,Valles Centrales,Santo Tomás Jalieza,57.19,57.19,4456.92,7071.103847733411
2014,riego,Valles Centrales,Valles Centrales,Santo Tomás Mazaltepec,55.91,55.91,635.37,1008.0430547854522
2014,riego,Valles Centrales,Valles Centrales,Santo Tomás Tamazulapan,39.3,39.3,970.64,1539.9639748445022
2014,riego,Valles Centrales,Valles Centrales,Sitio de Xitlapehua,10.18,10.18,271.28,430.39790972535286
2014,riego,Valles Centrales,Valles Centrales,Soledad Etla,63.67,63.67,1062.85,1686.2592832187825
2014,riego,Valles Centrales,Valles Centrales,Taniche,145.1,145.1,1580.98,2508.295809929182
2014,riego,Valles Centrales,Valles Centrales,Teotitlán del Valle,36.76,36.76,1262.58,2003.139902908567
2014,riego,Valles Centrales,Valles Centrales,Tlacolula de Matamoros,355.4,355.4,8848.42,14038.415925877349
2014,riego,Valles Centrales,Valles Centrales,Tlalixtac de Cabrera,146.5,146.5,2348.66,3726.254624946724
2014,riego,Valles Centrales,Valles Centrales,Trinidad Zaachila,89.8,89.8,6114.02,9700.167458047044
2014,riego,Valles Centrales,Valles Centrales,Villa Díaz Ordaz,23.77,23.77,597.52,947.9923290293898
2014,riego,Valles Centrales,Valles Centrales,Villa Sola de Vega,472.95,472.95,12768.28,20257.44995129766
2014,riego,Valles Centrales,Valles Centrales,Villa de Etla,25.95,25.95,2681.76,4254.732742498756
2014,riego,Valles Centrales,Valles Centrales,Villa de Zaachila,244.85,244.85,5320.99,8441.989728949813
2014,riego,Valles Centrales,Valles Centrales,Yaxe,322.4,322.4,9375.14,14874.080873571751
2014,riego,Valles Centrales,Valles Centrales,Yogana,56.6,56.6,1846.3,2929.237911847239
2014,riego,Valles Centrales,Valles Centrales,Zimatlán de Álvarez,657.45,657.45,20422.12,32400.611029785916
2014,riego,Valles Centrales,Valles Centrales,Ánimas Trujano,53,53,3026.19,4801.186414154253
2014,temporal,Cañada,Cañada,Chiquihuitlán de Benito Juárez,242,242,890.58,1412.945187419658
2014,temporal,Cañada,Cañada,Concepción Pápalo,1192,1110,3965.28,6291.094896327586
2014,temporal,Cañada,Cañada,Cuyamecalco Villa de Zaragoza,228,215,663.38,1052.4821783898724
2014,temporal,Cañada,Cañada,Eloxochitlán de Flores Magón,569,569,2206.31,3500.4099535761698
2014,temporal,Cañada,Cañada,Huautepec,1855,1855,6892.45,10935.181631106268
2014,temporal,Cañada,Cañada,Huautla de Jiménez,2359,2359,10154.94,16111.268613190708
2014,temporal,Cañada,Cañada,Mazatlán Villa de Flores,2057,2057,8472.77,13442.430321378939
2014,temporal,Cañada,Cañada,San Andrés Teotilálpam,1476.5,1476.5,5721.93,9078.099054831866
2014,temporal,Cañada,Cañada,San Bartolomé Ayautla,1109,1109,4483.23,7112.845844949844
2014,temporal,Cañada,Cañada,San Francisco Chapulapa,492,492,1869.74,2966.426525102777
2014,temporal,Cañada,Cañada,San Francisco Huehuetlán,472,472,1976.19,3135.3142333387837
2014,temporal,Cañada,Cañada,San Jerónimo Tecóatl,259,219,848.36,1345.9612603015348
2014,temporal,Cañada,Cañada,San José Tenango,5481,5481,23590.42,37427.26134452654
2014,temporal,Cañada,Cañada,San Juan Bautista Cuicatlán,873,814,1991.58,3159.7311598747356
2014,temporal,Cañada,Cañada,San Juan Bautista Tlacoatzintepec,831,831,3210.43,5093.491452814674
2014,temporal,Cañada,Cañada,San Juan Coatzóspam,1011,1011,3864.94,6131.900977638991
2014,temporal,Cañada,Cañada,San Juan Tepeuxila,621,621,2183.31,3463.9194200916404
2014,temporal,Cañada,Cañada,San Juan de Los Cués,249,249,885.61,1405.0600590971314
2014,temporal,Cañada,Cañada,San Lorenzo Cuaunecuiltitla,134,134,553.79,878.6127190607607
2014,temporal,Cañada,Cañada,San Lucas Zoquiápam,1809,1809,7069.19,11215.587582760865
2014,temporal,Cañada,Cañada,San Martín Toxpalan,376,376,1256.32,1993.2081316210385
2014,temporal,Cañada,Cañada,San Mateo Yoloxochitlán,305,305,1349.81,2141.5342175109795
2014,temporal,Cañada,Cañada,San Miguel Santa Flor,194,194,781.56,1239.9800587029888
2014,temporal,Cañada,Cañada,San Pedro Jaltepetongo,166,76,167.15,265.19098573648165
2014,temporal,Cañada,Cañada,San Pedro Jocotipac,243,61,104.08,165.12759674216576
2014,temporal,Cañada,Cañada,San Pedro Ocopetatillo,278,278,1249.89,1983.0066476947118
2014,temporal,Cañada,Cañada,San Pedro Sochiápam,1535.5,1535.5,6473.35,10270.260649220781
2014,temporal,Cañada,Cañada,San Pedro Teutila,826,826,3456.24,5483.480063068246
2014,temporal,Cañada,Cañada,Santa Ana Ateixtlahuaca,139,139,704.03,1116.9752299614427
2014,temporal,Cañada,Cañada,Santa Ana Cuauhtémoc,114.5,114.5,506.21,803.1249110958083
2014,temporal,Cañada,Cañada,Santa Cruz Acatepec,159,159,673.39,1068.3634931803133
2014,temporal,Cañada,Cañada,Santa María Chilchotla,4493,4493,19658.03,31188.34791108183
2014,temporal,Cañada,Cañada,Santa María Ixcatlán,166,62,152.55,242.02742969847608
2014,temporal,Cañada,Cañada,Santa María La Asunción,452,452,1773.51,2813.7533060933742
2014,temporal,Cañada,Cañada,Santa María Pápalo,720,720,2590.41,4109.801862767809
2014,temporal,Cañada,Cañada,Santa María Tecomavaca,78,78,259.72,412.05745028704166
2014,temporal,Cañada,Cañada,Santa María Teopoxco,842,842,3748.18,5946.65599113231
2014,temporal,Cañada,Cañada,Santa María Texcatitlán,164,77,155.52,246.73946815278268
2014,temporal,Cañada,Cañada,Santa María Tlalixtac,198,198,765.68,1214.7857251493224
2014,temporal,Cañada,Cañada,Santiago Nacaltepec,1173,1171,4714.03,7479.020415742426
2014,temporal,Cañada,Cañada,Santiago Texcalcingo,689,689,2948.36,4677.705621932474
2014,temporal,Cañada,Cañada,Santos Reyes Pápalo,266,220,676.91,1073.9481313483802
2014,temporal,Cañada,Cañada,Teotitlán de Flores Magón,89,89,348.76,553.3234112201934
2014,temporal,Costa,Costa,Candelaria Loxicha,1619,1599,7084.56,11239.972778398136
2014,temporal,Costa,Costa,Mártires de Tacubaya,480,480,2348.91,3726.6512611802514
2014,temporal,Costa,Costa,Pinotepa de Don Luis,823,423,1703.14,2702.108139080056
2014,temporal,Costa,Costa,Pluma Hidalgo,455,455,2004.78,3180.6735530049873
2014,temporal,Costa,Costa,San Agustín Chayuco,1103.5,958.5,3295.5,5228.458830359409
2014,temporal,Costa,Costa,San Agustín Loxicha,4575,4565,16251.09,25783.084513265207
2014,temporal,Costa,Costa,San Andrés Huaxpaltepec,705,705,4029.16,6392.44338671853
2014,temporal,Costa,Costa,San Antonio Tepetlapa,829,829,3321.01,5268.931591628555
2014,temporal,Costa,Costa,San Baltazar Loxicha,852.5,852.5,3255.05,5164.283087774661
2014,temporal,Costa,Costa,San Bartolomé Loxicha,652.5,652.5,2835.83,4499.171720497078
2014,temporal,Costa,Costa,San Gabriel Mixtepec,1017,1017,4265.82,6767.915110824995
2014,temporal,Costa,Costa,San José Estancia Grande,250,250,853.15,1353.5608105359215
2014,temporal,Costa,Costa,San Juan Bautista Lo de Soto,288,288,1905,3022.3680994794945
2014,temporal,Costa,Costa,San Juan Cacahuatepec,1152,1152,4813.43,7636.722982192958
2014,temporal,Costa,Costa,San Juan Colorado,1169,459,1767.94,2804.916250810382
2014,temporal,Costa,Costa,San Juan Lachao,924,924,3230.86,5125.9045658185405
2014,temporal,Costa,Costa,San Juan Quiahije,765,765,2559.28,4060.4127189689666
2014,temporal,Costa,Costa,San Lorenzo,1182,1182,5628.56,8929.963354334019
2014,temporal,Costa,Costa,San Mateo Piñas,740,740,2649.53,4203.598399272391
2014,temporal,Costa,Costa,San Miguel Panixtlahuaca,920,920,3401.57,5396.743651520454
2014,temporal,Costa,Costa,San Miguel Tlacamama,417,417,1509.22,2394.4453454574505
2014,temporal,Costa,Costa,San Miguel del Puerto,2085,2085,7196.69,11417.872061859885
2014,temporal,Costa,Costa,San Pedro Atoyac,755,407,1839.02,2917.6878647269186
2014,temporal,Costa,Costa,San Pedro El Alto,840,840,2347.6,3724.5728873165676
2014,temporal,Costa,Costa,San Pedro Jicayán,1028.5,1028.5,3947.59,6263.028916443181
2014,temporal,Costa,Costa,San Pedro Juchatengo,667,667,2525.86,4007.390387271011
2014,temporal,Costa,Costa,San Pedro Mixtepec,2723,2723,23270.81,36920.18571813565
2014,temporal,Costa,Costa,San Pedro Pochutla,3207.5,3089.5,9332.82,14806.938291960218
2014,temporal,Costa,Costa,San Sebastián Ixcapa,1190,423.5,1656.41,2627.968894309097
2014,temporal,Costa,Costa,Santa Catarina Juquila,2907,2217,7195.19,11415.492244458721
2014,temporal,Costa,Costa,Santa Catarina Loxicha,620,620,1751.38,2778.643066701521
2014,temporal,Costa,Costa,Santa Catarina Mechoacán,749,749,3267.98,5184.797113772703
2014,temporal,Costa,Costa,Santa María Colotepec,5530,5530,56656.63,89888.289310243
2014,temporal,Costa,Costa,Santa María Cortijo,261,261,1902.23,3017.97337001201
2014,temporal,Costa,Costa,Santa María Huatulco,1832,1232,3988.46,6327.871007900255
2014,temporal,Costa,Costa,Santa María Huazolotitlán,2273,1873,7069.17,11215.555851862184
2014,temporal,Costa,Costa,Santa María Temaxcaltepec,581,581,1648.82,2615.927018259202
2014,temporal,Costa,Costa,Santa María Tonameca,6419,6284,39957.24,63393.95670301629
2014,temporal,Costa,Costa,Santiago Ixtayutla,3163,3065,12377.24,19637.047420263294
2014,temporal,Costa,Costa,Santiago Jamiltepec,4081,4081,21300.97,33794.94604512847
2014,temporal,Costa,Costa,Santiago Llano Grande,712,548.5,3658.72,5804.723681326833
2014,temporal,Costa,Costa,Santiago Pinotepa Nacional,5289,5289,28120,44613.64354717238
2014,temporal,Costa,Costa,Santiago Tapextla,717,717,2927.07,4643.928080285273
2014,temporal,Costa,Costa,Santiago Tetepec,1143,1143,4208.57,6677.085413347199
2014,temporal,Costa,Costa,Santiago Yaitepec,721,721,2331.92,3699.6958627497233
2014,temporal,Costa,Costa,Santo Domingo Armenta,900,900,4661.63,7395.885461195064
2014,temporal,Costa,Costa,Santo Domingo de Morelos,4703,4483,55825.73,88570.02912449103
2014,temporal,Costa,Costa,Santos Reyes Nopala,3004.5,2350.5,5756.12,9132.343026129085
2014,temporal,Costa,Costa,Tataltepec de Valdés,1876,1876,13916.86,22079.72373171769
2014,temporal,Costa,Costa,Villa de Tututepec,3332,3332,32101.08,50929.80585345891
2014,temporal,Istmo,Istmo,Asunción Ixtaltepec,1880,880,6101.25,9679.90727923846
2014,temporal,Istmo,Istmo,Asunción Tlacolulita,444.5,444.5,1243.67,1973.1383382045476
2014,temporal,Istmo,Istmo,Chahuites,1245,1134,7778.46,12340.876308177045
2014,temporal,Istmo,Istmo,Ciudad Ixtepec,1199,669,2175.01,3450.751097138528
2014,temporal,Istmo,Istmo,El Barrio de la Soledad,1012,512,1843.66,2925.0494332211892
2014,temporal,Istmo,Istmo,El Espinal,425,385,2014.63,3196.3010206059707
2014,temporal,Istmo,Istmo,Guevea de Humboldt,1695,1470,5750.34,9123.17279640993
2014,temporal,Istmo,Istmo,Heroica Ciudad de Juchitán de Zaragoza,5037,3612,15561.56,24689.114184848357
2014,temporal,Istmo,Istmo,Heroica Villa de San Blas Atempa,2175,1850,9191.27,14582.362856536953
2014,temporal,Istmo,Istmo,Magdalena Tequisistlán,1414,1414,4065.88,6450.701316699048
2014,temporal,Istmo,Istmo,Magdalena Tlacotepec,167,130,915.5,1452.4818871776783
2014,temporal,Istmo,Istmo,Matías Romero Avendaño,2082,2082,15149.8,24035.838442779237
2014,temporal,Istmo,Istmo,Nejapa de Madero,1956,1956,12408.39,19686.46829496082
2014,temporal,Istmo,Istmo,Reforma de Pineda,2458,2347,22244.91,35292.54927023223
2014,temporal,Istmo,Istmo,Salina Cruz,525,360,1415.87,2246.341375858284
2014,temporal,Istmo,Istmo,San Bartolo Yautepec,215,215,624.25,990.4006751181494
2014,temporal,Istmo,Istmo,San Carlos Yautepec,3607,3607,16535.62,26234.504143367514
2014,temporal,Istmo,Istmo,San Dionisio del Mar,919,534,2190.52,3475.3584090665736
2014,temporal,Istmo,Istmo,San Francisco Ixhuatán,2910,2725,21287.16,33773.03585958841
2014,temporal,Istmo,Istmo,San Francisco del Mar,2875,2575,18149.92,28795.66363050124
2014,temporal,Istmo,Istmo,San Juan Guichicovi,6657,6657,49761.68,78949.14131680146
2014,temporal,Istmo,Istmo,San Juan Lajarcia,315,315,563.45,893.9387431242632
2014,temporal,Istmo,Istmo,San Juan Mazatlán,2771,2771,27341.96,43379.24812663746
2014,temporal,Istmo,Istmo,San Mateo del Mar,777,625,2764.64,4386.22558663779
2014,temporal,Istmo,Istmo,San Miguel Chimalapa,2849,2074,9624.34,15269.447871151957
2014,temporal,Istmo,Istmo,San Miguel Tenango,444,444,915.71,1452.8150616138414
2014,temporal,Istmo,Istmo,San Pedro Comitancillo,941,768,5804.26,9208.71929925714
2014,temporal,Istmo,Istmo,San Pedro Huamelula,1460,1325,5477.66,8690.553723776822
2014,temporal,Istmo,Istmo,San Pedro Huilotepec,345,270,1683.66,2671.2022437635937
2014,temporal,Istmo,Istmo,San Pedro Mártir Quiechapa,370,370,643.42,1020.8147415050374
2014,temporal,Istmo,Istmo,San Pedro Tapanatepec,4554,4184,29963.12,47537.83624612915
2014,temporal,Istmo,Istmo,Santa Ana Tavela,238,238,553.98,878.9141625982417
2014,temporal,Istmo,Istmo,Santa Catalina Quierí,280,280,534.49,847.9924018324383
2014,temporal,Istmo,Istmo,Santa Catarina Quioquitani,280,280,546.71,867.3799809272623
2014,temporal,Istmo,Istmo,Santa María Chimalapa,998,998,4747.09,7531.471591264102
2014,temporal,Istmo,Istmo,Santa María Ecatepec,1083,1083,2610.58,4141.802474088808
2014,temporal,Istmo,Istmo,Santa María Guienagati,1348,1028,3546.11,5626.0628562967095
2014,temporal,Istmo,Istmo,Santa María Jalapa del Marqués,1117,982,6310.42,10011.764883106243
2014,temporal,Istmo,Istmo,Santa María Mixtequilla,282,215,1519.6,2410.9136818735115
2014,temporal,Istmo,Istmo,Santa María Petapa,1394,964,4101.87,6507.801068877666
2014,temporal,Istmo,Istmo,Santa María Quiegolani,730,730,1375.23,2181.8641897360553
2014,temporal,Istmo,Istmo,Santa María Totolapilla,403,338,1748.07,2773.3916029696165
2014,temporal,Istmo,Istmo,Santa María Xadani,1442,1317,4790.78,7600.787739435366
2014,temporal,Istmo,Istmo,Santiago Astata,231,211,1204.37,1910.7871222940255
2014,temporal,Istmo,Istmo,Santiago Ixcuintepec,650,600,2140.61,3396.173951405145
2014,temporal,Istmo,Istmo,Santiago Lachiguiri,2075,1865,6189.41,9819.777080629594
2014,temporal,Istmo,Istmo,Santiago Laollaga,688,606,2818.78,4472.121129370504
2014,temporal,Istmo,Istmo,Santiago Niltepec,5698,4703,35853.67,56883.458507750634
2014,temporal,Istmo,Istmo,Santo Domingo Chihuitán,511,434,2246.9,3564.8078124516937
2014,temporal,Istmo,Istmo,Santo Domingo Ingenio,4749,4550,35296.08,55998.81691794026
2014,temporal,Istmo,Istmo,Santo Domingo Petapa,1098,648,2839.96,4505.724151074953
2014,temporal,Istmo,Istmo,Santo Domingo Tehuantepec,5155,4090,18458.54,29285.30312806626
2014,temporal,Istmo,Istmo,Santo Domingo Zanatepec,5511,4771,30947.73,49099.96425370317
2014,temporal,Istmo,Istmo,Unión Hidalgo,1508,1256,8563.93,13587.059757572404
2014,temporal,Mixteca,Huajuapan de León,Asunción Cuyotepeji,66,66,212.07,336.4585841767015
2014,temporal,Mixteca,Huajuapan de León,Asunción Nochixtlán,4265.5,3785.5,20553.8,32609.52726670952
2014,temporal,Mixteca,Huajuapan de León,Calihualá,368,368,1730.39,2745.341488534553
2014,temporal,Mixteca,Huajuapan de León,Chalcatongo de Hidalgo,2889.9,2889.9,11821.96,18756.07074925071
2014,temporal,Mixteca,Huajuapan de León,Coicoyán de Las Flores,3250,3250,13513.65,21440.012948835207
2014,temporal,Mixteca,Huajuapan de León,Concepción Buenavista,621,621,1288.38,2044.0727622086044
2014,temporal,Mixteca,Huajuapan de León,Constancia del Rosario,628.4,628.4,2226.78,3532.886528377401
2014,temporal,Mixteca,Huajuapan de León,Cosoltepec,258.8,258.8,513.31,814.38938012798906
2014,temporal,Mixteca,Huajuapan de León,Fresnillo de Trujano,206.5,206.5,681.47,1081.182776247922
2014,temporal,Mixteca,Huajuapan de León,Guadalupe de Ramírez,412.6,412.6,1244.75,1974.8518067333862
2014,temporal,Mixteca,Huajuapan de León,"H. V. Tezoatlán de Segura y Luna, C. de la I.de O.",7437,6498,16746.63,26569.280989914063
2014,temporal,Mixteca,Huajuapan de León,Heroica Ciudad de Huajuapan de León,1952,1832,7807.58,12387.076496658327
2014,temporal,Mixteca,Huajuapan de León,Heroica Ciudad de Tlaxiaco,2488.2,2488.2,8464.47,13429.261998425824
2014,temporal,Mixteca,Huajuapan de León,Ixpantepec Nieves,403,403,2059.3,3267.1719828126634
2014,temporal,Mixteca,Huajuapan de León,La Reforma,354.6,354.6,1360.44,2158.3991901605687
2014,temporal,Mixteca,Huajuapan de León,La Trinidad Vista Hermosa,183,183,357.68,567.4753920324544
2014,temporal,Mixteca,Huajuapan de León,Magdalena Jaltepec,3534,3064,18875.66,29947.082750982212
2014,temporal,Mixteca,Huajuapan de León,Magdalena Peñasco,546,546,1777.6,2820.242274873884
2014,temporal,Mixteca,Huajuapan de León,Magdalena Yodocono de Porfirio Díaz,363,363,2177.81,3455.1934229540357
2014,temporal,Mixteca,Huajuapan de León,Magdalena Zahuatlán,558,558,3008.65,4773.3584160099645
2014,temporal,Mixteca,Huajuapan de León,Mariscala de Juárez,774,424,1715.69,2722.019278003136
2014,temporal,Mixteca,Huajuapan de León,Mesones Hidalgo,1494.5,1494.5,5916.13,9386.206081036022
2014,temporal,Mixteca,Huajuapan de León,Putla Villa de Guerrero,5620.3,5620.3,20743.68,32910.78041879832
2014,temporal,Mixteca,Huajuapan de León,San Agustín Atenango,182,182,793.44,1258.8282125202154
2014,temporal,Mixteca,Huajuapan de León,San Agustín Tlacotepec,310.7,310.7,973.15,1543.946202629118
2014,temporal,Mixteca,Huajuapan de León,San Andrés Cabecera Nueva,608.7,608.7,1769.3,2807.0739519207714
2014,temporal,Mixteca,Huajuapan de León,San Andrés Dinicuiti,922.5,922.5,2830.76,4491.127937681142
2014,temporal,Mixteca,Huajuapan de León,San Andrés Lagunas,617,267,403.5,640.1708809133733
2014,temporal,Mixteca,Huajuapan de León,San Andrés Nuxiño,810,810,4080.6,6474.055258129147
2014,temporal,Mixteca,Huajuapan de León,San Andrés Sinaxtla,1259,1259,8744.34,13873.288329135183
2014,temporal,Mixteca,Huajuapan de León,San Andrés Tepetlapa,76,76,187.72,297.82621503112375
2014,temporal,Mixteca,Huajuapan de León,San Antonino Monte Verde,2055,1935,3085.8,4895.760357676549
2014,temporal,Mixteca,Huajuapan de León,San Antonio Acutla,190,190,454.7,721.4019815398037
2014,temporal,Mixteca,Huajuapan de León,San Antonio Sinicahua,364.8,364.8,1361.55,2160.160255037431
2014,temporal,Mixteca,Huajuapan de León,San Bartolo Soyaltepec,704,704,1530.95,2428.92096687566
2014,temporal,Mixteca,Huajuapan de León,San Bartolomé Yucuañe,295.3,295.3,543.83,862.8107315170255
2014,temporal,Mixteca,Huajuapan de León,San Cristóbal Amoltepec,323.3,323.3,1175.05,1864.2696248259213
2014,temporal,Mixteca,Huajuapan de León,San Cristóbal Suchixtlahuaca,534,534,1164.5,1847.5315757710612
2014,temporal,Mixteca,Huajuapan de León,San Esteban Atatlahuca,1105,1105,3886.38,6165.916501026309
2014,temporal,Mixteca,Huajuapan de León,San Francisco Chindúa,570,570,3737.54,5929.775153033381
2014,temporal,Mixteca,Huajuapan de León,San Francisco Jaltepetongo,450,450,2221.27,3524.144665790455
2014,temporal,Mixteca,Huajuapan de León,San Francisco Nuxaño,307,307,1643.85,2608.0418899366755
2014,temporal,Mixteca,Huajuapan de León,San Francisco Teopan,365,365,534.61,848.1827872245316
2014,temporal,Mixteca,Huajuapan de León,San Francisco Tlapancingo,465,465,1360.14,2157.923226680336
2014,temporal,Mixteca,Huajuapan de León,San Jerónimo Silacayoapilla,228,228,853.25,1353.7194650293327
2014,temporal,Mixteca,Huajuapan de León,San Jorge Nuchita,246.5,86.5,366.63,581.6749691927387
2014,temporal,Mixteca,Huajuapan de León,San José Ayuquila,516.5,516.5,1470.77,2333.4426927409218
2014,temporal,Mixteca,Huajuapan de León,San Juan Achiutla,193,193,824.56,1308.2014908697174
2014,temporal,Mixteca,Huajuapan de León,San Juan Bautista Coixtlahuaca,1498,1498,2915.75,4625.968391631148
2014,temporal,Mixteca,Huajuapan de León,San Juan Bautista Suchitepec,103,103,226.31,359.0509840384275
2014,temporal,Mixteca,Huajuapan de León,San Juan Bautista Tlachichilco,222,222,573.2,909.4075562318354
2014,temporal,Mixteca,Huajuapan de León,San Juan Cieneguilla,289,289,661.79,1049.9595719446377
2014,temporal,Mixteca,Huajuapan de León,San Juan Diuxi,323,323,1283.09,2035.6799395071623
2014,temporal,Mixteca,Huajuapan de León,San Juan Ihualtepec,293,293,841.8,1335.5535255337734
2014,temporal,Mixteca,Huajuapan de León,San Juan Mixtepec,5167.7,5167.7,14847.79,23556.686007228687
2014,temporal,Mixteca,Huajuapan de León,San Juan Sayultepec,1056,1056,7518.08,11927.77173823349
2014,temporal,Mixteca,Huajuapan de León,San Juan Tamazola,2222,1372,8246.95,13084.156744358226
2014,temporal,Mixteca,Huajuapan de León,San Juan Teita,215.5,215.5,670.45,1063.69905107403
2014,temporal,Mixteca,Huajuapan de León,San Juan Teposcolula,816,816,1964.64,3116.9896393498134
2014,temporal,Mixteca,Huajuapan de León,San Juan Yucuita,1040,1040,7185.42,11399.991700452467
2014,temporal,Mixteca,Huajuapan de León,San Juan Ñumí,2680.2,2680.2,8524.23,13524.073923688236
2014,temporal,Mixteca,Huajuapan de León,San Lorenzo Victoria,193,193,442.51,702.0619987930032
2014,temporal,Mixteca,Huajuapan de León,San Marcos Arteaga,488.5,488.5,1442.91,2289.241550876618
2014,temporal,Mixteca,Huajuapan de León,San Martín Huamelúlpam,594.4,594.4,2114.64,3354.9713794663085
2014,temporal,Mixteca,Huajuapan de León,San Martín Itunyoso,701.6,701.6,2110.71,3348.736257875257
2014,temporal,Mixteca,Huajuapan de León,San Martín Peras,1542,1542,6055.53,9607.370444850952
2014,temporal,Mixteca,Huajuapan de León,San Martín Zacatepec,228,108,301.92,479.00964650648245
2014,temporal,Mixteca,Huajuapan de León,San Mateo Etlatongo,380,380,3207.97,5089.588552276763
2014,temporal,Mixteca,Huajuapan de León,San Mateo Nejápam,270,270,671.17,1064.8413634265892
2014,temporal,Mixteca,Huajuapan de León,San Mateo Peñasco,610.2,610.2,2002.69,3177.357674092698
2014,temporal,Mixteca,Huajuapan de León,San Mateo Sindihui,1042,1042,5234.89,8305.388210122946
2014,temporal,Mixteca,Huajuapan de León,San Mateo Tlapiltepec,195,195,417.45,662.3031827442073
2014,temporal,Mixteca,Huajuapan de León,San Miguel Achiutla,471.4,471.4,1640.13,2602.139942781787
2014,temporal,Mixteca,Huajuapan de León,San Miguel Ahuehuetitlán,460,460,945.75,1500.474871434505
2014,temporal,Mixteca,Huajuapan de León,San Miguel Amatitlán,2237,1087,3344.72,5306.5485720163015
2014,temporal,Mixteca,Huajuapan de León,San Miguel Chicahua,706.7,706.7,2929.03,4647.037708356128
2014,temporal,Mixteca,Huajuapan de León,San Miguel El Grande,1567.1,1567.1,8226.64,13051.93401674645
2014,temporal,Mixteca,Huajuapan de León,San Miguel Huautla,522.5,372.5,1903.77,3020.416649210539
2014,temporal,Mixteca,Huajuapan de León,San Miguel Piedras,936,766.25,3621.65,5745.910460619376
2014,temporal,Mixteca,Huajuapan de León,San Miguel Tecomatlán,192,192,1178.9,1870.3778228222448
2014,temporal,Mixteca,Huajuapan de León,San Miguel Tequixtepec,814.5,814.5,1423.02,2257.685172137171
2014,temporal,Mixteca,Huajuapan de León,San Miguel Tlacotepec,408,408,1622.43,2574.0580974480404
2014,temporal,Mixteca,Huajuapan de León,San Miguel Tulancingo,166,166,324.1,514.1992131450417
2014,temporal,Mixteca,Huajuapan de León,San Nicolás Hidalgo,353.45,353.45,987.05,1565.9991772132466
2014,temporal,Mixteca,Huajuapan de León,San Pablo Tijaltepec,1219.3,1219.3,4625.64,7338.785709016446
2014,temporal,Mixteca,Huajuapan de León,San Pedro Amuzgos,827.4,827.4,6554.29,10398.67559618764
2014,temporal,Mixteca,Huajuapan de León,San Pedro Coxcaltepec Cántaros,531,371,1945.56,3086.718362006995
2014,temporal,Mixteca,Huajuapan de León,San Pedro Molinos,339.6,339.6,1025.73,1627.3667352646205
2014,temporal,Mixteca,Huajuapan de León,San Pedro Mártir Yucuxaco,523.3,523.3,1963,3114.3877056578726
2014,temporal,Mixteca,Huajuapan de León,San Pedro Nopala,287,247,668.1,1059.9706704788716
2014,temporal,Mixteca,Huajuapan de León,San Pedro Teozacoalco,1008,1008,5036.44,7990.538367948821
2014,temporal,Mixteca,Huajuapan de León,San Pedro Tidaá,239,239,1279.88,2030.5871302686696
2014,temporal,Mixteca,Huajuapan de León,San Pedro Topiltepec,367,367,898.1,1424.876005324165
2014,temporal,Mixteca,Huajuapan de León,San Pedro Y San Pablo Teposcolula,1125,1125,1673.7,2655.4002562198584
2014,temporal,Mixteca,Huajuapan de León,San Pedro Y San Pablo Tequixtepec,362,362,673.01,1067.7606061053516
2014,temporal,Mixteca,Huajuapan de León,San Pedro Yucunama,125,125,264.33,419.37142243328856
2014,temporal,Mixteca,Huajuapan de León,San Sebastián Nicananduta,530,530,1075.64,1706.5511929260492
2014,temporal,Mixteca,Huajuapan de León,San Sebastián Tecomaxtlahuaca,2545,2545,11971.02,18992.561137129145
2014,temporal,Mixteca,Huajuapan de León,San Simón Zahuatlán,337.8,87.8,242.95,385.4510917420174
2014,temporal,Mixteca,Huajuapan de León,San Vicente Nuñú,220,220,482.57,765.6189888534486
2014,temporal,Mixteca,Huajuapan de León,Santa Catarina Tayata,334.8,334.8,1573.73,2496.7933591568844
2014,temporal,Mixteca,Huajuapan de León,Santa Catarina Ticuá,444.7,444.7,1855.72,2944.183165126555
2014,temporal,Mixteca,Huajuapan de León,Santa Catarina Yosonotú,925.8,925.8,2417.72,3835.8214180963587
2014,temporal,Mixteca,Huajuapan de León,Santa Catarina Zapoquila,164,164,296.1,469.77595498996243
2014,temporal,Mixteca,Huajuapan de León,Santa Cruz Itundujia,1013.6,1013.6,2864.5,4544.657963758012
2014,temporal,Mixteca,Huajuapan de León,Santa Cruz Nundaco,630.4,630.4,1946.43,3088.0986560996707
2014,temporal,Mixteca,Huajuapan de León,Santa Cruz Tacache de Mina,360,210,577.05,915.5157542281586
2014,temporal,Mixteca,Huajuapan de León,Santa Cruz Tacahua,420.1,420.1,1709.6,2712.357219354406
2014,temporal,Mixteca,Huajuapan de León,Santa Cruz Tayata,410.8,410.8,2227.01,3533.2514337122466
2014,temporal,Mixteca,Huajuapan de León,Santa Cruz de Bravo,66,66,162.1,257.17893381922624
2014,temporal,Mixteca,Huajuapan de León,Santa Inés de Zaragoza,1213,413,2931.37,4650.750223501946
2014,temporal,Mixteca,Huajuapan de León,Santa Lucía Monteverde,3973,3973,15078.04,23921.98797830751
2014,temporal,Mixteca,Huajuapan de León,Santa Magdalena Jicotlán,162.8,152.8,325.57,516.5314341981832
2014,temporal,Mixteca,Huajuapan de León,Santa María Apazco,839,276,1110.96,1762.5879599988134
2014,temporal,Mixteca,Huajuapan de León,Santa María Camotlán,141,141,357.72,567.5388538298188
2014,temporal,Mixteca,Huajuapan de León,Santa María Chachoápam,1222.5,1222.5,8153.31,12935.592676728167
2014,temporal,Mixteca,Huajuapan de León,Santa María Ipalapa,2029,2029,15546.39,24665.04629819791
2014,temporal,Mixteca,Huajuapan de León,Santa María Nativitas,398,398,772.7,1225.9232705867746
2014,temporal,Mixteca,Huajuapan de León,Santa María Nduayaco,349,349,724.98,1150.2133463310468
2014,temporal,Mixteca,Huajuapan de León,Santa María Tataltepec,224.5,224.5,607.86,964.3972036480869
2014,temporal,Mixteca,Huajuapan de León,Santa María Yolotepec,206.4,206.4,860.08,1364.5555669293037
2014,temporal,Mixteca,Huajuapan de León,Santa María Yosoyúa,884.3,884.3,2072.62,3288.3047613350077
2014,temporal,Mixteca,Huajuapan de León,Santa María Yucuhiti,1193,1193,3483.96,5527.4590886417745
2014,temporal,Mixteca,Huajuapan de León,Santa María Zacatepec,3167.1,3167.1,28641.57,45441.137788456115
2014,temporal,Mixteca,Huajuapan de León,Santa María del Rosario,208.6,208.6,1218.95,1933.918947433349
2014,temporal,Mixteca,Huajuapan de León,Santiago Apoala,711,129,1427.82,2265.3005878208987
2014,temporal,Mixteca,Huajuapan de León,Santiago Ayuquililla,414.5,414.5,1096.75,1740.0431564851106
2014,temporal,Mixteca,Huajuapan de León,Santiago Cacaloxtepec,164,164,422.81,670.8070635910368
2014,temporal,Mixteca,Huajuapan de León,Santiago Huajolotitlán,661,661,2506.93,3977.357091668309
2014,temporal,Mixteca,Huajuapan de León,Santiago Huauclilla,724.5,568.5,2772.11,4398.077077295591
2014,temporal,Mixteca,Huajuapan de León,Santiago Ihuitlán Plumas,536,536,994.6,1577.977591465777
2014,temporal,Mixteca,Huajuapan de León,Santiago Juxtlahuaca,3254,3254,14369.53,22797.90502704125
2014,temporal,Mixteca,Huajuapan de León,Santiago Miltepec,56,56,182.61,289.7189704178218
2014,temporal,Mixteca,Huajuapan de León,Santiago Nejapilla,113.5,113.5,225.55,357.845209888504
2014,temporal,Mixteca,Huajuapan de León,Santiago Nundiche,799.7,799.7,2203.67,3496.2214749501195
2014,temporal,Mixteca,Huajuapan de León,Santiago Nuyoó,1304.8,1304.8,3946.95,6262.013527685349
2014,temporal,Mixteca,Huajuapan de León,Santiago Tamazola,948.2,597.2,2145.09,3403.2816727099575
2014,temporal,Mixteca,Huajuapan de León,Santiago Tepetlapa,133.5,133.5,194.76,308.9954913672579
2014,temporal,Mixteca,Huajuapan de León,Santiago Tilantongo,1419,1419,8242.11,13076.477866877132
2014,temporal,Mixteca,Huajuapan de León,Santiago Tillo,1094,1094,8293.91,13158.660894464028
2014,temporal,Mixteca,Huajuapan de León,Santiago Yolomécatl,337,337,775.17,1229.842036574026
2014,temporal,Mixteca,Huajuapan de León,Santiago Yosondúa,2246.5,2246.5,8167.41,12957.962960299117
2014,temporal,Mixteca,Huajuapan de León,Santiago Yucuyachi,213,213,611.31,969.8707836707662
2014,temporal,Mixteca,Huajuapan de León,Santiago del Río,287,287,1232.76,1955.8291329734077
2014,temporal,Mixteca,Huajuapan de León,Santo Domingo Ixcatlán,189.8,189.8,776.37,1231.745890494958
2014,temporal,Mixteca,Huajuapan de León,Santo Domingo Nuxaá,1725,1325,7964.16,12635.497702441266
2014,temporal,Mixteca,Huajuapan de León,Santo Domingo Tlatayápam,90,90,197.09,312.69214106373414
2014,temporal,Mixteca,Huajuapan de León,Santo Domingo Tonaltepec,140,140,259.22,411.2641778199867
2014,temporal,Mixteca,Huajuapan de León,Santo Domingo Tonalá,825,668,4046.43,6419.843017730609
2014,temporal,Mixteca,Huajuapan de León,Santo Domingo Yanhuitlán,1714,1714,10526.45,16700.685921661905
2014,temporal,Mixteca,Huajuapan de León,Santo Domingo Yodohino,154,154,426.55,676.7407416446081
2014,temporal,Mixteca,Huajuapan de León,Santo Tomás Ocotepec,1487.3,1487.3,4242.67,6731.18659560035
2014,temporal,Mixteca,Huajuapan de León,Santos Reyes Tepejillo,523,523,1509.16,2394.350152761404
2014,temporal,Mixteca,Huajuapan de León,Santos Reyes Yucuná,211,61,220.02,349.0716164028758
2014,temporal,Mixteca,Huajuapan de León,Silacayoápam,1646.3,1646.3,6921.26,10980.889990657977
2014,temporal,Mixteca,Huajuapan de León,Teotongo,546,546,1566.4,2485.1639847898587
2014,temporal,Mixteca,Huajuapan de León,Tepelmeme Villa de Morelos,1433.5,1433.5,2777.19,4406.13672556087
2014,temporal,Mixteca,Huajuapan de León,Tlacotepec Plumas,547.5,547.5,969.47,1538.1077172715936
2014,temporal,Mixteca,Huajuapan de León,Villa Tejúpam de La Unión,1869,1869,4792.46,7603.453134924671
2014,temporal,Mixteca,Huajuapan de León,Villa de Chilapa de Díaz,264.5,264.5,683.1,1083.7688444905211
2014,temporal,Mixteca,Huajuapan de León,Villa de Santiago Chazumba,953,953,2487.49,3946.5146581492113
2014,temporal,Mixteca,Huajuapan de León,Villa de Tamazulápam del Progreso,1087,1037,2632.8,4177.055502524731
2014,temporal,Mixteca,Huajuapan de León,Yutanduchi de Guerrero,1183.5,1183.5,6740.42,10693.97920477353
2014,temporal,Mixteca,Huajuapan de León,Zapotitlán Lagunas,1670,1670,4254.61,6750.129942113623
2014,temporal,Mixteca,Huajuapan de León,Zapotitlán Palmas,513,513,1873.29,2972.0587596188675
2014,temporal,Papaloapan,Tuxtepec,Acatlán de Pérez Figueroa,2762,2762,13229.48,20989.164474909176
2014,temporal,Papaloapan,Tuxtepec,Ayotzintepec,3140,3140,58773.9,93247.43330288601
2014,temporal,Papaloapan,Tuxtepec,Cosolapa,1123,1123,4394.02,6971.310171377895
2014,temporal,Papaloapan,Tuxtepec,Loma Bonita,1848,1848,21329.08,33839.543823226304
2014,temporal,Papaloapan,Tuxtepec,San Felipe Jalapa de Díaz,6110,6110,45812.31,72683.28835037556
2014,temporal,Papaloapan,Tuxtepec,San Felipe Usila,5040,5040,33767.88,53574.2589496334
2014,temporal,Papaloapan,Tuxtepec,San José Chiltepec,1462,1462,11912.25,18899.3198913515
2014,temporal,Papaloapan,Tuxtepec,San José Independencia,762,762,1761.53,2794.746497782737
2014,temporal,Papaloapan,Tuxtepec,San Juan Bautista Tuxtepec,3748,3748,47449.57,75280.87490919646
2014,temporal,Papaloapan,Tuxtepec,San Juan Bautista Valle Nacional,6650,6650,63976.3,101501.27466809974
2014,temporal,Papaloapan,Tuxtepec,San Juan Comaltepec,975,975,6742.2,10696.803254756245
2014,temporal,Papaloapan,Tuxtepec,San Juan Cotzocón,3715,3715,42588.95,67569.28287156284
2014,temporal,Papaloapan,Tuxtepec,San Juan Lalana,4739,4739,34895.98,55364.04028980287
2014,temporal,Papaloapan,Tuxtepec,San Juan Petlapa,972,972,4161.58,6602.533666893372
2014,temporal,Papaloapan,Tuxtepec,San Lucas Ojitlán,7724,7724,55922.5,88723.55907776485
2014,temporal,Papaloapan,Tuxtepec,San Miguel Soyaltepec,4044,4044,17212.12,27307.80179129291
2014,temporal,Papaloapan,Tuxtepec,San Pedro Ixcatlán,2065,2065,11891.09,18865.748600545732
2014,temporal,Papaloapan,Tuxtepec,Santa María Jacatepec,4180,4180,38380.36,60892.16572731696
2014,temporal,Papaloapan,Tuxtepec,Santiago Choápam,1520,1520,6793.37,10777.986759034653
2014,temporal,Papaloapan,Tuxtepec,Santiago Jocotepec,3753,3753,33758.57,53559.48821629684
2014,temporal,Papaloapan,Tuxtepec,Santiago Yaveo,3052,3052,34451.88,54659.45568456462
2014,temporal,Sierra Juárez,Sierra Juárez,Abejones,147.5,147.5,634.25,1006.266124459249
2014,temporal,Sierra Juárez,Sierra Juárez,Asunción Cacalotepec,778,778,3212.02,5096.014059259908
2014,temporal,Sierra Juárez,Sierra Juárez,Capulálpam de Méndez,111,111,503.93,799.5075886460377
2014,temporal,Sierra Juárez,Sierra Juárez,Guelatao de Juárez,50,50,221.77,351.8480700375683
2014,temporal,Sierra Juárez,Sierra Juárez,Ixtlán de Juárez,1683,1683,8143.97,12920.77434704358
2014,temporal,Sierra Juárez,Sierra Juárez,Mixistlán de La Reforma,623.5,623.5,2494.03,3956.890662018291
2014,temporal,Sierra Juárez,Sierra Juárez,Natividad,24,24,115.7,183.56324887652363
2014,temporal,Sierra Juárez,Sierra Juárez,Nuevo Zoquiápam,144.25,144.25,630.28,999.9675410708325
2014,temporal,Sierra Juárez,Sierra Juárez,San Andrés Solaga,151.5,151.5,844.69,1340.1386403933514
2014,temporal,Sierra Juárez,Sierra Juárez,San Andrés Yaá,123,123,524.04,831.413007270989
2014,temporal,Sierra Juárez,Sierra Juárez,San Baltazar Yatzachi El Bajo,119,119,524.17,831.6192581124234
2014,temporal,Sierra Juárez,Sierra Juárez,San Bartolomé Zoogocho,26,26,113.71,180.40602445764478
2014,temporal,Sierra Juárez,Sierra Juárez,San Cristóbal Lachirioag,201,201,846.46,1342.946824926726
2014,temporal,Sierra Juárez,Sierra Juárez,San Francisco Cajonos,121,121,539.16,855.4015666747318
2014,temporal,Sierra Juárez,Sierra Juárez,San Ildefonso Villa Alta,988.5,988.5,4473.34,7097.154915551498
2014,temporal,Sierra Juárez,Sierra Juárez,San Juan Atepec,147.5,147.5,658.28,1044.3907992259117
2014,temporal,Sierra Juárez,Sierra Juárez,San Juan Chicomezúchil,86,86,383.39,608.2654622884218
2014,temporal,Sierra Juárez,Sierra Juárez,San Juan Evangelista Analco,81.5,81.5,360.7,572.2667577334665
2014,temporal,Sierra Juárez,Sierra Juárez,San Juan Juquila Mixes,901.5,901.5,3906.61,6198.012305043354
2014,temporal,Sierra Juárez,Sierra Juárez,San Juan Juquila Vijanos,369.5,369.5,1629.66,2585.5288173216554
2014,temporal,Sierra Juárez,Sierra Juárez,San Juan Quiotepec,280,280,1207.53,1915.800604285813
2014,temporal,Sierra Juárez,Sierra Juárez,San Juan Tabaá,112,112,672.2,1066.4755047087226
2014,temporal,Sierra Juárez,Sierra Juárez,San Juan Yaeé,222,222,1020.5,1619.0691052592254
2014,temporal,Sierra Juárez,Sierra Juárez,San Juan Yatzona,211,183.5,753.2,1194.98564437163
2014,temporal,Sierra Juárez,Sierra Juárez,San Lucas Camotlán,293.5,293.5,1207.92,1916.4193568101161
2014,temporal,Sierra Juárez,Sierra Juárez,San Mateo Cajonos,131.5,131.5,692.3,1098.3650578843328
2014,temporal,Sierra Juárez,Sierra Juárez,San Melchor Betaza,231.5,231.5,1274.58,2022.1784421178866
2014,temporal,Sierra Juárez,Sierra Juárez,San Miguel Aloápam,445.75,445.75,2182.06,3461.936238924003
2014,temporal,Sierra Juárez,Sierra Juárez,San Miguel Amatlán,160,160,1735.77,2753.877100280064
2014,temporal,Sierra Juárez,Sierra Juárez,San Miguel Quetzaltepec,1292,1292,5603.8,8890.680501765455
2014,temporal,Sierra Juárez,Sierra Juárez,San Miguel Yotao,85.5,85.5,373.39,592.400012947322
2014,temporal,Sierra Juárez,Sierra Juárez,San Miguel del Río,42,42,183.52,291.1627263078619
2014,temporal,Sierra Juárez,Sierra Juárez,San Pablo Macuiltianguis,152,124.5,521.76,827.7956848212184
2014,temporal,Sierra Juárez,Sierra Juárez,San Pablo Yaganiza,120,120,523.39,830.3817530638177
2014,temporal,Sierra Juárez,Sierra Juárez,San Pedro Cajonos,90,90,401.03,636.2521149261216
2014,temporal,Sierra Juárez,Sierra Juárez,San Pedro Ocotepec,702.5,702.5,3242.85,5144.927239578519
2014,temporal,Sierra Juárez,Sierra Juárez,San Pedro Y San Pablo Ayutla,846.75,846.75,3822.34,6064.314163445906
2014,temporal,Sierra Juárez,Sierra Juárez,San Pedro Yaneri,223.5,223.5,1028.65,1631.9994464722217
2014,temporal,Sierra Juárez,Sierra Juárez,San Pedro Yólox,292,292,1276.36,2025.0024921006022
2014,temporal,Sierra Juárez,Sierra Juárez,Santa Ana Yareni,95,95,427.28,677.8989194465083
2014,temporal,Sierra Juárez,Sierra Juárez,Santa Catarina Ixtepeji,333.5,333.5,1477.11,2343.5013876231787
2014,temporal,Sierra Juárez,Sierra Juárez,Santa Catarina Lachatao,446,446,1938.56,3075.612547468225
2014,temporal,Sierra Juárez,Sierra Juárez,Santa María Alotepec,1373.5,1363.5,6612.35,10490.790395062066
2014,temporal,Sierra Juárez,Sierra Juárez,Santa María Jaltianguis,108.5,108.5,471.87,748.642958058472
2014,temporal,Sierra Juárez,Sierra Juárez,Santa María Temaxcalapa,225,225,981.74,1557.5746236131229
2014,temporal,Sierra Juárez,Sierra Juárez,Santa María Tepantlali,399,399,1620.67,2571.2657783640066
2014,temporal,Sierra Juárez,Sierra Juárez,Santa María Tlahuitoltepec,1336,1336,6124.34,9716.54060176706
2014,temporal,Sierra Juárez,Sierra Juárez,Santa María Yalina,33,33,142.03,225.33697699163918
2014,temporal,Sierra Juárez,Sierra Juárez,Santa María Yavesía,81,78.25,331.38,525.7492602653622
2014,temporal,Sierra Juárez,Sierra Juárez,Santiago Atitlán,732.5,732.5,3586.42,5690.016482590682
2014,temporal,Sierra Juárez,Sierra Juárez,Santiago Camotlán,1412,1412,7291.68,11568.577965150993
2014,temporal,Sierra Juárez,Sierra Juárez,Santiago Comaltepec,269,269,1201.11,1905.614985808827
2014,temporal,Sierra Juárez,Sierra Juárez,Santiago Lalopa,67,67,307.16,487.3231419612187
2014,temporal,Sierra Juárez,Sierra Juárez,Santiago Laxopa,240,240,1052.12,1669.2356560757823
2014,temporal,Sierra Juárez,Sierra Juárez,Santiago Xiacuí,290.5,290.5,1255.67,1992.1768774138673
2014,temporal,Sierra Juárez,Sierra Juárez,Santiago Zacatepec,1419,1419,6181.48,9807.195779302103
2014,temporal,Sierra Juárez,Sierra Juárez,Santiago Zoochila,40,40,154.45,245.04186507328498
2014,temporal,Sierra Juárez,Sierra Juárez,Santo Domingo Roayaga,223.5,223.5,1004.02,1592.922844745093
2014,temporal,Sierra Juárez,Sierra Juárez,Santo Domingo Tepuxtepec,763.5,763.5,3141.57,4984.2419686518615
2014,temporal,Sierra Juárez,Sierra Juárez,Santo Domingo Xagacía,141,141,620.38,984.2607462231438
2014,temporal,Sierra Juárez,Sierra Juárez,Tamazulápam del Espíritu Santo,1096.5,1096.5,4427.12,7023.824808696934
2014,temporal,Sierra Juárez,Sierra Juárez,Tanetze de Zaragoza,104,104,457.68,726.1298854434515
2014,temporal,Sierra Juárez,Sierra Juárez,Teococuilco de Marcos Pérez,241,241,1052.48,1669.8068122520622
2014,temporal,Sierra Juárez,Sierra Juárez,Totontepec Villa de Morelos,1415.5,1415.5,5875.48,9321.71302946445
2014,temporal,Sierra Juárez,Sierra Juárez,Villa Hidalgo Yalálag,140.5,140.5,825.74,1310.0736138919674
2014,temporal,Sierra Juárez,Sierra Juárez,Villa Talea de Castro,438.5,438.5,1964.22,3116.3232904774873
2014,temporal,Valles Centrales,Valles Centrales,Asunción Ocotlán,326,326,1222.57,1939.662240094827
2014,temporal,Valles Centrales,Valles Centrales,Ayoquezco de Aldama,1900,1100,5026.92,7975.434460176095
2014,temporal,Valles Centrales,Valles Centrales,Ciénega de Zimatlán,668,443,1327.47,2106.0908036829633
2014,temporal,Valles Centrales,Valles Centrales,Coatecas Altas,1156,946,3339.93,5298.949021781915
2014,temporal,Valles Centrales,Valles Centrales,Cuilápam de Guerrero,2137,2137,9898.14,15703.843874111266
2014,temporal,Valles Centrales,Valles Centrales,Guadalupe Etla,260.25,260.25,994.29,1577.4857625362029
2014,temporal,Valles Centrales,Valles Centrales,Heroica Ciudad de Ejutla de Crespo,4991,4786,17672.99,28038.99275507618
2014,temporal,Valles Centrales,Valles Centrales,Heroico San Martín de los Cansecos,397,283,1016.64,1612.9450418135607
2014,temporal,Valles Centrales,Valles Centrales,La Compañía,2157.5,1949.5,7198.01,11419.966301172912
2014,temporal,Valles Centrales,Valles Centrales,La Pe,1639.5,1584.5,5570.13,8837.261533833973
2014,temporal,Valles Centrales,Valles Centrales,Magdalena Apasco,829,723,2368.07,3757.049462117799
2014,temporal,Valles Centrales,Valles Centrales,Magdalena Mixtepec,498,498,1961.15,3111.4525975297697
2014,temporal,Valles Centrales,Valles Centrales,Magdalena Ocotlán,697,697,2825.74,4483.163482111909
2014,temporal,Valles Centrales,Valles Centrales,Magdalena Teitipac,804,804,3043.03,4827.903830844665
2014,temporal,Valles Centrales,Valles Centrales,Miahuatlán de Porfirio Díaz,7282,6762,25430.69,40346.93239042109
2014,temporal,Valles Centrales,Valles Centrales,Monjas,719,479,1729.71,2744.262637979358
2014,temporal,Valles Centrales,Valles Centrales,Nazareno Etla,140.15,140.15,528.31,838.1875541396387
2014,temporal,Valles Centrales,Valles Centrales,Oaxaca de Juárez,194.15,194.15,786.3,1247.5002816906701
2014,temporal,Valles Centrales,Valles Centrales,Ocotlán de Morelos,2799.9,2649.9,7412.74,11760.645094874346
2014,temporal,Valles Centrales,Valles Centrales,Reyes Etla,423,423,1575.99,2500.378950707973
2014,temporal,Valles Centrales,Valles Centrales,Rojas de Cuauhtémoc,120,120,465.22,738.0924342466407
2014,temporal,Valles Centrales,Valles Centrales,San Agustín Amatengo,537,424,1505.79,2389.003496333453
2014,temporal,Valles Centrales,Valles Centrales,San Agustín Etla,102,102,391.45,621.0530144573481
2014,temporal,Valles Centrales,Valles Centrales,San Agustín Yatareni,105,105,396.99,629.8424733923174
2014,temporal,Valles Centrales,Valles Centrales,San Agustín de Las Juntas,126.2,126.2,482.81,765.9997596376351
2014,temporal,Valles Centrales,Valles Centrales,San Andrés Huayápam,694,694,2695.53,4276.57946624145
2014,temporal,Valles Centrales,Valles Centrales,San Andrés Ixtlahuaca,503,443,1647.52,2613.864509844859
2014,temporal,Valles Centrales,Valles Centrales,San Andrés Paxtlán,370,370,1319.42,2093.319116963378
2014,temporal,Valles Centrales,Valles Centrales,San Andrés Zabache,289.5,266.5,966.38,1533.2052934251938
2014,temporal,Valles Centrales,Valles Centrales,San Andrés Zautla,775,745,2553.05,4050.5285440294615
2014,temporal,Valles Centrales,Valles Centrales,San Antonino Castillo Velasco,896,896,3633.32,5764.425440000439
2014,temporal,Valles Centrales,Valles Centrales,San Antonino El Alto,755,755,2630.51,4173.42231462562
2014,temporal,Valles Centrales,Valles Centrales,San Antonio Huitepec,2859,2849,10158.91,16117.567196579124
2014,temporal,Valles Centrales,Valles Centrales,San Antonio de La Cal,45,45,170.68,270.79148935388986
2014,temporal,Valles Centrales,Valles Centrales,San Baltazar Chichicápam,2699,2654,9787.84,15528.847967878937
2014,temporal,Valles Centrales,Valles Centrales,San Bartolo Coyotepec,834,834,3282.93,5208.515960537647
2014,temporal,Valles Centrales,Valles Centrales,San Bartolomé Quialana,442.5,442.5,2006.44,3183.30721759561
2014,temporal,Valles Centrales,Valles Centrales,San Bernardo Mixtepec,1285,885,3653.55,5796.521244017485
2014,temporal,Valles Centrales,Valles Centrales,San Cristóbal Amatlán,1377,1218,4584.07,7272.833036105494
2014,temporal,Valles Centrales,Valles Centrales,San Dionisio Ocotepec,4070,4048,16414.69,26042.643264485596
2014,temporal,Valles Centrales,Valles Centrales,San Dionisio Ocotlán,638,638,2528.69,4011.880309434542
2014,temporal,Valles Centrales,Valles Centrales,San Felipe Tejalápam,1127.75,1097.75,3686.86,5849.369055772688
2014,temporal,Valles Centrales,Valles Centrales,San Francisco Cahuacuá,1584,1584,6587.15,10450.809462722495
2014,temporal,Valles Centrales,Valles Centrales,San Francisco Lachigoló,395.55,395.55,1597.31,2534.2040887031976
2014,temporal,Valles Centrales,Valles Centrales,San Francisco Logueche,330,257,938.29,1488.6392462260446
2014,temporal,Valles Centrales,Valles Centrales,San Francisco Ozolotepec,461,441,1611.92,2557.3835101905443
2014,temporal,Valles Centrales,Valles Centrales,San Francisco Sola,402.25,392.25,1683.5,2670.948396574136
2014,temporal,Valles Centrales,Valles Centrales,San Francisco Telixtlahuaca,764.5,584.5,2035.59,3229.5550024249155
2014,temporal,Valles Centrales,Valles Centrales,San Ildefonso Amatlán,654,654,2615.77,4150.036642296838
2014,temporal,Valles Centrales,Valles Centrales,San Ildefonso Sola,290.75,285.75,1021.38,1620.465264801242
2014,temporal,Valles Centrales,Valles Centrales,San Jacinto Amilpas,38,38,142.87,226.66967473629154
2014,temporal,Valles Centrales,Valles Centrales,San Jacinto Tlacotepec,879,879,3805.1,6036.96212878185
2014,temporal,Valles Centrales,Valles Centrales,San Jerónimo Coatlán,1744,1694,6549.71,10391.409220389418
2014,temporal,Valles Centrales,Valles Centrales,San Jerónimo Sosola,1927,1324,4492.1,7126.918498515401
2014,temporal,Valles Centrales,Valles Centrales,San Jerónimo Taviche,559,514,1691,2682.8474835799607
2014,temporal,Valles Centrales,Valles Centrales,San Jerónimo Tlacochahuaya,533,533,2310.43,3665.6010121156996
2014,temporal,Valles Centrales,Valles Centrales,San José Lachiguiri,270,85,298.86,474.1548190081059
2014,temporal,Valles Centrales,Valles Centrales,San José del Peñasco,886,886,3350.33,5315.449089096659
2014,temporal,Valles Centrales,Valles Centrales,San José del Progreso,2223.25,2223.25,8338.33,13229.135220437194
2014,temporal,Valles Centrales,Valles Centrales,San Juan Bautista Atatlahuca,577,577,2343.83,3718.5916129149728
2014,temporal,Valles Centrales,Valles Centrales,San Juan Bautista Guelache,390,390,1453.78,2306.4872943103933
2014,temporal,Valles Centrales,Valles Centrales,San Juan Bautista Jayacatlán,504,504,1905.62,3023.3517573386425
2014,temporal,Valles Centrales,Valles Centrales,San Juan Chilateca,481,481,1901.87,3017.40221383573
2014,temporal,Valles Centrales,Valles Centrales,San Juan Guelavía,430,430,1804.51,2862.9361990507837
2014,temporal,Valles Centrales,Valles Centrales,San Juan Lachigalla,569,484,1783.98,2830.3644315535057
2014,temporal,Valles Centrales,Valles Centrales,San Juan Mixtepec,322,322,1188.2,1885.1326907094674
2014,temporal,Valles Centrales,Valles Centrales,San Juan Ozolotepec,533,533,1945.28,3086.2741294254442
2014,temporal,Valles Centrales,Valles Centrales,San Juan Teitipac,447,447,1644.9,2609.7077621174913
2014,temporal,Valles Centrales,Valles Centrales,San Juan del Estado,609.75,609.75,2341.53,3714.9425595665202
2014,temporal,Valles Centrales,Valles Centrales,San Juan del Río,500,450,1670.32,2650.0377343425666
2014,temporal,Valles Centrales,Valles Centrales,San Lorenzo Albarradas,1306,1306,5612.05,8903.769497471862
2014,temporal,Valles Centrales,Valles Centrales,San Lorenzo Cacaotepec,505,450,1212.15,1923.1304418814013
2014,temporal,Valles Centrales,Valles Centrales,San Lorenzo Texmelúcan,1655,1655,6684.01,10604.482205040387
2014,temporal,Valles Centrales,Valles Centrales,San Lucas Quiaviní,452,452,2031.49,3223.0501681950645
2014,temporal,Valles Centrales,Valles Centrales,San Luis Amatlán,3514,3405,11962.9,18979.67839226417
2014,temporal,Valles Centrales,Valles Centrales,San Marcial Ozolotepec,401,401,1494.72,2371.4404439128557
2014,temporal,Valles Centrales,Valles Centrales,San Martín Lachilá,744,744,2714.71,4307.009398077679
2014,temporal,Valles Centrales,Valles Centrales,San Martín Tilcajete,791.25,756.25,2626.56,4167.155462135885
2014,temporal,Valles Centrales,Valles Centrales,San Mateo Río Hondo,622,622,2356.47,3738.645540882123
2014,temporal,Valles Centrales,Valles Centrales,San Mateo Yucutindoo,2192,2192,8549.87,13564.752935798819
2014,temporal,Valles Centrales,Valles Centrales,San Miguel Coatlán,1355,1355,4955.27,7861.758515647116
2014,temporal,Valles Centrales,Valles Centrales,San Miguel Ejutla,403,403,1627.61,2582.2764002067297
2014,temporal,Valles Centrales,Valles Centrales,San Miguel Mixtepec,1205,875.5,3221.68,5111.340083323411
2014,temporal,Valles Centrales,Valles Centrales,San Miguel Peras,1284.5,1284.5,5114.11,8113.765312981142
2014,temporal,Valles Centrales,Valles Centrales,San Miguel Suchixtepec,330,330,1197.94,1900.5856383676985
2014,temporal,Valles Centrales,Valles Centrales,San Miguel Tilquiápam,420,335,1101.81,1748.0710738517068
2014,temporal,Valles Centrales,Valles Centrales,San Nicolás,549,549,2067.07,3279.4994369506976
2014,temporal,Valles Centrales,Valles Centrales,San Pablo Coatlán,1561,1561,5807.43,9213.748646698268
2014,temporal,Valles Centrales,Valles Centrales,San Pablo Cuatro Venados,901,901,3350.34,5315.464954546
2014,temporal,Valles Centrales,Valles Centrales,San Pablo Etla,531,531,2075.66,3293.1278579347018
2014,temporal,Valles Centrales,Valles Centrales,San Pablo Huitzo,495,305,1060.88,1683.133789698586
2014,temporal,Valles Centrales,Valles Centrales,San Pablo Huixtepec,1484,1184,4488.35,7120.968955012489
2014,temporal,Valles Centrales,Valles Centrales,San Pablo Villa de Mitla,1485,1485,6046.59,9593.18673314001
2014,temporal,Valles Centrales,Valles Centrales,San Pedro Apóstol,780.25,780.25,3001.58,4762.141543325806
2014,temporal,Valles Centrales,Valles Centrales,San Pedro Ixtlahuaca,951,851,3016.66,4786.066640932185
2014,temporal,Valles Centrales,Valles Centrales,San Pedro Mixtepec,285,285,1010.76,1603.6161576009943
2014,temporal,Valles Centrales,Valles Centrales,San Pedro Mártir,673.5,653.5,2180.99,3460.238635844505
2014,temporal,Valles Centrales,Valles Centrales,San Pedro Quiatoni,1974,1890,7001.46,11108.130894373597
2014,temporal,Valles Centrales,Valles Centrales,San Pedro Taviche,607,557,1850.81,2936.393229500075
2014,temporal,Valles Centrales,Valles Centrales,San Pedro Totolápam,802.5,802.5,3557.78,5644.577835677773
2014,temporal,Valles Centrales,Valles Centrales,San Raymundo Jalpan,222,222,1386.25,2199.347914909947
2014,temporal,Valles Centrales,Valles Centrales,San Sebastián Abasolo,307.2,307.2,1330.94,2111.5961146043246
2014,temporal,Valles Centrales,Valles Centrales,San Sebastián Coatlán,1155,1155,3739.49,5932.868915654894
2014,temporal,Valles Centrales,Valles Centrales,San Sebastián Río Hondo,870,870,3074.16,4877.2929746435075
2014,temporal,Valles Centrales,Valles Centrales,San Sebastián Teitipac,522.5,522.5,2300.39,3649.672100977236
2014,temporal,Valles Centrales,Valles Centrales,San Sebastián Tutla,68,68,267.82,424.9084642533324
2014,temporal,Valles Centrales,Valles Centrales,San Simón Almolongas,543,428,1519.64,2410.977143670876
2014,temporal,Valles Centrales,Valles Centrales,San Vicente Coatlán,1666,1666,6556.61,10402.356380434776
2014,temporal,Valles Centrales,Valles Centrales,San Vicente Lachixío,851,851,3144.07,4988.208330987137
2014,temporal,Valles Centrales,Valles Centrales,Santa Ana,656,656,2365.79,3753.432139668028
2014,temporal,Valles Centrales,Valles Centrales,Santa Ana Tlapacoyan,1355,1303,4770.32,7568.327030083476
2014,temporal,Valles Centrales,Valles Centrales,Santa Ana Zegache,1870,1870,7188.67,11405.147971488324
2014,temporal,Valles Centrales,Valles Centrales,Santa Ana del Valle,459.5,459.5,1908.42,3027.794083154151
2014,temporal,Valles Centrales,Valles Centrales,Santa Catarina Cuixtla,456,456,1751.18,2778.3257577146987
2014,temporal,Valles Centrales,Valles Centrales,Santa Catarina Minas,372,352,1255.44,1991.8119720790219
2014,temporal,Valles Centrales,Valles Centrales,Santa Catarina Quiané,885,885,3341.49,5301.424031879126
2014,temporal,Valles Centrales,Valles Centrales,Santa Cruz Amilpas,30,30,112.82,178.9939994662869
2014,temporal,Valles Centrales,Valles Centrales,Santa Cruz Mixtepec,1295,1265,4518.24,7168.390783093035
2014,temporal,Valles Centrales,Valles Centrales,Santa Cruz Papalutla,488,488,1923.83,3052.242740588785
2014,temporal,Valles Centrales,Valles Centrales,Santa Cruz Xitla,746,654,2312.14,3668.314003953028
2014,temporal,Valles Centrales,Valles Centrales,Santa Cruz Xoxocotlán,271,271,1089.32,1728.2551276246734
2014,temporal,Valles Centrales,Valles Centrales,Santa Cruz Zenzontepec,5292.73,5292.73,21619,34299.51493052346
2014,temporal,Valles Centrales,Valles Centrales,Santa Gertrudis,2631,2601,10013.24,15886.455196027324
2014,temporal,Valles Centrales,Valles Centrales,Santa Inés Yatzeche,163.75,163.75,677.68,1075.169770947645
2014,temporal,Valles Centrales,Valles Centrales,Santa Inés del Monte,1067,1067,4238.64,6724.7928195158875
2014,temporal,Valles Centrales,Valles Centrales,Santa Lucía Miahuatlán,445,445,1625.89,2579.5475429200606
2014,temporal,Valles Centrales,Valles Centrales,Santa Lucía Ocotlán,1010.2,985.2,3492.02,5540.2466408107
2014,temporal,Valles Centrales,Valles Centrales,Santa Lucía del Camino,34,34,127.64,202.50659538979667
2014,temporal,Valles Centrales,Valles Centrales,Santa María Atzompa,460,460,1871.31,2968.9174006493295
2014,temporal,Valles Centrales,Valles Centrales,Santa María Coyotepec,175,175,614.23,974.5034948783674
2014,temporal,Valles Centrales,Valles Centrales,Santa María Guelacé,243,243,1099.28,1744.0571151684087
2014,temporal,Valles Centrales,Valles Centrales,Santa María Lachixío,546,491,1875.47,2975.517427575227
2014,temporal,Valles Centrales,Valles Centrales,Santa María Ozolotepec,650,650,2431.31,3857.382563750913
2014,temporal,Valles Centrales,Valles Centrales,Santa María Peñoles,2574.35,2574.35,10425.46,16540.460748766134
2014,temporal,Valles Centrales,Valles Centrales,Santa María Sola,828,803,3267.96,5184.76538287402
2014,temporal,Valles Centrales,Valles Centrales,Santa María Zaniza,527,527,2202.36,3494.1431010864358
2014,temporal,Valles Centrales,Valles Centrales,Santa María Zoquitlán,1045,989.75,4399.74,6980.385208401003
2014,temporal,Valles Centrales,Valles Centrales,Santa María del Tule,420,420,1676.14,2659.271425859087
2014,temporal,Valles Centrales,Valles Centrales,Santiago Amoltepec,2199,2199,8383.05,13300.08550989059
2014,temporal,Valles Centrales,Valles Centrales,Santiago Apóstol,1697.5,1697.5,6509.27,10327.24934325401
2014,temporal,Valles Centrales,Valles Centrales,Santiago Matatlán,1313,1173,4962.9,7873.863853494374
2014,temporal,Valles Centrales,Valles Centrales,Santiago Minas,705,705,2565.44,4070.185835763084
2014,temporal,Valles Centrales,Valles Centrales,Santiago Suchilquitongo,666,541,1925.19,3054.4004416991747
2014,temporal,Valles Centrales,Valles Centrales,Santiago Tenango,643,643,2636.58,4183.052642375667
2014,temporal,Valles Centrales,Valles Centrales,Santiago Textitlán,993,993,4377.41,6944.957660022327
2014,temporal,Valles Centrales,Valles Centrales,Santiago Tlazoyaltepec,1199.5,1172.5,4191.66,6650.2569385114
2014,temporal,Valles Centrales,Valles Centrales,Santiago Xanica,529,529,2020.51,3205.6299048185374
2014,temporal,Valles Centrales,Valles Centrales,Santo Domingo Albarradas,464,464,2068.57,3281.8792543518625
2014,temporal,Valles Centrales,Valles Centrales,Santo Domingo Ozolotepec,289,289,1158.43,1837.9012480210138
2014,temporal,Valles Centrales,Valles Centrales,Santo Domingo Teojomulco,849,849,3677.56,5834.614187885464
2014,temporal,Valles Centrales,Valles Centrales,Santo Domingo Tomaltepec,118.5,118.5,525.47,833.6817665267664
2014,temporal,Valles Centrales,Valles Centrales,Santo Tomás Jalieza,2415.5,1563.5,5073.37,8049.129472365503
2014,temporal,Valles Centrales,Valles Centrales,Santo Tomás Mazaltepec,1227,827,2403.58,3813.3876727280435
2014,temporal,Valles Centrales,Valles Centrales,Santo Tomás Tamazulapan,709,589,2283.5,3622.8753570401186
2014,temporal,Valles Centrales,Valles Centrales,Sitio de Xitlapehua,681,461,1728.42,2742.215995014356
2014,temporal,Valles Centrales,Valles Centrales,Soledad Etla,933,933,3669.57,5821.937693861926
2014,temporal,Valles Centrales,Valles Centrales,Taniche,559,559,2050.34,3252.956540203038
2014,temporal,Valles Centrales,Valles Centrales,Teotitlán del Valle,685,650,2588.63,4106.977812785094
2014,temporal,Valles Centrales,Valles Centrales,Tlacolula de Matamoros,2916.75,2856.75,12786.71,20286.689974433306
2014,temporal,Valles Centrales,Valles Centrales,Tlalixtac de Cabrera,844.75,844.75,3363.9,5336.9785038525315
2014,temporal,Valles Centrales,Valles Centrales,Trinidad Zaachila,804,779,3189,5059.491794876697
2014,temporal,Valles Centrales,Valles Centrales,Villa Díaz Ordaz,996.05,986.05,4515.32,7163.758071885433
2014,temporal,Valles Centrales,Valles Centrales,Villa Sola de Vega,4385.5,4365.5,18096.42,28710.783476526358
2014,temporal,Valles Centrales,Valles Centrales,Villa de Etla,67,67,280.33,444.75614137904813
2014,temporal,Valles Centrales,Valles Centrales,Villa de Zaachila,1942,1917,8688.84,13785.235085292079
2014,temporal,Valles Centrales,Valles Centrales,Yaxe,1283.5,1253.5,4679.56,7424.332211863656
2014,temporal,Valles Centrales,Valles Centrales,Yogana,491,456,1634.33,2592.9379821639486
2014,temporal,Valles Centrales,Valles Centrales,Zimatlán de Álvarez,5864,5764,21798.61,34584.474266138954
2014,temporal,Valles Centrales,Valles Centrales,Ánimas Trujano,261.5,261.5,1002.17,1589.9877366169894
2019,riego,Cañada,Cañada,Concepción Pápalo,90,90,923.56,1203.4165881194233
2019,riego,Cañada,Cañada,Cuyamecalco Villa de Zaragoza,32.75,32.75,347.14,452.3301511539874
2019,riego,Cañada,Cañada,Eloxochitlán de Flores Magón,0.09,0.09,28.34,36.92756952153023
2019,riego,Cañada,Cañada,Huautla de Jiménez,0.15,0.15,47.9,62.41462879609379
2019,riego,Cañada,Cañada,Mazatlán Villa de Flores,133.45,133.45,4288.09,5587.464417416322
2019,riego,Cañada,Cañada,San Antonio Nanahuatípam,88.4,88.4,3604.91,4697.267630340844
2019,riego,Cañada,Cañada,San Juan Bautista Cuicatlán,273.65,273.65,11164.95,14548.146341898693
2019,riego,Cañada,Cañada,San Juan Tepeuxila,83.45,83.45,2361.73,3077.3799846889056
2019,riego,Cañada,Cañada,San Juan de Los Cués,55.8,55.8,5616.93,7318.968704042653
2019,riego,Cañada,Cañada,San Martín Toxpalan,122.8,122.8,4021.93,5240.652776490052
2019,riego,Cañada,Cañada,San Pedro Sochiápam,0.2,0.2,246.66,321.40276281512513
2019,riego,Cañada,Cañada,Santa María Chilchotla,136.5,136.5,1467.34,1911.9724721849739
2019,riego,Cañada,Cañada,Santa María Tecomavaca,162.25,162.25,11448.65,14917.812942931088
2019,riego,Cañada,Cañada,Santa María Texcatitlán,46.5,46.5,1321.56,1722.018305464837
2019,riego,Cañada,Cañada,Santiago Nacaltepec,179,179,1872.92,2440.4510765089767
2019,riego,Cañada,Cañada,Santos Reyes Pápalo,23.65,23.65,371.64,484.2541262167076
2019,riego,Cañada,Cañada,Teotitlán de Flores Magón,179.85,179.85,10716.85,13964.263353098491
2019,riego,Cañada,Cañada,Valerio Trujano,82.25,82.25,2463.32,3209.753724551018
2019,riego,Costa,Costa,Candelaria Loxicha,16,16,158.29,206.2549392929788
2019,riego,Costa,Costa,Mártires de Tacubaya,43.5,43.5,495.85,646.1021646877475
2019,riego,Costa,Costa,Pinotepa de Don Luis,27,27,876.35,1141.901042702647
2019,riego,Costa,Costa,San Agustín Chayuco,258.5,258.5,2995.62,3903.3509460157507
2019,riego,Costa,Costa,San Andrés Huaxpaltepec,206.5,206.5,2787.37,3631.9971579826292
2019,riego,Costa,Costa,San Antonio Tepetlapa,191.5,191.5,2167.54,2824.346649283614
2019,riego,Costa,Costa,San Gabriel Mixtepec,22,22,178.21,232.21108554805582
2019,riego,Costa,Costa,San Juan Bautista Lo de Soto,73.5,73.5,1074.25,1399.7685800460074
2019,riego,Costa,Costa,San Juan Cacahuatepec,209.5,209.5,2597.54,3384.6449871191116
2019,riego,Costa,Costa,San Juan Colorado,165,165,2172.63,2830.9790179803185
2019,riego,Costa,Costa,San Juan Lachao,17,17,118.21,154.02992212914918
2019,riego,Costa,Costa,San Lorenzo,165.5,165.5,1796.48,2340.8482743132895
2019,riego,Costa,Costa,San Miguel Panixtlahuaca,21,21,197.13,256.8642124128177
2019,riego,Costa,Costa,San Miguel Tlacamama,79,79,3539.98,4612.662581327684
2019,riego,Costa,Costa,San Miguel del Puerto,38.5,38.5,388.2,505.8321273203258
2019,riego,Costa,Costa,San Pedro Atoyac,329,329,3750.14,4886.5051363963075
2019,riego,Costa,Costa,San Pedro Jicayán,87,87,1164.32,1517.1315365316893
2019,riego,Costa,Costa,San Pedro Juchatengo,98,98,967.05,1260.0849014042274
2019,riego,Costa,Costa,San Pedro Mixtepec,263.7,263.7,7019.09,9146.010372366889
2019,riego,Costa,Costa,San Pedro Pochutla,34,34,389.23,507.1742372923504
2019,riego,Costa,Costa,San Sebastián Ixcapa,86,86,3828.45,4988.544584851884
2019,riego,Costa,Costa,Santa Catarina Juquila,111,111,1062.43,1384.3668908524828
2019,riego,Costa,Costa,Santa Catarina Mechoacán,68.5,68.5,818.96,1067.120759892463
2019,riego,Costa,Costa,Santa María Colotepec,278,278,9891.94,12889.389627833654
2019,riego,Costa,Costa,Santa María Cortijo,58.5,58.5,746.49,972.6909446763268
2019,riego,Costa,Costa,Santa María Huatulco,65,65,2964.67,3863.0224958854983
2019,riego,Costa,Costa,Santa María Huazolotitlán,459.5,459.5,13782.01,17958.226267516755
2019,riego,Costa,Costa,Santa María Temaxcaltepec,22,22,210.29,274.0119475893645
2019,riego,Costa,Costa,Santa María Tonameca,215.7,215.7,11247.13,14655.228475394786
2019,riego,Costa,Costa,Santiago Ixtayutla,197.5,197.5,2092.73,2726.867768694141
2019,riego,Costa,Costa,Santiago Jamiltepec,1262,1262,29207.57,38058.03005398591
2019,riego,Costa,Costa,Santiago Llano Grande,202,202,3191.83,4159.016380589479
2019,riego,Costa,Costa,Santiago Pinotepa Nacional,688.8,688.8,16863.29,21973.1938545069
2019,riego,Costa,Costa,Santiago Tapextla,78.5,78.5,1198.78,1562.033584721948
2019,riego,Costa,Costa,Santiago Tetepec,35.5,35.5,555.71,724.1009053920101
2019,riego,Costa,Costa,Santo Domingo Armenta,197,197,21703.3,28279.820733825934
2019,riego,Costa,Costa,Santo Domingo de Morelos,37,37,1877.55,2446.4840562861355
2019,riego,Costa,Costa,Santos Reyes Nopala,222,222,2108.34,2747.20790137696
2019,riego,Costa,Costa,Tataltepec de Valdés,66,66,2247.31,2928.2885060490507
2019,riego,Costa,Costa,Villa de Tututepec,274.5,274.5,10006.8,13039.054435005246
2019,riego,Istmo,Istmo,Asunción Ixtaltepec,692.7,692.7,7143.59,9308.23628646112
2019,riego,Istmo,Istmo,Asunción Tlacolulita,108.75,108.75,1504.09,1959.8584347790543
2019,riego,Istmo,Istmo,Ciudad Ixtepec,914.6,914.6,8575.23,11173.690966411843
2019,riego,Istmo,Istmo,El Espinal,572,572,6534.7,8514.840809892152
2019,riego,Istmo,Istmo,Heroica Ciudad de Juchitán de Zaragoza,1700,1700,16698.92,21759.0165573208
2019,riego,Istmo,Istmo,Heroica Villa de San Blas Atempa,3117.15,3117.15,39098.82,50946.52059844024
2019,riego,Istmo,Istmo,Magdalena Tequisistlán,220.75,220.75,4575.67,5962.186733683141
2019,riego,Istmo,Istmo,Magdalena Tlacotepec,377.75,377.75,3799.3,4950.561569624199
2019,riego,Istmo,Istmo,Nejapa de Madero,586,586,13374.58,17427.33707732067
2019,riego,Istmo,Istmo,San Carlos Yautepec,47.25,47.25,649.01,845.6726145084098
2019,riego,Istmo,Istmo,San Pedro Comitancillo,333.05,333.05,3293.83,4291.92435840162
2019,riego,Istmo,Istmo,San Pedro Huamelula,689.95,689.95,6555.58,8542.047854761931
2019,riego,Istmo,Istmo,San Pedro Huilotepec,613,613,5865.65,7643.055686801827
2019,riego,Istmo,Istmo,San Pedro Mártir Quiechapa,73,73,858.74,1118.954871239198
2019,riego,Istmo,Istmo,Santa Ana Tavela,49.25,49.25,462.97,603.2588871341867
2019,riego,Istmo,Istmo,Santa María Jalapa del Marqués,1059.7,1059.7,10703.16,13946.425017645077
2019,riego,Istmo,Istmo,Santa María Mixtequilla,484.25,484.25,5405.04,7042.871925428784
2019,riego,Istmo,Istmo,Santa María Xadani,121.75,121.75,1207.28,1573.1092495396265
2019,riego,Istmo,Istmo,Santiago Astata,83.75,83.75,911.79,1188.0800498954145
2019,riego,Istmo,Istmo,Santiago Laollaga,661.4,661.4,6264.02,8162.139521321658
2019,riego,Istmo,Istmo,Santo Domingo Chihuitán,587.7,587.7,6407.03,8348.48432433062
2019,riego,Istmo,Istmo,Santo Domingo Ingenio,536.5,536.5,5832.43,7599.76938265556
2019,riego,Istmo,Istmo,Santo Domingo Tehuantepec,2057.82,2057.82,25599.61,33356.7882145046
2019,riego,Istmo,Istmo,Unión Hidalgo,169.25,169.25,1991.28,2594.676451546673
2019,riego,Mixteca,Huajuapan de León,Asunción Cuyotepeji,47,47,1265.75,1649.296793291351
2019,riego,Mixteca,Huajuapan de León,Asunción Nochixtlán,70.75,70.75,1621.77,2113.1977566313367
2019,riego,Mixteca,Huajuapan de León,Calihualá,33.37,33.37,292.44,381.0549905037509
2019,riego,Mixteca,Huajuapan de León,Chalcatongo de Hidalgo,184.15,184.15,2853.21,3717.7879546409763
2019,riego,Mixteca,Huajuapan de León,Coicoyán de Las Flores,64.62,64.62,1731.43,2256.0868629732918
2019,riego,Mixteca,Huajuapan de León,Concepción Buenavista,0.4,0.4,246.94,321.76760824441334
2019,riego,Mixteca,Huajuapan de León,Constancia del Rosario,101.7,101.7,1198.85,1562.12479607927
2019,riego,Mixteca,Huajuapan de León,"H. V. Tezoatlán de Segura y Luna, C. de la I.de O.",1206.4,1206.4,24515.48,31944.14580288228
2019,riego,Mixteca,Huajuapan de León,Heroica Ciudad de Huajuapan de León,152.15,152.15,6993.94,9113.239434700463
2019,riego,Mixteca,Huajuapan de León,Heroica Ciudad de Tlaxiaco,122.1,122.1,1747.44,2276.9482034122366
2019,riego,Mixteca,Huajuapan de León,La Reforma,253.5,253.5,2899.91,3778.6389601686915
2019,riego,Mixteca,Huajuapan de León,La Trinidad Vista Hermosa,0.45,0.45,283.51,369.4190273482369
2019,riego,Mixteca,Huajuapan de León,Magdalena Jaltepec,8.75,8.75,375.43,489.1925697060019
2019,riego,Mixteca,Huajuapan de León,Magdalena Peñasco,2,2,1140.39,1485.9502825214488
2019,riego,Mixteca,Huajuapan de León,Magdalena Yodocono de Porfirio Díaz,63.5,63.5,639.65,833.4763530150603
2019,riego,Mixteca,Huajuapan de León,Magdalena Zahuatlán,51.5,51.5,609.73,794.4900128568323
2019,riego,Mixteca,Huajuapan de León,Mariscala de Juárez,140.4,125.4,2888.57,3763.8627202825187
2019,riego,Mixteca,Huajuapan de León,Mesones Hidalgo,252,252,6780.54,8835.17509680722
2019,riego,Mixteca,Huajuapan de León,Putla Villa de Guerrero,554.15,554.15,5098.71,6643.717995593556
2019,riego,Mixteca,Huajuapan de León,San Agustín Atenango,173.52,153.52,6577.98,8571.235489104989
2019,riego,Mixteca,Huajuapan de León,San Andrés Cabecera Nueva,79.2,79.2,742.58,967.5961388601947
2019,riego,Mixteca,Huajuapan de León,San Andrés Dinicuiti,81.47,81.47,1214.93,1583.077347875537
2019,riego,Mixteca,Huajuapan de León,San Andrés Lagunas,0.5,0.5,286.34,373.1065722228287
2019,riego,Mixteca,Huajuapan de León,San Andrés Nuxiño,24.5,24.5,311.67,406.1120533795105
2019,riego,Mixteca,Huajuapan de León,San Andrés Sinaxtla,266.99,266.99,3921.22,5109.425693691417
2019,riego,Mixteca,Huajuapan de León,San Antonio Sinicahua,0.3,0.3,80.89,105.40123848258928
2019,riego,Mixteca,Huajuapan de León,San Cristóbal Amoltepec,1.65,1.65,690.85,900.1909457991941
2019,riego,Mixteca,Huajuapan de León,San Cristóbal Suchixtlahuaca,0.3,0.3,183.79,239.48193374601414
2019,riego,Mixteca,Huajuapan de León,San Esteban Atatlahuca,15.9,15.9,1349.55,1758.489818199757
2019,riego,Mixteca,Huajuapan de León,San Francisco Chindúa,176.75,176.75,2056.54,2679.711496958637
2019,riego,Mixteca,Huajuapan de León,San Francisco Jaltepetongo,72.25,72.25,869.28,1132.688695613119
2019,riego,Mixteca,Huajuapan de León,San Francisco Nuxaño,79,79,769.86,1003.1425078279909
2019,riego,Mixteca,Huajuapan de León,San Francisco Tlapancingo,40,40,515.56,671.7846768708582
2019,riego,Mixteca,Huajuapan de León,San Jerónimo Silacayoapilla,0.12,0.12,65.91,85.88200801566892
2019,riego,Mixteca,Huajuapan de León,San Jorge Nuchita,165.67,165.67,1607.72,2094.890334197409
2019,riego,Mixteca,Huajuapan de León,San José Ayuquila,4.65,4.65,256.35,334.02902070727856
2019,riego,Mixteca,Huajuapan de León,San Juan Achiutla,27.5,27.5,176.6,230.1132243296485
2019,riego,Mixteca,Huajuapan de León,San Juan Bautista Suchitepec,28.5,28.5,314.47,409.7605076723928
2019,riego,Mixteca,Huajuapan de León,San Juan Bautista Tlachichilco,36.12,36.12,303.07,394.9060866228005
2019,riego,Mixteca,Huajuapan de León,San Juan Cieneguilla,0.12,0.12,59.31,77.2820800395892
2019,riego,Mixteca,Huajuapan de León,San Juan Ihualtepec,0.06,0.06,26.48,34.50395345554412
2019,riego,Mixteca,Huajuapan de León,San Juan Mixtepec,75.6,75.6,3123.68,4070.2156091395036
2019,riego,Mixteca,Huajuapan de León,San Juan Sayultepec,176.6,176.6,4016.5,5233.577381200641
2019,riego,Mixteca,Huajuapan de León,San Juan Teita,55.2,55.2,403.42,525.6640824409219
2019,riego,Mixteca,Huajuapan de León,San Juan Teposcolula,0.5,0.5,283.17,368.9760007555298
2019,riego,Mixteca,Huajuapan de León,San Juan Yucuita,53.5,53.5,1241.44,1617.6203919127906
2019,riego,Mixteca,Huajuapan de León,San Juan Ñumí,23.7,23.7,681.47,887.9686239180384
2019,riego,Mixteca,Huajuapan de León,San Lorenzo Victoria,77.9,62.9,894.2,1165.1599388197717
2019,riego,Mixteca,Huajuapan de León,San Marcos Arteaga,160.77,160.77,3348.4,4363.0301265311155
2019,riego,Mixteca,Huajuapan de León,San Martín Huamelúlpam,33.85,33.85,598.31,779.6095314194337
2019,riego,Mixteca,Huajuapan de León,San Martín Itunyoso,0.1,0.1,24.76,32.26276010420214
2019,riego,Mixteca,Huajuapan de León,San Martín Peras,0.4,0.4,213.33,277.9731265359225
2019,riego,Mixteca,Huajuapan de León,San Martín Zacatepec,32.12,32.12,356.46,464.47429187172423
2019,riego,Mixteca,Huajuapan de León,San Mateo Etlatongo,70.85,70.85,1851.46,2412.4882803928144
2019,riego,Mixteca,Huajuapan de León,San Mateo Nejápam,6.56,6.56,86.21,112.33330163906565
2019,riego,Mixteca,Huajuapan de León,San Mateo Peñasco,45.05,45.05,937.74,1221.8934030740916
2019,riego,Mixteca,Huajuapan de León,San Mateo Sindihui,68,68,706.2,920.192293440531
2019,riego,Mixteca,Huajuapan de León,San Miguel Achiutla,19.7,19.7,292.88,381.62831903548954
2019,riego,Mixteca,Huajuapan de León,San Miguel Ahuehuetitlán,4.62,4.62,91.09,118.6920362638034
2019,riego,Mixteca,Huajuapan de León,San Miguel Amatitlán,0.12,0.12,64.28,83.7580864094553
2019,riego,Mixteca,Huajuapan de León,San Miguel El Grande,28.85,28.85,1394.65,1817.2559927029688
2019,riego,Mixteca,Huajuapan de León,San Miguel Huautla,21,21,214.22,279.13281379330294
2019,riego,Mixteca,Huajuapan de León,San Miguel Tecomatlán,96.25,96.25,1039.39,1354.3453240996228
2019,riego,Mixteca,Huajuapan de León,San Miguel Tequixtepec,0.15,0.15,90.7,118.18385870158052
2019,riego,Mixteca,Huajuapan de León,San Miguel Tlacotepec,0.15,0.15,84.12,109.60999111330709
2019,riego,Mixteca,Huajuapan de León,San Miguel Tulancingo,2,2,1334.88,1739.3745237438347
2019,riego,Mixteca,Huajuapan de León,San Nicolás Hidalgo,77.58,62.58,1357.69,1769.0963960369222
2019,riego,Mixteca,Huajuapan de León,San Pablo Tijaltepec,15,15,289.44,377.14593233280556
2019,riego,Mixteca,Huajuapan de León,San Pedro Amuzgos,135.87,135.87,3034.31,3953.7647662270424
2019,riego,Mixteca,Huajuapan de León,San Pedro Coxcaltepec Cántaros,0.21,0.21,137.18,178.74819996342686
2019,riego,Mixteca,Huajuapan de León,San Pedro Molinos,24.6,24.6,360.62,469.8948525354351
2019,riego,Mixteca,Huajuapan de León,San Pedro Mártir Yucuxaco,0.2,0.2,80.65,105.08851382891366
2019,riego,Mixteca,Huajuapan de León,San Pedro Teozacoalco,25.9,25.9,311.98,406.51598939050814
2019,riego,Mixteca,Huajuapan de León,San Pedro Tidaá,34.25,34.25,295.64,385.2246525527592
2019,riego,Mixteca,Huajuapan de León,San Pedro Topiltepec,0.1,0.1,61.08,79.58842436044694
2019,riego,Mixteca,Huajuapan de León,San Pedro Y San Pablo Teposcolula,0.65,0.65,408.08,531.7361527997903
2019,riego,Mixteca,Huajuapan de León,San Pedro Y San Pablo Tequixtepec,41.3,41.3,472.36,615.4942392092455
2019,riego,Mixteca,Huajuapan de León,San Pedro Yucunama,0.45,0.45,275.65,359.1772949403601
2019,riego,Mixteca,Huajuapan de León,San Sebastián Nicananduta,0.3,0.3,185.13,241.22797972903638
2019,riego,Mixteca,Huajuapan de León,San Sebastián Tecomaxtlahuaca,88.95,88.95,2007.06,2615.238097525845
2019,riego,Mixteca,Huajuapan de León,Santa Catarina Tayata,0.54,0.54,269.61,351.3070578228569
2019,riego,Mixteca,Huajuapan de León,Santa Catarina Ticuá,1.6,1.6,150.01,195.4659387411697
2019,riego,Mixteca,Huajuapan de León,Santa Catarina Yosonotú,0.25,0.25,107.74,140.38730911254999
2019,riego,Mixteca,Huajuapan de León,Santa Catarina Zapoquila,10.5,10.5,80.2,104.50215510327186
2019,riego,Mixteca,Huajuapan de León,Santa Cruz Itundujia,78.8,78.8,557.21,726.0554344774827
2019,riego,Mixteca,Huajuapan de León,Santa Cruz Nundaco,3.7,3.7,2107.85,2746.5694218757053
2019,riego,Mixteca,Huajuapan de León,Santa Cruz Tacache de Mina,198,178,3321.16,4327.535878338932
2019,riego,Mixteca,Huajuapan de León,Santa Cruz Tacahua,0.1,0.1,26.42,34.42577229212522
2019,riego,Mixteca,Huajuapan de León,Santa Cruz Tayata,0.2,0.2,94.43,123.04412102745589
2019,riego,Mixteca,Huajuapan de León,Santa Inés de Zaragoza,17.25,17.25,291.87,380.3122694512713
2019,riego,Mixteca,Huajuapan de León,Santa Lucía Monteverde,0.4,0.4,136.17,177.43215037920857
2019,riego,Mixteca,Huajuapan de León,Santa Magdalena Jicotlán,0.12,0.12,69.85,91.01590441351046
2019,riego,Mixteca,Huajuapan de León,Santa María Apazco,51.75,51.75,428.1,557.8226009938987
2019,riego,Mixteca,Huajuapan de León,Santa María Camotlán,92.6,92.6,7481.36,9748.357145927854
2019,riego,Mixteca,Huajuapan de León,Santa María Chachoápam,98.5,98.5,1175.23,1531.3474780800273
2019,riego,Mixteca,Huajuapan de León,Santa María Ipalapa,336,336,6534.56,8514.658387177507
2019,riego,Mixteca,Huajuapan de León,Santa María Nativitas,3,3,2156.92,2810.508583358468
2019,riego,Mixteca,Huajuapan de León,Santa María Nduayaco,0.24,0.24,130.86,170.51311741663537
2019,riego,Mixteca,Huajuapan de León,Santa María Yolotepec,1.1,1.1,467.91,609.6958029223433
2019,riego,Mixteca,Huajuapan de León,Santa María Yosoyúa,14.07,14.07,145.13,189.10720411643197
2019,riego,Mixteca,Huajuapan de León,Santa María Yucuhiti,117.3,117.3,677.47,882.7565463567779
2019,riego,Mixteca,Huajuapan de León,Santa María Zacatepec,609,609,10881.95,14179.391854439516
2019,riego,Mixteca,Huajuapan de León,Santa María del Rosario,0.1,0.1,35.39,46.11385622325176
2019,riego,Mixteca,Huajuapan de León,Santiago Apoala,70.2,70.2,980.67,1277.8320255003193
2019,riego,Mixteca,Huajuapan de León,Santiago Ayuquililla,0.9,0.9,572.5,745.9786009554007
2019,riego,Mixteca,Huajuapan de León,Santiago Cacaloxtepec,0.12,0.12,63.09,82.20749333498031
2019,riego,Mixteca,Huajuapan de León,Santiago Huajolotitlán,156,156,16883.42,21999.42363483394
2019,riego,Mixteca,Huajuapan de León,Santiago Huauclilla,31.86,31.86,455.95,594.1116910141745
2019,riego,Mixteca,Huajuapan de León,Santiago Juxtlahuaca,191.6,171.6,3670.46,4782.680551376
2019,riego,Mixteca,Huajuapan de León,Santiago Miltepec,23.25,23.25,453.08,590.3720253639702
2019,riego,Mixteca,Huajuapan de León,Santiago Nundiche,3.3,3.3,1887.88,2459.9442465880907
2019,riego,Mixteca,Huajuapan de León,Santiago Nuyoó,15.75,15.75,215.47,280.7615880311968
2019,riego,Mixteca,Huajuapan de León,Santiago Tamazola,24.3,24.3,458.45,597.3692394899623
2019,riego,Mixteca,Huajuapan de León,Santiago Tillo,119.6,119.6,1930.18,2515.0619667984197
2019,riego,Mixteca,Huajuapan de León,Santiago Yolomécatl,0.05,0.05,28.83,37.56604902278463
2019,riego,Mixteca,Huajuapan de León,Santiago Yosondúa,114.1,114.1,3400.91,4431.451674716562
2019,riego,Mixteca,Huajuapan de León,Santiago Yucuyachi,0.12,0.12,59.25,77.20389887617029
2019,riego,Mixteca,Huajuapan de León,Santiago del Río,83.6,83.6,2560.13,3335.899031727424
2019,riego,Mixteca,Huajuapan de León,Santo Domingo Ixcatlán,2.35,2.35,1489.76,1941.1861669158388
2019,riego,Mixteca,Huajuapan de León,Santo Domingo Tonaltepec,0.4,0.4,249.58,325.2075794348453
2019,riego,Mixteca,Huajuapan de León,Santo Domingo Tonalá,695.05,695.05,42178.97,54960.015773519335
2019,riego,Mixteca,Huajuapan de León,Santo Domingo Yanhuitlán,9.65,9.65,868.08,1131.125072344741
2019,riego,Mixteca,Huajuapan de León,Santo Domingo Yodohino,67.5,67.5,1052.45,1371.362757337138
2019,riego,Mixteca,Huajuapan de León,Santo Tomás Ocotepec,0.6,0.6,219.03,285.40033706071864
2019,riego,Mixteca,Huajuapan de León,Santos Reyes Tepejillo,6.12,6.12,121.29,158.04322185131974
2019,riego,Mixteca,Huajuapan de León,Silacayoápam,101.75,101.75,2221.19,2894.2536395740203
2019,riego,Mixteca,Huajuapan de León,Teotongo,9.35,9.35,426.71,556.0114040413607
2019,riego,Mixteca,Huajuapan de León,Tlacotepec Plumas,0.28,0.28,153.51,200.02650660727258
2019,riego,Mixteca,Huajuapan de León,Villa Tejúpam de La Unión,1.1,1.1,713.79,930.0822106130225
2019,riego,Mixteca,Huajuapan de León,Villa de Chilapa de Díaz,6.79,6.79,70.85,92.31892380382557
2019,riego,Mixteca,Huajuapan de León,Villa de Santiago Chazumba,47.5,47.5,735.78,958.7356070060519
2019,riego,Mixteca,Huajuapan de León,Villa de Tamazulápam del Progreso,10,10,383.91,500.24217413587405
2019,riego,Mixteca,Huajuapan de León,Yutanduchi de Guerrero,6,6,58.07,75.66633599559846
2019,riego,Mixteca,Huajuapan de León,Zapotitlán Lagunas,14.46,14.46,385.12,501.81882759815534
2019,riego,Mixteca,Huajuapan de León,Zapotitlán Palmas,0.12,0.12,62,80.78720219953685
2019,riego,Sierra Juárez,Sierra Juárez,Capulálpam de Méndez,110.25,110.25,1283.59,1672.5426592145725
2019,riego,Sierra Juárez,Sierra Juárez,Guelatao de Juárez,23,23,233.19,303.8510916275806
2019,riego,Sierra Juárez,Sierra Juárez,Ixtlán de Juárez,212.25,212.25,1927.26,2511.2571501786997
2019,riego,Sierra Juárez,Sierra Juárez,Nuevo Zoquiápam,154,154,21945.29,28595.13839608829
2019,riego,Sierra Juárez,Sierra Juárez,San Andrés Solaga,68.25,68.25,3759.55,4898.766548859174
2019,riego,Sierra Juárez,Sierra Juárez,San Baltazar Yatzachi El Bajo,0.45,0.45,271.35,353.5743115620052
2019,riego,Sierra Juárez,Sierra Juárez,San Cristóbal Lachirioag,36.75,36.75,286.27,373.01536086550664
2019,riego,Sierra Juárez,Sierra Juárez,San Francisco Cajonos,0.2,0.2,131.4,171.21674788740552
2019,riego,Sierra Juárez,Sierra Juárez,San Ildefonso Villa Alta,29.75,29.75,237.29,309.19347112787256
2019,riego,Sierra Juárez,Sierra Juárez,San Juan Atepec,113,113,984.18,1282.4056235603252
2019,riego,Sierra Juárez,Sierra Juárez,San Juan Chicomezúchil,103.25,103.25,982.39,1280.0732188516613
2019,riego,Sierra Juárez,Sierra Juárez,San Juan Juquila Mixes,22.25,22.25,562.56,733.0265882156684
2019,riego,Sierra Juárez,Sierra Juárez,San Juan Juquila Vijanos,14,14,95.76,124.77713681657498
2019,riego,Sierra Juárez,Sierra Juárez,San Juan Tabaá,80.47,80.47,1189.9,1550.4627725359499
2019,riego,Sierra Juárez,Sierra Juárez,San Juan Yatzona,43.25,43.25,359.77,468.78728605366723
2019,riego,Sierra Juárez,Sierra Juárez,San Mateo Cajonos,0.65,0.65,442.58,576.6903217656616
2019,riego,Sierra Juárez,Sierra Juárez,San Melchor Betaza,22,22,161.93,210.99792987372584
2019,riego,Sierra Juárez,Sierra Juárez,San Miguel Aloápam,6.25,6.25,5677.24,7397.553803472557
2019,riego,Sierra Juárez,Sierra Juárez,San Miguel Quetzaltepec,23,23,645.18,840.6820502435029
2019,riego,Sierra Juárez,Sierra Juárez,San Pablo Yaganiza,22.45,22.45,323.62,421.683135093776
2019,riego,Sierra Juárez,Sierra Juárez,San Pedro Cajonos,2.62,2.62,94.4,123.00503044574643
2019,riego,Sierra Juárez,Sierra Juárez,San Pedro Y San Pablo Ayutla,0.7,0.7,685.47,893.1807014792987
2019,riego,Sierra Juárez,Sierra Juárez,Santa Catarina Ixtepeji,207.5,207.5,4482.53,5840.823507669192
2019,riego,Sierra Juárez,Sierra Juárez,Santa Catarina Lachatao,66.5,66.5,554.76,722.8630369712106
2019,riego,Sierra Juárez,Sierra Juárez,Santa María Alotepec,23.75,23.75,674.13,878.4044615931253
2019,riego,Sierra Juárez,Sierra Juárez,Santa María Temaxcalapa,27,27,207.17,269.9465270915814
2019,riego,Sierra Juárez,Sierra Juárez,Santa María Tepantlali,1.75,1.75,1338.4,1743.9611519977439
2019,riego,Sierra Juárez,Sierra Juárez,Santa María Tlahuitoltepec,1.5,1.5,1093.08,1424.3044351656408
2019,riego,Sierra Juárez,Sierra Juárez,Santiago Atitlán,31,31,912.39,1188.8618615296036
2019,riego,Sierra Juárez,Sierra Juárez,Santiago Camotlán,40.5,40.5,370.69,483.01625779590825
2019,riego,Sierra Juárez,Sierra Juárez,Santiago Xiacuí,54.5,54.5,490.11,638.6228333873388
2019,riego,Sierra Juárez,Sierra Juárez,Santiago Zoochila,25.95,25.95,701.97,914.6805214194981
2019,riego,Sierra Juárez,Sierra Juárez,Santo Domingo Tepuxtepec,0.8,0.8,564.1,735.0332380767538
2019,riego,Sierra Juárez,Sierra Juárez,Santo Domingo Xagacía,27.25,27.25,207.65,270.5719763989327
2019,riego,Sierra Juárez,Sierra Juárez,Tamazulápam del Espíritu Santo,0.75,0.75,604.74,787.9879460991599
2019,riego,Sierra Juárez,Sierra Juárez,Teococuilco de Marcos Pérez,3.5,3.5,3510.7,4574.510173579258
2019,riego,Sierra Juárez,Sierra Juárez,Totontepec Villa de Morelos,0.25,0.25,189.38,246.7658121378756
2019,riego,Sierra Juárez,Sierra Juárez,Villa Hidalgo Yalálag,0.4,0.4,272.8,355.4636896779621
2019,riego,Sierra Juárez,Sierra Juárez,Villa Talea de Castro,26.5,26.5,207.15,269.9204667037751
2019,riego,Valles Centrales,Valles Centrales,Asunción Ocotlán,22.78,22.78,2514.93,3277.0025552851803
2019,riego,Valles Centrales,Valles Centrales,Ayoquezco de Aldama,123.76,123.76,11808.38,15386.548108209143
2019,riego,Valles Centrales,Valles Centrales,Ciénega de Zimatlán,154.55,154.55,7342.06,9566.84654485696
2019,riego,Valles Centrales,Valles Centrales,Coatecas Altas,131.17,131.17,3546.19,4620.754331741541
2019,riego,Valles Centrales,Valles Centrales,Cuilápam de Guerrero,84.95,84.95,4618.7,6018.2556580484
2019,riego,Valles Centrales,Valles Centrales,Guadalupe Etla,82.87,82.87,1207.53,1573.4350043872053
2019,riego,Valles Centrales,Valles Centrales,Heroica Ciudad de Ejutla de Crespo,398.07,398.07,77211.48,100608.05559492734
2019,riego,Valles Centrales,Valles Centrales,Heroico San Martín de los Cansecos,4.33,4.33,578.04,753.1973283777463
2019,riego,Valles Centrales,Valles Centrales,La Compañía,79.39,79.39,5752.98,7496.244492095023
2019,riego,Valles Centrales,Valles Centrales,La Pe,17.64,17.64,2493.89,3249.5870273129503
2019,riego,Valles Centrales,Valles Centrales,Magdalena Apasco,27.13,27.13,2259.46,2944.1201916413793
2019,riego,Valles Centrales,Valles Centrales,Magdalena Mixtepec,5.87,5.87,1077.17,1403.5733966657276
2019,riego,Valles Centrales,Valles Centrales,Magdalena Ocotlán,8.02,8.02,100.89,131.4616262888915
2019,riego,Valles Centrales,Valles Centrales,Magdalena Teitipac,8.25,8.25,477.23,621.8399436400802
2019,riego,Valles Centrales,Valles Centrales,Miahuatlán de Porfirio Díaz,468.93,468.93,18848.49,24559.947948160458
2019,riego,Valles Centrales,Valles Centrales,Monjas,76.78,76.78,2938.99,3829.560957942206
2019,riego,Valles Centrales,Valles Centrales,Nazareno Etla,39.05,39.05,1284.8,1674.1193126768537
2019,riego,Valles Centrales,Valles Centrales,Oaxaca de Juárez,5.85,5.85,4633.8,6037.931250842159
2019,riego,Valles Centrales,Valles Centrales,Ocotlán de Morelos,216.87,216.87,36180.12,47143.39790392754
2019,riego,Valles Centrales,Valles Centrales,Reyes Etla,94.84,94.84,3936.96,5129.935218894977
2019,riego,Valles Centrales,Valles Centrales,Rojas de Cuauhtémoc,43.94,43.94,1665.66,2170.387277672267
2019,riego,Valles Centrales,Valles Centrales,San Agustín Amatengo,135.51,135.51,2135.63,2782.767300538659
2019,riego,Valles Centrales,Valles Centrales,San Agustín Etla,3.38,3.38,1735.34,2261.1816687894234
2019,riego,Valles Centrales,Valles Centrales,San Agustín Yatareni,2.73,2.73,373.55,486.7428932522095
2019,riego,Valles Centrales,Valles Centrales,San Agustín de Las Juntas,4.48,4.48,47.75,62.21917588754652
2019,riego,Valles Centrales,Valles Centrales,San Andrés Huayápam,4.35,4.35,1122.87,1463.1213828031277
2019,riego,Valles Centrales,Valles Centrales,San Andrés Ixtlahuaca,30.86,30.86,16253.77,21178.977475722033
2019,riego,Valles Centrales,Valles Centrales,San Andrés Paxtlán,0.83,0.83,1367.1,1781.3578084997873
2019,riego,Valles Centrales,Valles Centrales,San Andrés Zabache,63.96,63.96,2833.19,3691.701506446868
2019,riego,Valles Centrales,Valles Centrales,San Andrés Zautla,28.73,28.73,2607.73,3397.922754706423
2019,riego,Valles Centrales,Valles Centrales,San Antonino Castillo Velasco,107.87,107.87,26362.91,34351.382915132126
2019,riego,Valles Centrales,Valles Centrales,San Antonino El Alto,33.52,33.52,882.93,1150.4749102909204
2019,riego,Valles Centrales,Valles Centrales,San Antonio Huitepec,52.79,52.79,2226.96,2901.772061456138
2019,riego,Valles Centrales,Valles Centrales,San Antonio de La Cal,20.23,20.23,498.77,649.9069813074676
2019,riego,Valles Centrales,Valles Centrales,San Baltazar Chichicápam,192.53,192.53,22782.97,29686.651678967453
2019,riego,Valles Centrales,Valles Centrales,San Bartolo Coyotepec,78.4,78.4,5578.27,7268.593974413071
2019,riego,Valles Centrales,Valles Centrales,San Bartolomé Quialana,21,21,227.69,296.68448498084746
2019,riego,Valles Centrales,Valles Centrales,San Bernardo Mixtepec,237.35,237.35,8685.69,11317.622488266052
2019,riego,Valles Centrales,Valles Centrales,San Cristóbal Amatlán,58.5,58.5,591.31,770.4883956872278
2019,riego,Valles Centrales,Valles Centrales,San Dionisio Ocotepec,23.67,23.67,7216.89,9403.747607771218
2019,riego,Valles Centrales,Valles Centrales,San Dionisio Ocotlán,31.28,31.28,10405.6,13558.698567862913
2019,riego,Valles Centrales,Valles Centrales,San Felipe Tejalápam,48.89,48.89,1268.82,1653.2970628196183
2019,riego,Valles Centrales,Valles Centrales,San Francisco Cahuacuá,71.6,71.6,838.94,1093.1550873109588
2019,riego,Valles Centrales,Valles Centrales,San Francisco Lachigoló,31.25,31.25,2548.99,3321.383395719313
2019,riego,Valles Centrales,Valles Centrales,San Francisco Sola,40.95,40.95,539.37,702.8095685542611
2019,riego,Valles Centrales,Valles Centrales,San Francisco Telixtlahuaca,13.59,13.59,2916.67,3800.4775651503733
2019,riego,Valles Centrales,Valles Centrales,San Ildefonso Amatlán,90.98,90.98,4101.1,5343.8128216213
2019,riego,Valles Centrales,Valles Centrales,San Ildefonso Sola,39.4,39.4,372.94,485.94805142411724
2019,riego,Valles Centrales,Valles Centrales,San Jacinto Amilpas,0.73,0.73,315.58,411.2068591956425
2019,riego,Valles Centrales,Valles Centrales,San Jacinto Tlacotepec,35.66,35.66,2596.54,3383.3419677287966
2019,riego,Valles Centrales,Valles Centrales,San Jerónimo Coatlán,15.4,15.4,456.87,595.3104688532645
2019,riego,Valles Centrales,Valles Centrales,San Jerónimo Sosola,0.53,0.53,827.38,1078.092183158916
2019,riego,Valles Centrales,Valles Centrales,San Jerónimo Taviche,2.15,2.15,4143.63,5399.230236291401
2019,riego,Valles Centrales,Valles Centrales,San Jerónimo Tlacochahuaya,109.66,109.66,8493.09,11066.66095369136
2019,riego,Valles Centrales,Valles Centrales,San José Lachiguiri,0.14,0.14,166.94,217.52605701920453
2019,riego,Valles Centrales,Valles Centrales,San José del Peñasco,140.85,140.85,5325.38,6939.073400796283
2019,riego,Valles Centrales,Valles Centrales,San José del Progreso,67.64,67.64,6174.53,8045.532316082358
2019,riego,Valles Centrales,Valles Centrales,San Juan Bautista Atatlahuca,100.5,100.5,1067.71,1391.2468332333465
2019,riego,Valles Centrales,Valles Centrales,San Juan Bautista Guelache,24.61,24.61,714.48,930.98129399234
2019,riego,Valles Centrales,Valles Centrales,San Juan Bautista Jayacatlán,41.94,41.94,448.52,584.4302569441332
2019,riego,Valles Centrales,Valles Centrales,San Juan Chilateca,7.09,7.09,442.56,576.6642613778553
2019,riego,Valles Centrales,Valles Centrales,San Juan Guelavía,24.15,24.15,498.13,649.0730488976659
2019,riego,Valles Centrales,Valles Centrales,San Juan Lachigalla,0.75,0.75,1289.38,1680.0871414844971
2019,riego,Valles Centrales,Valles Centrales,San Juan Mixtepec,0.12,0.12,192.47,250.7921420539493
2019,riego,Valles Centrales,Valles Centrales,San Juan Teitipac,22.8,22.8,255.33,332.69994092915715
2019,riego,Valles Centrales,Valles Centrales,San Juan del Estado,29.34,29.34,717.87,935.3985297255083
2019,riego,Valles Centrales,Valles Centrales,San Juan del Río,21.67,21.67,211.93,276.14889938948136
2019,riego,Valles Centrales,Valles Centrales,San Lorenzo Albarradas,69.05,69.05,2731.97,3559.809883759172
2019,riego,Valles Centrales,Valles Centrales,San Lorenzo Cacaotepec,121.22,121.22,11899.27,15504.979540594884
2019,riego,Valles Centrales,Valles Centrales,San Lorenzo Texmelúcan,92.14,92.14,1242.19,1618.597656455527
2019,riego,Valles Centrales,Valles Centrales,San Lucas Quiaviní,12,12,122.78,159.98472074288927
2019,riego,Valles Centrales,Valles Centrales,San Luis Amatlán,128.4,128.4,3643.67,4747.772661909458
2019,riego,Valles Centrales,Valles Centrales,San Martín Lachilá,19.29,19.29,1303.78,1698.8506207050345
2019,riego,Valles Centrales,Valles Centrales,San Mateo Río Hondo,0.42,0.42,616.05,802.7250954036236
2019,riego,Valles Centrales,Valles Centrales,San Mateo Yucutindoo,224.7,224.7,7650.63,9968.919238126493
2019,riego,Valles Centrales,Valles Centrales,San Miguel Coatlán,42.76,42.76,1091.94,1422.8189930606818
2019,riego,Valles Centrales,Valles Centrales,San Miguel Ejutla,87.92,87.92,8382.47,10922.520948734702
2019,riego,Valles Centrales,Valles Centrales,San Miguel Mixtepec,261.23,261.23,3704.32,4826.80078793207
2019,riego,Valles Centrales,Valles Centrales,San Miguel Peras,63.58,63.58,3703.63,4825.901704552753
2019,riego,Valles Centrales,Valles Centrales,San Miguel Suchixtepec,0.38,0.38,414.66,540.3100203880637
2019,riego,Valles Centrales,Valles Centrales,San Miguel Tilquiápam,17,17,186.16,242.57008970106094
2019,riego,Valles Centrales,Valles Centrales,San Nicolás,57.81,57.81,1021.29,1330.760673134919
2019,riego,Valles Centrales,Valles Centrales,San Pablo Coatlán,174.68,174.68,3364.3,4383.748134837126
2019,riego,Valles Centrales,Valles Centrales,San Pablo Cuatro Venados,2.65,2.65,4918.59,6409.018143009999
2019,riego,Valles Centrales,Valles Centrales,San Pablo Etla,10.29,10.29,3339.82,4351.850220162212
2019,riego,Valles Centrales,Valles Centrales,San Pablo Huitzo,126.04,126.04,13046.02,16999.21702643874
2019,riego,Valles Centrales,Valles Centrales,San Pablo Huixtepec,455.71,455.71,54204.75,70629.84029718298
2019,riego,Valles Centrales,Valles Centrales,San Pablo Villa de Mitla,10.95,10.95,1593.91,2076.8956364171577
2019,riego,Valles Centrales,Valles Centrales,San Pedro Apóstol,41.28,41.28,15426.23,20100.676809460663
2019,riego,Valles Centrales,Valles Centrales,San Pedro Ixtlahuaca,29.68,29.68,5339.41,6957.354762842403
2019,riego,Valles Centrales,Valles Centrales,San Pedro Mixtepec,0.06,0.06,84.92,110.65240662555918
2019,riego,Valles Centrales,Valles Centrales,San Pedro Mártir,25.08,25.08,8933.7,11640.784327258103
2019,riego,Valles Centrales,Valles Centrales,San Pedro Quiatoni,19,19,3307.18,4309.319667262326
2019,riego,Valles Centrales,Valles Centrales,San Pedro Taviche,4.05,4.05,41.98,54.70075400542833
2019,riego,Valles Centrales,Valles Centrales,San Pedro Totolápam,139.92,139.92,2529.79,3296.365423425263
2019,riego,Valles Centrales,Valles Centrales,San Raymundo Jalpan,7.35,7.35,260.96,340.0359400966312
2019,riego,Valles Centrales,Valles Centrales,San Sebastián Abasolo,110.75,110.75,8536.89,11123.733202987161
2019,riego,Valles Centrales,Valles Centrales,San Sebastián Coatlán,0.8,0.8,1328.57,1731.1524713909462
2019,riego,Valles Centrales,Valles Centrales,San Sebastián Río Hondo,1.45,1.45,2202.07,2869.3399088311953
2019,riego,Valles Centrales,Valles Centrales,San Sebastián Teitipac,18.97,18.97,447.56,583.1793583294308
2019,riego,Valles Centrales,Valles Centrales,San Sebastián Tutla,0.25,0.25,335.41,437.0457337055912
2019,riego,Valles Centrales,Valles Centrales,San Simón Almolongas,10.89,10.89,1863.07,2427.6163355143726
2019,riego,Valles Centrales,Valles Centrales,San Vicente Coatlán,26.35,26.35,489.05,637.2416328336047
2019,riego,Valles Centrales,Valles Centrales,San Vicente Lachixío,0.45,0.45,578.73,754.0964117570638
2019,riego,Valles Centrales,Valles Centrales,Santa Ana,74.42,74.42,3943.64,5138.639388422282
2019,riego,Valles Centrales,Valles Centrales,Santa Ana Tlapacoyan,108.4,108.4,2920.35,3805.2726765067323
2019,riego,Valles Centrales,Valles Centrales,Santa Ana Zegache,44.85,44.85,3355.42,4372.177322651128
2019,riego,Valles Centrales,Valles Centrales,Santa Ana del Valle,2.15,2.15,225.75,294.1566273636362
2019,riego,Valles Centrales,Valles Centrales,Santa Catarina Cuixtla,0.61,0.61,902.31,1175.7274260752272
2019,riego,Valles Centrales,Valles Centrales,Santa Catarina Minas,27.73,27.73,17079.26,22254.60695223325
2019,riego,Valles Centrales,Valles Centrales,Santa Catarina Quiané,72.86,72.86,1244.65,1621.8030841557022
2019,riego,Valles Centrales,Valles Centrales,Santa Cruz Mixtepec,180.42,180.42,6442.21,8394.324546481907
2019,riego,Valles Centrales,Valles Centrales,Santa Cruz Papalutla,24.68,24.68,2799.2,3647.4118773700566
2019,riego,Valles Centrales,Valles Centrales,Santa Cruz Xitla,31.58,31.58,2896.27,3773.895969587945
2019,riego,Valles Centrales,Valles Centrales,Santa Cruz Xoxocotlán,62.6,62.6,12476.83,16257.551419665278
2019,riego,Valles Centrales,Valles Centrales,Santa Cruz Zenzontepec,74.75,74.75,2052.29,2674.1736645497976
2019,riego,Valles Centrales,Valles Centrales,Santa Gertrudis,101.79,101.79,12327.78,16063.336379538812
2019,riego,Valles Centrales,Valles Centrales,Santa Inés Yatzeche,16,16,172.26,224.4581201756809
2019,riego,Valles Centrales,Valles Centrales,Santa Inés del Monte,18.69,18.69,4898.78,6383.205328887856
2019,riego,Valles Centrales,Valles Centrales,Santa Lucía Miahuatlán,0.41,0.41,554.08,721.9769837857964
2019,riego,Valles Centrales,Valles Centrales,Santa Lucía Ocotlán,25.38,25.38,7831.26,10204.283630599111
2019,riego,Valles Centrales,Valles Centrales,Santa María Atzompa,75.25,75.25,28155.59,36687.27971576222
2019,riego,Valles Centrales,Valles Centrales,Santa María Coyotepec,8.03,8.03,266.74,347.56739217265255
2019,riego,Valles Centrales,Valles Centrales,Santa María Guelacé,33.48,33.48,2360.17,3075.347274440014
2019,riego,Valles Centrales,Valles Centrales,Santa María Lachixío,0.98,0.98,1621.22,2112.4810959666634
2019,riego,Valles Centrales,Valles Centrales,Santa María Ozolotepec,0.35,0.35,457.03,595.5189519557149
2019,riego,Valles Centrales,Valles Centrales,Santa María Peñoles,29.35,29.35,2591.27,3376.475055541836
2019,riego,Valles Centrales,Valles Centrales,Santa María Sola,118.65,118.65,4605.78,6001.420647525529
2019,riego,Valles Centrales,Valles Centrales,Santa María Zaniza,78.17,78.17,766.41,998.6470909314037
2019,riego,Valles Centrales,Valles Centrales,Santa María Zoquitlán,603.73,603.73,11459.97,14932.563122429454
2019,riego,Valles Centrales,Valles Centrales,Santa María del Tule,89.37,89.37,2750.98,3584.5802823690624
2019,riego,Valles Centrales,Valles Centrales,Santiago Apóstol,19.45,19.45,2537.36,3306.2292802099487
2019,riego,Valles Centrales,Valles Centrales,Santiago Matatlán,27.45,27.45,50442.02,65726.9301466626
2019,riego,Valles Centrales,Valles Centrales,Santiago Minas,102.98,102.98,1587.88,2069.0384294935575
2019,riego,Valles Centrales,Valles Centrales,Santiago Suchilquitongo,114.59,114.59,7522.83,9802.393360044221
2019,riego,Valles Centrales,Valles Centrales,Santiago Tenango,3.98,3.98,178.06,232.01563263950857
2019,riego,Valles Centrales,Valles Centrales,Santiago Textitlán,139.57,139.57,6588.19,8584.539317080107
2019,riego,Valles Centrales,Valles Centrales,Santiago Tlazoyaltepec,10.82,10.82,445.8,580.8860442024762
2019,riego,Valles Centrales,Valles Centrales,Santiago Xanica,0.45,0.45,586.74,764.5335970734878
2019,riego,Valles Centrales,Valles Centrales,Santo Domingo Albarradas,15,15,154.86,201.785582784198
2019,riego,Valles Centrales,Valles Centrales,Santo Domingo Ozolotepec,0.3,0.3,393.84,513.181156681703
2019,riego,Valles Centrales,Valles Centrales,Santo Domingo Teojomulco,102.02,102.02,3954.27,5152.490484541331
2019,riego,Valles Centrales,Valles Centrales,Santo Domingo Tomaltepec,100.05,100.05,1767.12,2302.591625013638
2019,riego,Valles Centrales,Valles Centrales,Santo Tomás Jalieza,36.11,36.11,4305.68,5610.384528491965
2019,riego,Valles Centrales,Valles Centrales,Santo Tomás Mazaltepec,30.54,30.54,312.13,406.7114422990554
2019,riego,Valles Centrales,Valles Centrales,Santo Tomás Tamazulapan,47.5,47.5,915.89,1193.4224293957063
2019,riego,Valles Centrales,Valles Centrales,Sitio de Xitlapehua,10.66,10.66,472.93,616.2369602617251
2019,riego,Valles Centrales,Valles Centrales,Soledad Etla,36.71,36.71,2605.92,3395.5642896099525
2019,riego,Valles Centrales,Valles Centrales,Taniche,140.51,140.51,1601.71,2087.0591876616154
2019,riego,Valles Centrales,Valles Centrales,Teotitlán del Valle,28.78,28.78,624.65,813.9310621603337
2019,riego,Valles Centrales,Valles Centrales,Tlacolula de Matamoros,342.88,342.88,10274.65,13388.068178701149
2019,riego,Valles Centrales,Valles Centrales,Tlalixtac de Cabrera,103.69,103.69,1678.52,2187.144107031719
2019,riego,Valles Centrales,Valles Centrales,Trinidad Zaachila,80.68,80.68,4848.56,6317.767695106232
2019,riego,Valles Centrales,Valles Centrales,Villa Díaz Ordaz,25.7,25.7,285.81,372.4159719459617
2019,riego,Valles Centrales,Valles Centrales,Villa Sola de Vega,477.05,477.05,13615.47,17741.221418253674
2019,riego,Valles Centrales,Valles Centrales,Villa de Etla,36.02,36.02,4860.65,6333.521199535141
2019,riego,Valles Centrales,Valles Centrales,Villa de Zaachila,217.56,217.56,12069.46,15726.74041063261
2019,riego,Valles Centrales,Valles Centrales,Yaxe,181.77,181.77,4722.36,6153.326648048464
2019,riego,Valles Centrales,Valles Centrales,Yogana,53.01,53.01,2387.46,3110.9066736017135
2019,riego,Valles Centrales,Valles Centrales,Zimatlán de Álvarez,497.43,497.43,31274.48,40751.25386202211
2019,riego,Valles Centrales,Valles Centrales,Ánimas Trujano,10.92,10.92,466.31,607.6109718978391
2019,temporal,Cañada,Cañada,Chiquihuitlán de Benito Juárez,229.15,229.15,1073.18,1398.3743492983701
2019,temporal,Cañada,Cañada,Concepción Pápalo,1147.1,1147.1,5262.6,6857.269843472301
2019,temporal,Cañada,Cañada,Cuyamecalco Villa de Zaragoza,221.25,221.25,1011.16,1317.561086711027
2019,temporal,Cañada,Cañada,Eloxochitlán de Flores Magón,428.15,428.15,1850.2,2410.8464759610174
2019,temporal,Cañada,Cañada,Huautepec,870.25,870.25,3779.16,4924.318759103252
2019,temporal,Cañada,Cañada,Huautla de Jiménez,2100,2100,9576.14,12477.896104372141
2019,temporal,Cañada,Cañada,Mazatlán Villa de Flores,2017.5,2017.5,10036.34,13077.545627795154
2019,temporal,Cañada,Cañada,San Andrés Teotilálpam,1489.15,1489.15,7078.47,9223.3836637638
2019,temporal,Cañada,Cañada,San Bartolomé Ayautla,850.25,850.25,3907.33,5091.32675435994
2019,temporal,Cañada,Cañada,San Francisco Chapulapa,511.75,511.75,2430.73,3167.288322620648
2019,temporal,Cañada,Cañada,San Francisco Huehuetlán,461.25,461.25,2140.9,2789.63421272562
2019,temporal,Cañada,Cañada,San Jerónimo Tecóatl,251.33,251.33,1146.86,1494.3808179767873
2019,temporal,Cañada,Cañada,San José Tenango,3570.25,3570.25,17184.14,22391.2676258895
2019,temporal,Cañada,Cañada,San Juan Bautista Cuicatlán,843,843,3916.27,5102.975747709357
2019,temporal,Cañada,Cañada,San Juan Bautista Tlacoatzintepec,688.25,688.25,3139.12,4090.334228525969
2019,temporal,Cañada,Cañada,San Juan Coatzóspam,404.5,404.5,2103.31,2740.6537138436747
2019,temporal,Cañada,Cañada,San Juan Tepeuxila,637.25,637.25,2905.96,3786.522227480098
2019,temporal,Cañada,Cañada,San Juan de Los Cués,244.15,244.15,938.55,1222.9488487802469
2019,temporal,Cañada,Cañada,San Lorenzo Cuaunecuiltitla,121.35,121.35,610.42,795.3890962361496
2019,temporal,Cañada,Cañada,San Lucas Zoquiápam,718,718,3630.3,4730.351292660946
2019,temporal,Cañada,Cañada,San Martín Toxpalan,371.35,371.35,1473.9,1920.5202793854412
2019,temporal,Cañada,Cañada,San Mateo Yoloxochitlán,83,83,515.77,672.0583109428245
2019,temporal,Cañada,Cañada,San Miguel Santa Flor,204,204,1047.95,1365.49917008072
2019,temporal,Cañada,Cañada,San Pedro Jaltepetongo,222.25,222.25,691.28,900.7512441370295
2019,temporal,Cañada,Cañada,San Pedro Jocotipac,288.25,288.25,853.04,1111.5276607144017
2019,temporal,Cañada,Cañada,San Pedro Ocopetatillo,266.25,266.25,1285.65,1675.2268791586218
2019,temporal,Cañada,Cañada,San Pedro Sochiápam,1541.75,1541.75,7853.31,10233.01520815556
2019,temporal,Cañada,Cañada,San Pedro Teutila,818.5,818.5,4380.26,5707.563714621666
2019,temporal,Cañada,Cañada,Santa Ana Ateixtlahuaca,127.55,127.55,806.31,1050.6375646049767
2019,temporal,Cañada,Cañada,Santa Ana Cuauhtémoc,124.65,124.65,634.71,827.0394372269037
2019,temporal,Cañada,Cañada,Santa Cruz Acatepec,136.5,136.5,662.36,863.0679233691166
2019,temporal,Cañada,Cañada,Santa María Chilchotla,3768,3768,19498.09,25406.38934410915
2019,temporal,Cañada,Cañada,Santa María Ixcatlán,150.15,150.15,461.22,600.9786032011352
2019,temporal,Cañada,Cañada,Santa María La Asunción,109.25,109.25,533.23,694.8090294977263
2019,temporal,Cañada,Cañada,Santa María Pápalo,723.75,723.75,3519.63,4586.146136734772
2019,temporal,Cañada,Cañada,Santa María Tecomavaca,70.5,70.5,253.69,330.5629891290404
2019,temporal,Cañada,Cañada,Santa María Teopoxco,844.15,844.15,4539.82,5915.473488540344
2019,temporal,Cañada,Cañada,Santa María Texcatitlán,151.65,151.65,512.32,667.5628940462374
2019,temporal,Cañada,Cañada,Santa María Tlalixtac,204.35,204.35,917.72,1195.806954879983
2019,temporal,Cañada,Cañada,Santiago Nacaltepec,1129.15,1129.15,5527.17,7202.009683567969
2019,temporal,Cañada,Cañada,Santiago Texcalcingo,673.25,673.25,3462.71,4511.978273038036
2019,temporal,Cañada,Cañada,Santos Reyes Pápalo,265.45,265.45,1278.11,1665.4021129556456
2019,temporal,Cañada,Cañada,Teotitlán de Flores Magón,97.5,97.5,416.7,542.9681799443065
2019,temporal,Costa,Costa,Candelaria Loxicha,335,302,3061.03,3988.5814443362624
2019,temporal,Costa,Costa,Mártires de Tacubaya,520,320,2509.6,3270.057461934801
2019,temporal,Costa,Costa,Pinotepa de Don Luis,827.3,457.3,2597.21,3384.214990720308
2019,temporal,Costa,Costa,Pluma Hidalgo,160,140,848.48,1105.585892294565
2019,temporal,Costa,Costa,San Agustín Chayuco,1110.5,610.5,3005.35,3916.0293246835167
2019,temporal,Costa,Costa,San Agustín Loxicha,992,816,4532.59,5906.052658348366
2019,temporal,Costa,Costa,San Andrés Huaxpaltepec,856,509,5492.21,7156.456125682553
2019,temporal,Costa,Costa,San Antonio Tepetlapa,777,777,3994.31,5204.663380929548
2019,temporal,Costa,Costa,San Baltazar Loxicha,350.5,289.5,1830.65,2385.372446880357
2019,temporal,Costa,Costa,San Bartolomé Loxicha,247,203,1273.46,1659.3430727906805
2019,temporal,Costa,Costa,San Gabriel Mixtepec,824,442,3056.95,3983.2651252237765
2019,temporal,Costa,Costa,San José Estancia Grande,208,146,594.19,774.2410915313355
2019,temporal,Costa,Costa,San Juan Bautista Lo de Soto,280.43,234.43,2362.13,3077.901192445032
2019,temporal,Costa,Costa,San Juan Cacahuatepec,1099.83,819.83,4572.57,5958.147373573164
2019,temporal,Costa,Costa,San Juan Colorado,1101.9,621.9,3673.28,4786.355066056689
2019,temporal,Costa,Costa,San Juan Lachao,580,330,1638.92,2135.544539175241
2019,temporal,Costa,Costa,San Juan Quiahije,450,225,1050.76,1369.1606545675054
2019,temporal,Costa,Costa,San Lorenzo,1224.5,724.5,4919.87,6410.686007829602
2019,temporal,Costa,Costa,San Mateo Piñas,230,202,1276.28,1663.017587471369
2019,temporal,Costa,Costa,San Miguel Panixtlahuaca,545,315,1351.05,1760.44434728523
2019,temporal,Costa,Costa,San Miguel Tlacamama,432.23,240.23,1287.46,1677.585344255092
2019,temporal,Costa,Costa,San Miguel del Puerto,492,402,1886.38,2457.989717502618
2019,temporal,Costa,Costa,San Pedro Atoyac,779.2,679.2,2840.47,3701.187487608361
2019,temporal,Costa,Costa,San Pedro El Alto,380,304,1378.41,1796.0949578042514
2019,temporal,Costa,Costa,San Pedro Jicayán,1027,551,2812.57,3664.8332466185702
2019,temporal,Costa,Costa,San Pedro Juchatengo,301.5,170.5,796.25,1037.5291895384066
2019,temporal,Costa,Costa,San Pedro Mixtepec,1563,1463,14000.78,18243.28781953599
2019,temporal,Costa,Costa,San Pedro Pochutla,713,513,4134.61,5387.477001390758
2019,temporal,Costa,Costa,San Sebastián Ixcapa,473,358,2116.63,2758.009932122672
2019,temporal,Costa,Costa,Santa Catarina Juquila,1752,862,4541.21,5917.284685492882
2019,temporal,Costa,Costa,Santa Catarina Loxicha,208,167,707.08,921.3389505040083
2019,temporal,Costa,Costa,Santa Catarina Mechoacán,772.5,446.5,3077.06,4009.4688451630136
2019,temporal,Costa,Costa,Santa María Colotepec,2202.5,1692.5,22942.04,29893.922973384877
2019,temporal,Costa,Costa,Santa María Cortijo,285.76,243.76,3139.76,4091.168160935771
2019,temporal,Costa,Costa,Santa María Huatulco,1196,646,4213,5489.62069139756
2019,temporal,Costa,Costa,Santa María Huazolotitlán,2356,1125.5,7962.59,10375.409167129195
2019,temporal,Costa,Costa,Santa María Temaxcaltepec,404,209,904.7,1178.8416424180805
2019,temporal,Costa,Costa,Santa María Tonameca,2777,1572,16233.78,21152.930118109634
2019,temporal,Costa,Costa,Santiago Ixtayutla,2761,1726,10947.48,14264.778715086864
2019,temporal,Costa,Costa,Santiago Jamiltepec,4153.5,1903.5,14624.18,19055.590107458433
2019,temporal,Costa,Costa,Santiago Llano Grande,653.5,507.5,3898.78,5080.185938572747
2019,temporal,Costa,Costa,Santiago Pinotepa Nacional,4397,1734,9787.15,12752.846225922533
2019,temporal,Costa,Costa,Santiago Tapextla,709.5,709.5,3866.01,5037.4859931521205
2019,temporal,Costa,Costa,Santiago Tetepec,1011,811,4807.45,6264.200567970377
2019,temporal,Costa,Costa,Santiago Yaitepec,358,183,713.2,929.3134291727367
2019,temporal,Costa,Costa,Santo Domingo Armenta,754,562,3921.97,5110.402958234154
2019,temporal,Costa,Costa,Santo Domingo de Morelos,2440,1890,20348.53,26514.52915440873
2019,temporal,Costa,Costa,Santos Reyes Nopala,1897,987,4531.21,5904.2544915897315
2019,temporal,Costa,Costa,Tataltepec de Valdés,1452,892,5281.92,6882.4441780931875
2019,temporal,Costa,Costa,Villa de Tututepec,2814.5,1614.5,17225.04,22444.56111895339
2019,temporal,Istmo,Istmo,Asunción Ixtaltepec,2118.7,2118.7,15678.22,20429.02466562617
2019,temporal,Istmo,Istmo,Asunción Tlacolulita,532.72,532.72,3148.59,4102.673822152254
2019,temporal,Istmo,Istmo,Chahuites,1156,1156,14314.96,18652.670451585192
2019,temporal,Istmo,Istmo,Ciudad Ixtepec,1054.17,1054.17,8445.8,11005.041166723358
2019,temporal,Istmo,Istmo,El Barrio de la Soledad,996,996,4294.27,5595.51707724847
2019,temporal,Istmo,Istmo,El Espinal,533.75,533.75,5493.52,7158.163081083866
2019,temporal,Istmo,Istmo,Guevea de Humboldt,1295,1295,7214.06,9400.060062896626
2019,temporal,Istmo,Istmo,Heroica Ciudad de Juchitán de Zaragoza,4999,4999,36754.85,47892.282238123335
2019,temporal,Istmo,Istmo,Heroica Villa de San Blas Atempa,2201,2201,16766.6,21847.20490965733
2019,temporal,Istmo,Istmo,Magdalena Tequisistlán,1386.7,1386.7,7125.29,9284.391031618352
2019,temporal,Istmo,Istmo,Magdalena Tlacotepec,160.7,160.7,1693.22,2206.298492069351
2019,temporal,Istmo,Istmo,Matías Romero Avendaño,1931,1931,19588.85,25524.65138397415
2019,temporal,Istmo,Istmo,Nejapa de Madero,2324.2,2324.2,15422.07,20095.256248796955
2019,temporal,Istmo,Istmo,Reforma de Pineda,2407.5,2407.5,41059.29,53501.05102257131
2019,temporal,Istmo,Istmo,Salina Cruz,493.5,493.5,4097.74,5339.43467646984
2019,temporal,Istmo,Istmo,San Bartolo Yautepec,263,263,1071.32,1395.950733232384
2019,temporal,Istmo,Istmo,San Carlos Yautepec,4149.67,4149.67,24477.4,31894.526824499084
2019,temporal,Istmo,Istmo,San Dionisio del Mar,904.25,904.25,6842.13,8915.428061056726
2019,temporal,Istmo,Istmo,San Francisco Ixhuatán,2971.25,2971.25,36680.6,47795.53304839243
2019,temporal,Istmo,Istmo,San Francisco del Mar,2845.5,2845.5,33112.75,43146.55531665667
2019,temporal,Istmo,Istmo,San Juan Guichicovi,7460,7460,43353.18,56490.03417182124
2019,temporal,Istmo,Istmo,San Juan Lajarcia,367.32,367.32,1480.59,1929.237479106649
2019,temporal,Istmo,Istmo,San Juan Mazatlán,2694,2694,33681.66,43887.85607800085
2019,temporal,Istmo,Istmo,San Mateo del Mar,696.92,696.92,5192.27,6765.628489751439
2019,temporal,Istmo,Istmo,San Miguel Chimalapa,2403,2403,13788.65,17966.878316268445
2019,temporal,Istmo,Istmo,San Miguel Tenango,375.87,375.87,1973.41,2571.391495041742
2019,temporal,Istmo,Istmo,San Pedro Comitancillo,927.83,927.83,10383.35,13529.706386428403
2019,temporal,Istmo,Istmo,San Pedro Huamelula,1855.25,1855.25,12241.94,15951.485195074163
2019,temporal,Istmo,Istmo,San Pedro Huilotepec,362.7,362.7,3343.12,4356.150184150251
2019,temporal,Istmo,Istmo,San Pedro Mártir Quiechapa,382,382,1571.24,2047.356186838714
2019,temporal,Istmo,Istmo,San Pedro Tapanatepec,4402.92,4402.92,45792.63,59668.68482352543
2019,temporal,Istmo,Istmo,Santa Ana Tavela,354,354,1309.6,1706.4341935566683
2019,temporal,Istmo,Istmo,Santa Catalina Quierí,295.2,295.2,1255.22,1635.575999111333
2019,temporal,Istmo,Istmo,Santa Catarina Quioquitani,285.8,285.8,1179.03,1536.2989517632245
2019,temporal,Istmo,Istmo,Santa María Chimalapa,1010,1010,6722.09,8759.013613443301
2019,temporal,Istmo,Istmo,Santa María Ecatepec,1248.33,1248.33,6249.14,8142.750592793769
2019,temporal,Istmo,Istmo,Santa María Guienagati,1021.3,1021.3,5797.24,7553.91613031037
2019,temporal,Istmo,Istmo,Santa María Jalapa del Marqués,1310,1310,11376.29,14823.526459847888
2019,temporal,Istmo,Istmo,Santa María Mixtequilla,317.1,317.1,2880.03,3752.7349346892274
2019,temporal,Istmo,Istmo,Santa María Petapa,1287,1287,7428.05,9678.893182230157
2019,temporal,Istmo,Istmo,Santa María Quiegolani,730,730,2989.05,3894.790108621381
2019,temporal,Istmo,Istmo,Santa María Totolapilla,208.75,208.75,1938.08,2525.355819981909
2019,temporal,Istmo,Istmo,Santa María Xadani,1342.5,1342.5,8875.7,11565.209202619826
2019,temporal,Istmo,Istmo,Santiago Astata,234.33,234.33,1936.45,2523.2318983756954
2019,temporal,Istmo,Istmo,Santiago Ixcuintepec,396.25,396.25,2258.73,2943.168987486449
2019,temporal,Istmo,Istmo,Santiago Lachiguiri,1505.4,1505.4,8957.05,11671.209830021959
2019,temporal,Istmo,Istmo,Santiago Laollaga,576.67,576.67,5047.25,6576.664617767941
2019,temporal,Istmo,Istmo,Santiago Niltepec,5641,5641,66574.27,86747.56470607355
2019,temporal,Istmo,Istmo,Santo Domingo Chihuitán,584.25,584.25,4873.07,6349.704700362855
2019,temporal,Istmo,Istmo,Santo Domingo Ingenio,4869.75,4869.75,63059.94,82168.32457210745
2019,temporal,Istmo,Istmo,Santo Domingo Petapa,1085,1085,6386.34,8321.524853145002
2019,temporal,Istmo,Istmo,Santo Domingo Tehuantepec,4503.5,4503.5,34557.17,45028.66258441562
2019,temporal,Istmo,Istmo,Santo Domingo Zanatepec,5472.9,5472.9,58072.27,75669.29384961448
2019,temporal,Istmo,Istmo,Unión Hidalgo,1534.05,1534.05,16971.03,22113.581163619445
2019,temporal,Mixteca,Huajuapan de León,Asunción Cuyotepeji,61,61,170.05,221.57844732308453
2019,temporal,Mixteca,Huajuapan de León,Asunción Nochixtlán,3148.25,1958.25,9635.05,12554.656976655604
2019,temporal,Mixteca,Huajuapan de León,Calihualá,195,145,449.86,586.1763029271556
2019,temporal,Mixteca,Huajuapan de León,Chalcatongo de Hidalgo,2801.25,2768.25,12997.81,16936.398461631645
2019,temporal,Mixteca,Huajuapan de León,Coicoyán de Las Flores,1770,1680,6080,7922.357893115871
2019,temporal,Mixteca,Huajuapan de León,Concepción Buenavista,425.5,425.5,1029.75,1341.7842171769848
2019,temporal,Mixteca,Huajuapan de León,Constancia del Rosario,650,650,2624.38,3419.6180275551696
2019,temporal,Mixteca,Huajuapan de León,Cosoltepec,167,167,323.7,421.7873766450012
2019,temporal,Mixteca,Huajuapan de León,Fresnillo de Trujano,126.25,126.25,355.21,462.84551763383035
2019,temporal,Mixteca,Huajuapan de León,Guadalupe de Ramírez,156.5,156.5,415.22,541.0397112466402
2019,temporal,Mixteca,Huajuapan de León,"H. V. Tezoatlán de Segura y Luna, C. de la I.de O.",3640,3250,9877,12869.922518142344
2019,temporal,Mixteca,Huajuapan de León,Heroica Ciudad de Huajuapan de León,1613,1613,5199.1,6774.528112187291
2019,temporal,Mixteca,Huajuapan de León,Heroica Ciudad de Tlaxiaco,2354.75,2354.75,8523.62,11106.442135677682
2019,temporal,Mixteca,Huajuapan de León,Ixpantepec Nieves,310,220,983.68,1281.7541138651677
2019,temporal,Mixteca,Huajuapan de León,La Reforma,362,362,1478.95,1927.1005273065325
2019,temporal,Mixteca,Huajuapan de León,La Trinidad Vista Hermosa,151,71,174.57,227.46809496730882
2019,temporal,Mixteca,Huajuapan de León,Magdalena Jaltepec,2608,1334,9811.32,12784.340204586448
2019,temporal,Mixteca,Huajuapan de León,Magdalena Peñasco,562,553,1908.78,2487.177351845676
2019,temporal,Mixteca,Huajuapan de León,Magdalena Yodocono de Porfirio Díaz,276,276,1067.23,1390.6213839259954
2019,temporal,Mixteca,Huajuapan de León,Magdalena Zahuatlán,435,186.5,766.43,998.67315131921
2019,temporal,Mixteca,Huajuapan de León,Mariscala de Juárez,522.75,522.75,1920.41,2502.3314673550412
2019,temporal,Mixteca,Huajuapan de León,Mesones Hidalgo,1100,1100,4675,6091.615649723141
2019,temporal,Mixteca,Huajuapan de León,Putla Villa de Guerrero,4770,4770,20027.82,26096.637805740775
2019,temporal,Mixteca,Huajuapan de León,San Agustín Atenango,178.5,178.5,534.75,696.7896189710053
2019,temporal,Mixteca,Huajuapan de León,San Agustín Tlacotepec,294,294,954.28,1243.4453437899035
2019,temporal,Mixteca,Huajuapan de León,San Andrés Cabecera Nueva,554,554,1941.43,2529.7209349394648
2019,temporal,Mixteca,Huajuapan de León,San Andrés Dinicuiti,284,204,665.8,867.5503100718005
2019,temporal,Mixteca,Huajuapan de León,San Andrés Lagunas,519.5,519.5,913.93,1190.8685113906888
2019,temporal,Mixteca,Huajuapan de León,San Andrés Nuxiño,585,270,1247.1,1624.995481661974
2019,temporal,Mixteca,Huajuapan de León,San Andrés Sinaxtla,859.25,581.75,3108.17,4050.005778395717
2019,temporal,Mixteca,Huajuapan de León,San Andrés Tepetlapa,46,46,122.4,159.48957337456952
2019,temporal,Mixteca,Huajuapan de León,San Antonino Monte Verde,1444.5,1444.5,3000.97,3910.3220997539365
2019,temporal,Mixteca,Huajuapan de León,San Antonio Acutla,152,57,136.1,177.34093902188653
2019,temporal,Mixteca,Huajuapan de León,San Antonio Sinicahua,317.5,267.5,1226.96,1598.7526711410278
2019,temporal,Mixteca,Huajuapan de León,San Bartolo Soyaltepec,539,259,585.6,763.0481549685287
2019,temporal,Mixteca,Huajuapan de León,San Bartolomé Yucuañe,270,270,596.09,776.7168283729342
2019,temporal,Mixteca,Huajuapan de León,San Cristóbal Amoltepec,326.25,326.25,1166.81,1520.3760548135738
2019,temporal,Mixteca,Huajuapan de León,San Cristóbal Suchixtlahuaca,449.5,329.5,736.9,960.1949887232048
2019,temporal,Mixteca,Huajuapan de León,San Esteban Atatlahuca,908.75,908.75,3490.69,4548.436755579053
2019,temporal,Mixteca,Huajuapan de León,San Francisco Chindúa,440,240.5,1550.62,2020.4879270104163
2019,temporal,Mixteca,Huajuapan de León,San Francisco Jaltepetongo,360,157,781.96,1018.9090424508038
2019,temporal,Mixteca,Huajuapan de León,San Francisco Nuxaño,234,94,405.04,527.7749738532324
2019,temporal,Mixteca,Huajuapan de León,San Francisco Teopan,287,287,526.18,685.6227427960047
2019,temporal,Mixteca,Huajuapan de León,San Francisco Tlapancingo,160,160,420,547.2681439323463
2019,temporal,Mixteca,Huajuapan de León,San Jerónimo Silacayoapilla,100,100,309.25,402.9587464549479
2019,temporal,Mixteca,Huajuapan de León,San Jorge Nuchita,251,151,481.44,627.3256552733068
2019,temporal,Mixteca,Huajuapan de León,San José Ayuquila,292.5,292.5,711.61,927.2416283421358
2019,temporal,Mixteca,Huajuapan de León,San Juan Achiutla,215,215,912.6,1189.1354956015698
2019,temporal,Mixteca,Huajuapan de León,San Juan Bautista Coixtlahuaca,1335,1335,2994.02,3901.266114991247
2019,temporal,Mixteca,Huajuapan de León,San Juan Bautista Suchitepec,50,50,94.49,123.12230219087478
2019,temporal,Mixteca,Huajuapan de León,San Juan Bautista Tlachichilco,150,150,375,488.6322713681664
2019,temporal,Mixteca,Huajuapan de León,San Juan Cieneguilla,170,170,455,592.8738225933753
2019,temporal,Mixteca,Huajuapan de León,San Juan Diuxi,243.5,93,371.64,484.2541262167076
2019,temporal,Mixteca,Huajuapan de León,San Juan Ihualtepec,140,140,343.4,447.45685863420886
2019,temporal,Mixteca,Huajuapan de León,San Juan Mixtepec,4794.75,4794.75,17215.58,22432.23455552101
2019,temporal,Mixteca,Huajuapan de León,San Juan Sayultepec,805,610,3244.85,4228.102468663986
2019,temporal,Mixteca,Huajuapan de León,San Juan Tamazola,2063.5,1643.5,7728.25,10070.059603202752
2019,temporal,Mixteca,Huajuapan de León,San Juan Teita,220,95,353.87,461.09947165080814
2019,temporal,Mixteca,Huajuapan de León,San Juan Teposcolula,595.25,595.25,1524.65,1986.648513443933
2019,temporal,Mixteca,Huajuapan de León,San Juan Yucuita,757.25,487.75,3677.68,4792.088351374075
2019,temporal,Mixteca,Huajuapan de León,San Juan Ñumí,2608,2516,9442.58,12303.864834601654
2019,temporal,Mixteca,Huajuapan de León,San Lorenzo Victoria,187,187,469.33,611.5460904565907
2019,temporal,Mixteca,Huajuapan de León,San Marcos Arteaga,236.5,236.5,637.98,831.3003106332342
2019,temporal,Mixteca,Huajuapan de León,San Martín Huamelúlpam,522.5,284,1981.12,2581.437774541071
2019,temporal,Mixteca,Huajuapan de León,San Martín Itunyoso,639,639,1967.25,2563.364895597401
2019,temporal,Mixteca,Huajuapan de León,San Martín Peras,1090,940,3134.8,4084.705184759808
2019,temporal,Mixteca,Huajuapan de León,San Martín Zacatepec,159,59,127.19,165.7310362541789
2019,temporal,Mixteca,Huajuapan de León,San Mateo Etlatongo,282,207,1627.2,2120.2731519207478
2019,temporal,Mixteca,Huajuapan de León,San Mateo Nejápam,165,165,383.25,499.38218133826604
2019,temporal,Mixteca,Huajuapan de León,San Mateo Peñasco,502,502,1907.97,2486.1219061395213
2019,temporal,Mixteca,Huajuapan de León,San Mateo Sindihui,790,790,2862.75,3730.218759624582
2019,temporal,Mixteca,Huajuapan de León,San Mateo Tlapiltepec,150,150,326.47,425.3967403561741
2019,temporal,Mixteca,Huajuapan de León,San Miguel Achiutla,493.25,493.25,1833.71,2389.359686214721
2019,temporal,Mixteca,Huajuapan de León,San Miguel Ahuehuetitlán,360,360,776.25,1011.4688017321045
2019,temporal,Mixteca,Huajuapan de León,San Miguel Amatitlán,990,990,3103.88,4044.4158252112647
2019,temporal,Mixteca,Huajuapan de León,San Miguel Chicahua,533,200.5,664.16,865.4133582716837
2019,temporal,Mixteca,Huajuapan de León,San Miguel El Grande,1444.75,1444.75,6742.54,8785.660359975243
2019,temporal,Mixteca,Huajuapan de León,San Miguel Huautla,497.75,207.25,887,1155.7781992095029
2019,temporal,Mixteca,Huajuapan de León,San Miguel Piedras,705,705,2362.98,3079.0087589267996
2019,temporal,Mixteca,Huajuapan de León,San Miguel Tecomatlán,146,124,470.72,613.3572874091288
2019,temporal,Mixteca,Huajuapan de León,San Miguel Tequixtepec,716,351,813.78,1060.3711194506304
2019,temporal,Mixteca,Huajuapan de León,San Miguel Tlacotepec,323.5,253.5,958.6,1249.074387556065
2019,temporal,Mixteca,Huajuapan de León,San Miguel Tulancingo,150.5,95.5,272.07,354.51248552303207
2019,temporal,Mixteca,Huajuapan de León,San Nicolás Hidalgo,138.25,138.25,416.35,542.5121231576962
2019,temporal,Mixteca,Huajuapan de León,San Pablo Tijaltepec,1086.5,1086.5,4817.19,6276.891976832046
2019,temporal,Mixteca,Huajuapan de León,San Pedro Amuzgos,821.75,821.75,9703.15,12643.392597136062
2019,temporal,Mixteca,Huajuapan de León,San Pedro Coxcaltepec Cántaros,427,157.5,719.22,937.1576059024337
2019,temporal,Mixteca,Huajuapan de León,San Pedro Molinos,329,329,1042.79,1358.7755900266939
2019,temporal,Mixteca,Huajuapan de León,San Pedro Mártir Yucuxaco,512.5,512.5,1959.49,2553.2534651285555
2019,temporal,Mixteca,Huajuapan de León,San Pedro Nopala,218,218,526.56,686.1178901643244
2019,temporal,Mixteca,Huajuapan de León,San Pedro Teozacoalco,834,834,2631.68,3429.1300691044694
2019,temporal,Mixteca,Huajuapan de León,San Pedro Tidaá,175,175,719.93,938.0827496695573
2019,temporal,Mixteca,Huajuapan de León,San Pedro Topiltepec,302.25,177.25,451.26,588.0005300735967
2019,temporal,Mixteca,Huajuapan de León,San Pedro Y San Pablo Teposcolula,978,978,2150.22,2801.7783534433565
2019,temporal,Mixteca,Huajuapan de León,San Pedro Y San Pablo Tequixtepec,297.5,297.5,566.98,738.7859339208613
2019,temporal,Mixteca,Huajuapan de León,San Pedro Yucunama,92,92,196.06,255.46998166518054
2019,temporal,Mixteca,Huajuapan de León,San Sebastián Nicananduta,390,390,894.4,1165.4205426978347
2019,temporal,Mixteca,Huajuapan de León,San Sebastián Tecomaxtlahuaca,1865,1565,4949.25,6448.96871751706
2019,temporal,Mixteca,Huajuapan de León,San Simón Zahuatlán,140,140,301.94,393.4336747117444
2019,temporal,Mixteca,Huajuapan de León,San Vicente Nuñú,167.5,167.5,373.43,486.5865309253717
2019,temporal,Mixteca,Huajuapan de León,Santa Catarina Tayata,340,340,1682.88,2192.825271573493
2019,temporal,Mixteca,Huajuapan de León,Santa Catarina Ticuá,275.25,275.25,1158.24,1509.2091786385733
2019,temporal,Mixteca,Huajuapan de León,Santa Catarina Yosonotú,895,895,2775.31,3616.282744135429
2019,temporal,Mixteca,Huajuapan de León,Santa Catarina Zapoquila,87,87,120.57,157.10504789029284
2019,temporal,Mixteca,Huajuapan de León,Santa Cruz Itundujia,955,955,2889.96,3765.6739172350563
2019,temporal,Mixteca,Huajuapan de León,Santa Cruz Nundaco,620,620,2338.64,3047.2932669665297
2019,temporal,Mixteca,Huajuapan de León,Santa Cruz Tacache de Mina,344.25,314.25,905.92,1180.4313260742647
2019,temporal,Mixteca,Huajuapan de León,Santa Cruz Tacahua,390,390,1720,2241.19335134199
2019,temporal,Mixteca,Huajuapan de León,Santa Cruz Tayata,477.5,477.5,2548.13,3320.262799043642
2019,temporal,Mixteca,Huajuapan de León,Santa Cruz de Bravo,29.5,29.5,73,95.12041549300305
2019,temporal,Mixteca,Huajuapan de León,Santa Inés de Zaragoza,879,399.5,2353.04,3066.0567461870673
2019,temporal,Mixteca,Huajuapan de León,Santa Lucía Monteverde,3190,3190,13345.05,17388.858914724664
2019,temporal,Mixteca,Huajuapan de León,Santa Magdalena Jicotlán,126.5,126.5,294.11,383.2310328855771
2019,temporal,Mixteca,Huajuapan de León,Santa María Apazco,577,272.5,1017.78,1326.187075074913
2019,temporal,Mixteca,Huajuapan de León,Santa María Camotlán,141,141,330.54,430.7000292747566
2019,temporal,Mixteca,Huajuapan de León,Santa María Chachoápam,897.25,697.25,4578.78,5966.239123987021
2019,temporal,Mixteca,Huajuapan de León,Santa María Ipalapa,1825,1825,23005.39,29976.469251761337
2019,temporal,Mixteca,Huajuapan de León,Santa María Nativitas,328,213,554.12,722.029104561409
2019,temporal,Mixteca,Huajuapan de León,Santa María Nduayaco,279.5,279.5,620.91,809.0577696405552
2019,temporal,Mixteca,Huajuapan de León,Santa María Tataltepec,227,227,667.07,869.2051446975007
2019,temporal,Mixteca,Huajuapan de León,Santa María Yolotepec,175,175,756.75,986.0599236209598
2019,temporal,Mixteca,Huajuapan de León,Santa María Yosoyúa,747,533,2134.12,2780.799741259283
2019,temporal,Mixteca,Huajuapan de León,Santa María Yucuhiti,800,800,2856,3721.4233787399553
2019,temporal,Mixteca,Huajuapan de León,Santa María Zacatepec,2915.75,2915.75,45172.76,58860.98219405081
2019,temporal,Mixteca,Huajuapan de León,Santa María del Rosario,187.5,187.5,996.12,1297.9636750806878
2019,temporal,Mixteca,Huajuapan de León,Santiago Apoala,504,206.5,886.15,1154.670632727735
2019,temporal,Mixteca,Huajuapan de León,Santiago Ayuquililla,300.25,300.25,814.62,1061.4656557384951
2019,temporal,Mixteca,Huajuapan de León,Santiago Cacaloxtepec,98,98,236.66,308.37256891197404
2019,temporal,Mixteca,Huajuapan de León,Santiago Huajolotitlán,355,355,1119.75,1459.0559623053448
2019,temporal,Mixteca,Huajuapan de León,Santiago Huauclilla,545,244,1120.11,1459.5250492858581
2019,temporal,Mixteca,Huajuapan de León,Santiago Ihuitlán Plumas,444.75,444.75,960.73,1251.849818857436
2019,temporal,Mixteca,Huajuapan de León,Santiago Juxtlahuaca,2535,2085,7237.65,9430.798290314158
2019,temporal,Mixteca,Huajuapan de León,Santiago Miltepec,33,33,89.57,116.71144679052443
2019,temporal,Mixteca,Huajuapan de León,Santiago Nejapilla,87,52,115.72,150.78540384726458
2019,temporal,Mixteca,Huajuapan de León,Santiago Nundiche,721,721,2082.74,2713.850604984893
2019,temporal,Mixteca,Huajuapan de León,Santiago Nuyoó,1020,1020,3309.39,4312.199340114923
2019,temporal,Mixteca,Huajuapan de León,Santiago Tamazola,584.1,394.1,1130.59,1473.1806924963605
2019,temporal,Mixteca,Huajuapan de León,Santiago Tepetlapa,99,69,128.11,166.92981409326882
2019,temporal,Mixteca,Huajuapan de León,Santiago Tilantongo,1120,420,1775.45,2313.445776534963
2019,temporal,Mixteca,Huajuapan de León,Santiago Tillo,794.5,572.5,3470.02,4521.503344781239
2019,temporal,Mixteca,Huajuapan de León,Santiago Yolomécatl,248,248,544.68,709.7286015168343
2019,temporal,Mixteca,Huajuapan de León,Santiago Yosondúa,2072.5,1908.5,8810.25,11479.926583523702
2019,temporal,Mixteca,Huajuapan de León,Santiago Yucuyachi,131,131,361.5,471.0415095989124
2019,temporal,Mixteca,Huajuapan de León,Santiago del Río,187,187,647,843.0535455338764
2019,temporal,Mixteca,Huajuapan de León,Santo Domingo Ixcatlán,182,182,714.2,930.6164485630519
2019,temporal,Mixteca,Huajuapan de León,Santo Domingo Nuxaá,1315,650,3466.3,4516.656112649267
2019,temporal,Mixteca,Huajuapan de León,Santo Domingo Tlatayápam,63.75,28.75,65.42,85.24352851441452
2019,temporal,Mixteca,Huajuapan de León,Santo Domingo Tonaltepec,94.5,59.5,124.87,162.70803126864783
2019,temporal,Mixteca,Huajuapan de León,Santo Domingo Tonalá,852,852,4829.46,6292.880024751213
2019,temporal,Mixteca,Huajuapan de León,Santo Domingo Yanhuitlán,1267.4,787.9,5172.46,6739.815675629296
2019,temporal,Mixteca,Huajuapan de León,Santo Domingo Yodohino,58,58,139.88,182.26635231727764
2019,temporal,Mixteca,Huajuapan de León,Santo Tomás Ocotepec,1312.5,1312.5,4407.3,5742.797358935786
2019,temporal,Mixteca,Huajuapan de León,Santos Reyes Tepejillo,271,271,774.08,1008.6412496551206
2019,temporal,Mixteca,Huajuapan de León,Santos Reyes Yucuná,77,77,201.58,262.66264869971997
2019,temporal,Mixteca,Huajuapan de León,Silacayoápam,1181.5,1181.5,4465.2,5818.242181635031
2019,temporal,Mixteca,Huajuapan de León,Teotongo,494.5,494.5,1350.03,1759.1152675071085
2019,temporal,Mixteca,Huajuapan de León,Tepelmeme Villa de Morelos,1198.75,1198.75,2771.44,3611.2400590949096
2019,temporal,Mixteca,Huajuapan de León,Tlacotepec Plumas,415,415,881.76,1148.9503776042518
2019,temporal,Mixteca,Huajuapan de León,Villa Tejúpam de La Unión,1386.5,1386.5,3673.28,4786.355066056689
2019,temporal,Mixteca,Huajuapan de León,Villa de Chilapa de Díaz,180.25,135.25,350.78,457.0731417347344
2019,temporal,Mixteca,Huajuapan de León,Villa de Santiago Chazumba,715,265,781.25,1017.98389868368
2019,temporal,Mixteca,Huajuapan de León,Villa de Tamazulápam del Progreso,932.25,932.25,2218.7,2891.009121292135
2019,temporal,Mixteca,Huajuapan de León,Yutanduchi de Guerrero,843.5,843.5,2515.58,3277.849517888885
2019,temporal,Mixteca,Huajuapan de León,Zapotitlán Lagunas,1380,1380,8905.8,11604.430086268309
2019,temporal,Mixteca,Huajuapan de León,Zapotitlán Palmas,368,368,1105.08,1439.9406678494222
2019,temporal,Papaloapan,Tuxtepec,Acatlán de Pérez Figueroa,2052.2,2052.2,17851.52,23260.876706598
2019,temporal,Papaloapan,Tuxtepec,Ayotzintepec,3243,3243,69605.46,90697.2640518028
2019,temporal,Papaloapan,Tuxtepec,Cosolapa,1003.2,1003.2,7688,10017.613072742568
2019,temporal,Papaloapan,Tuxtepec,Loma Bonita,1469.5,1469.5,28507.57,37145.91648076533
2019,temporal,Papaloapan,Tuxtepec,San Felipe Jalapa de Díaz,5445.6,5445.6,45332.21,59068.74863583655
2019,temporal,Papaloapan,Tuxtepec,San Felipe Usila,5015,5015,46954.44,61182.54578138744
2019,temporal,Papaloapan,Tuxtepec,San José Chiltepec,1543,1543,24438.6,31843.969672154853
2019,temporal,Papaloapan,Tuxtepec,San José Independencia,796,796,2323.97,3028.1779725106067
2019,temporal,Papaloapan,Tuxtepec,San Juan Bautista Tuxtepec,3700,3700,71785.17,93537.46844706655
2019,temporal,Papaloapan,Tuxtepec,San Juan Bautista Valle Nacional,5351.5,5351.5,85861.14,111878.73029456033
2019,temporal,Papaloapan,Tuxtepec,San Juan Comaltepec,1044,1044,11624.51,15146.961932911903
2019,temporal,Papaloapan,Tuxtepec,San Juan Cotzocón,3823,3823,65579.89,85451.868284732
2019,temporal,Papaloapan,Tuxtepec,San Juan Lalana,4780,4780,64845.06,84494.37054614675
2019,temporal,Papaloapan,Tuxtepec,San Juan Petlapa,1101.5,1101.5,11467.76,14942.71364348001
2019,temporal,Papaloapan,Tuxtepec,San Lucas Ojitlán,6955.3,6955.3,58719.08,76512.09982146419
2019,temporal,Papaloapan,Tuxtepec,San Miguel Soyaltepec,4093,4093,28655.69,37338.919712858806
2019,temporal,Papaloapan,Tuxtepec,San Pedro Ixcatlán,1593.5,1593.5,11012.28,14349.214371579284
2019,temporal,Papaloapan,Tuxtepec,Santa María Jacatepec,4525.3,4525.3,75888.38,98884.03063960142
2019,temporal,Papaloapan,Tuxtepec,Santiago Choápam,1473,1473,11942.38,15561.152706511366
2019,temporal,Papaloapan,Tuxtepec,Santiago Jocotepec,3684.8,3684.8,40476.3,52741.40374821151
2019,temporal,Papaloapan,Tuxtepec,Santiago Yaveo,2964.8,2964.8,52389.01,68263.89586941223
2019,temporal,Sierra Juárez,Sierra Juárez,Abejones,119,119,697.52,908.8820851325958
2019,temporal,Sierra Juárez,Sierra Juárez,Asunción Cacalotepec,673.5,673.5,4038.18,5261.826841582672
2019,temporal,Sierra Juárez,Sierra Juárez,Capulálpam de Méndez,94,94,561.1,731.1241799058084
2019,temporal,Sierra Juárez,Sierra Juárez,Guelatao de Juárez,35.5,35.5,197.47,257.3072390055248
2019,temporal,Sierra Juárez,Sierra Juárez,Ixtlán de Juárez,1576.75,1576.75,9664.2,12592.63999188329
2019,temporal,Sierra Juárez,Sierra Juárez,Mixistlán de La Reforma,635,635,3838.15,5001.183872937941
2019,temporal,Sierra Juárez,Sierra Juárez,Natividad,20,20,119.39,155.56748500972103
2019,temporal,Sierra Juárez,Sierra Juárez,Nuevo Zoquiápam,155,155,867.66,1130.5778042008087
2019,temporal,Sierra Juárez,Sierra Juárez,San Andrés Solaga,162,162,1208.01,1574.0604536945564
2019,temporal,Sierra Juárez,Sierra Juárez,San Andrés Yaá,126.5,126.5,683.86,891.0828402608914
2019,temporal,Sierra Juárez,Sierra Juárez,San Baltazar Yatzachi El Bajo,123.5,123.5,735.73,958.6704560365362
2019,temporal,Sierra Juárez,Sierra Juárez,San Bartolomé Zoogocho,37.5,37.5,216.53,282.1427885849308
2019,temporal,Sierra Juárez,Sierra Juárez,San Cristóbal Lachirioag,196,196,1022.44,1332.2591454337814
2019,temporal,Sierra Juárez,Sierra Juárez,San Francisco Cajonos,132.5,132.5,726.84,947.0866136566349
2019,temporal,Sierra Juárez,Sierra Juárez,San Ildefonso Villa Alta,979.75,958.25,4915.49,6404.9787829000215
2019,temporal,Sierra Juárez,Sierra Juárez,San Juan Atepec,107,107,578.9,754.3179250534174
2019,temporal,Sierra Juárez,Sierra Juárez,San Juan Chicomezúchil,80,80,488.37,636.3555796481904
2019,temporal,Sierra Juárez,Sierra Juárez,San Juan Evangelista Analco,81,81,471.15,613.9175857469643
2019,temporal,Sierra Juárez,Sierra Juárez,San Juan Juquila Mixes,909.75,909.75,5428.79,7073.818635948768
2019,temporal,Sierra Juárez,Sierra Juárez,San Juan Juquila Vijanos,362.75,362.75,1925.96,2509.56322497129
2019,temporal,Sierra Juárez,Sierra Juárez,San Juan Quiotepec,299.75,299.75,1670.45,2176.628740551876
2019,temporal,Sierra Juárez,Sierra Juárez,San Juan Tabaá,118.75,118.75,827.1,1077.7273377296278
2019,temporal,Sierra Juárez,Sierra Juárez,San Juan Yaeé,242.5,242.5,1312.57,1710.3041611459043
2019,temporal,Sierra Juárez,Sierra Juárez,San Juan Yatzona,231.75,231.75,1199.81,1563.3756946939725
2019,temporal,Sierra Juárez,Sierra Juárez,San Lucas Camotlán,314.25,314.25,1740.97,2268.5176679568976
2019,temporal,Sierra Juárez,Sierra Juárez,San Mateo Cajonos,149,149,935.17,1218.5446432409817
2019,temporal,Sierra Juárez,Sierra Juárez,San Melchor Betaza,253.75,253.75,1635.34,2130.8797297579126
2019,temporal,Sierra Juárez,Sierra Juárez,San Miguel Aloápam,345,345,2017.73,2629.1413144205076
2019,temporal,Sierra Juárez,Sierra Juárez,San Miguel Amatlán,159.25,159.25,2303.44,3001.426984427438
2019,temporal,Sierra Juárez,Sierra Juárez,San Miguel Quetzaltepec,1318,1318,7779.58,10136.943588507625
2019,temporal,Sierra Juárez,Sierra Juárez,San Miguel Yotao,92.5,92.5,532.71,694.1314594147625
2019,temporal,Sierra Juárez,Sierra Juárez,San Miguel del Río,36.5,36.5,204.45,266.4023143499243
2019,temporal,Sierra Juárez,Sierra Juárez,San Pablo Macuiltianguis,134.5,134.5,909.86,1185.5652224721064
2019,temporal,Sierra Juárez,Sierra Juárez,San Pablo Yaganiza,132.25,132.25,707.01,921.2477391466862
2019,temporal,Sierra Juárez,Sierra Juárez,San Pedro Cajonos,89.5,89.5,487.53,635.2610433603257
2019,temporal,Sierra Juárez,Sierra Juárez,San Pedro Ocotepec,635,635,3922.44,5111.015377347601
2019,temporal,Sierra Juárez,Sierra Juárez,San Pedro Y San Pablo Ayutla,888,888,5432.58,7078.757079438063
2019,temporal,Sierra Juárez,Sierra Juárez,San Pedro Yaneri,253.25,253.25,1483.5,1933.0292655324663
2019,temporal,Sierra Juárez,Sierra Juárez,San Pedro Yólox,250.25,250.25,1543.47,2011.1713383696635
2019,temporal,Sierra Juárez,Sierra Juárez,Santa Ana Yareni,82.5,82.5,492.05,641.15069100455
2019,temporal,Sierra Juárez,Sierra Juárez,Santa Catarina Ixtepeji,316,316,1875.31,2443.56529285183
2019,temporal,Sierra Juárez,Sierra Juárez,Santa Catarina Lachatao,373.5,373.5,2276.55,2966.388793021865
2019,temporal,Sierra Juárez,Sierra Juárez,Santa María Alotepec,1002.75,1002.75,6467.18,8426.860940658076
2019,temporal,Sierra Juárez,Sierra Juárez,Santa María Jaltianguis,103.25,103.25,558.43,727.645118133667
2019,temporal,Sierra Juárez,Sierra Juárez,Santa María Temaxcalapa,247,247,1525.65,1987.9515328342484
2019,temporal,Sierra Juárez,Sierra Juárez,Santa María Tepantlali,398.5,398.5,2945.25,3837.717859325579
2019,temporal,Sierra Juárez,Sierra Juárez,Santa María Tlahuitoltepec,1363.5,1363.5,10334.87,13466.536006385926
2019,temporal,Sierra Juárez,Sierra Juárez,Santa María Yalina,44,44,236.01,307.5256063082692
2019,temporal,Sierra Juárez,Sierra Juárez,Santa María Yavesía,96,96,605.62,789.1346031626372
2019,temporal,Sierra Juárez,Sierra Juárez,Santiago Atitlán,760,760,4887.24,6368.16848512362
2019,temporal,Sierra Juárez,Sierra Juárez,Santiago Camotlán,1424.5,1424.5,8816.65,11488.265907621717
2019,temporal,Sierra Juárez,Sierra Juárez,Santiago Comaltepec,251,251,1390.92,1812.3957303770935
2019,temporal,Sierra Juárez,Sierra Juárez,Santiago Lalopa,82.5,82.5,491.18,640.017064134976
2019,temporal,Sierra Juárez,Sierra Juárez,Santiago Laxopa,224,224,1338.65,1744.2869068453226
2019,temporal,Sierra Juárez,Sierra Juárez,Santiago Xiacuí,266.5,266.5,1419.33,1849.4145112559456
2019,temporal,Sierra Juárez,Sierra Juárez,Santiago Zacatepec,1048.5,1048.5,5846.87,7618.58498265171
2019,temporal,Sierra Juárez,Sierra Juárez,Santiago Zoochila,47,47,256.89,334.7326511780487
2019,temporal,Sierra Juárez,Sierra Juárez,Santo Domingo Roayaga,235,235,1342.51,1749.316561691939
2019,temporal,Sierra Juárez,Sierra Juárez,Santo Domingo Tepuxtepec,846,846,5541.32,7220.447407940927
2019,temporal,Sierra Juárez,Sierra Juárez,Santo Domingo Xagacía,162,162,905.96,1180.4834468498775
2019,temporal,Sierra Juárez,Sierra Juárez,Tamazulápam del Espíritu Santo,1264,1264,8872.12,11560.544393202497
2019,temporal,Sierra Juárez,Sierra Juárez,Tanetze de Zaragoza,141,141,785.32,1023.2871876022625
2019,temporal,Sierra Juárez,Sierra Juárez,Teococuilco de Marcos Pérez,193.25,193.25,1163.26,1515.7503359779553
2019,temporal,Sierra Juárez,Sierra Juárez,Totontepec Villa de Morelos,1387.5,1387.5,8134.48,10599.38517013046
2019,temporal,Sierra Juárez,Sierra Juárez,Villa Hidalgo Yalálag,236,236,1728.69,2252.516589843828
2019,temporal,Sierra Juárez,Sierra Juárez,Villa Talea de Castro,434,434,2499.27,3256.597271632846
2019,temporal,Valles Centrales,Valles Centrales,Asunción Ocotlán,300.42,300.42,844.94,1100.9732036528494
2019,temporal,Valles Centrales,Valles Centrales,Ayoquezco de Aldama,1605,1605,6840.79,8913.682015073704
2019,temporal,Valles Centrales,Valles Centrales,Ciénega de Zimatlán,529,529,1690.7,2203.014883205757
2019,temporal,Valles Centrales,Valles Centrales,Coatecas Altas,1178.17,1178.17,4625.45,6027.0510389330275
2019,temporal,Valles Centrales,Valles Centrales,Cuilápam de Guerrero,1980.5,1980.5,8656.97,11280.199771376201
2019,temporal,Valles Centrales,Valles Centrales,Guadalupe Etla,192.25,192.25,670.93,874.234799544117
2019,temporal,Valles Centrales,Valles Centrales,Heroica Ciudad de Ejutla de Crespo,5003.16,5003.16,21857.22,28480.38147838324
2019,temporal,Valles Centrales,Valles Centrales,Heroico San Martín de los Cansecos,396.43,396.43,1622.49,2114.1359305923634
2019,temporal,Valles Centrales,Valles Centrales,La Compañía,2163.83,2163.83,8055.56,10496.55087984679
2019,temporal,Valles Centrales,Valles Centrales,La Pe,1574.33,1574.33,5315.4,6926.069267280937
2019,temporal,Valles Centrales,Valles Centrales,Magdalena Apasco,760,760,2810.18,3661.7190302757167
2019,temporal,Valles Centrales,Valles Centrales,Magdalena Mixtepec,271.17,271.17,1174.79,1530.7741495482885
2019,temporal,Valles Centrales,Valles Centrales,Magdalena Ocotlán,542.36,542.36,2072.23,2700.1558711926814
2019,temporal,Valles Centrales,Valles Centrales,Magdalena Teitipac,788,788,3824.67,4983.619171556494
2019,temporal,Valles Centrales,Valles Centrales,Miahuatlán de Porfirio Díaz,7326.33,7326.33,27613.19,35980.521998455304
2019,temporal,Valles Centrales,Valles Centrales,Monjas,734.75,734.75,2898.58,3776.9059443795727
2019,temporal,Valles Centrales,Valles Centrales,Nazareno Etla,137.56,137.56,582.4,758.8784929195202
2019,temporal,Valles Centrales,Valles Centrales,Oaxaca de Juárez,160.38,160.38,605.5,788.9782408357993
2019,temporal,Valles Centrales,Valles Centrales,Ocotlán de Morelos,2783.82,2783.82,9982.95,13007.977422546232
2019,temporal,Valles Centrales,Valles Centrales,Reyes Etla,474,474,1715.09,2234.7955261355423
2019,temporal,Valles Centrales,Valles Centrales,Rojas de Cuauhtémoc,122,122,628.01,818.3092073117924
2019,temporal,Valles Centrales,Valles Centrales,San Agustín Amatengo,549.66,549.66,2005.05,2612.619028551312
2019,temporal,Valles Centrales,Valles Centrales,San Agustín Etla,110.13,110.13,413.23,538.4467026599131
2019,temporal,Valles Centrales,Valles Centrales,San Agustín Yatareni,112.5,112.5,397.02,517.324758342905
2019,temporal,Valles Centrales,Valles Centrales,San Agustín de Las Juntas,80.66,80.66,291.08,379.28288413292233
2019,temporal,Valles Centrales,Valles Centrales,San Andrés Huayápam,400.5,400.5,1433.22,1867.5134505874225
2019,temporal,Valles Centrales,Valles Centrales,San Andrés Ixtlahuaca,436.17,436.17,1923.98,2506.983246578466
2019,temporal,Valles Centrales,Valles Centrales,San Andrés Paxtlán,370.23,370.23,1268.82,1653.2970628196183
2019,temporal,Valles Centrales,Valles Centrales,San Andrés Zabache,272.34,272.34,1019.08,1327.8810002823227
2019,temporal,Valles Centrales,Valles Centrales,San Andrés Zautla,747.75,747.75,2698.98,3516.8232740726767
2019,temporal,Valles Centrales,Valles Centrales,San Antonino Castillo Velasco,852.5,852.5,3080.57,4014.0424432230197
2019,temporal,Valles Centrales,Valles Centrales,San Antonino El Alto,551,551,2160.77,2815.525208011181
2019,temporal,Valles Centrales,Valles Centrales,San Antonio Huitepec,1789.86,1789.86,7816.06,10184.477735866321
2019,temporal,Valles Centrales,Valles Centrales,San Antonio de La Cal,37,37,127.68,166.3695157554333
2019,temporal,Valles Centrales,Valles Centrales,San Baltazar Chichicápam,1384.1,1384.1,5858.11,7633.230920598851
2019,temporal,Valles Centrales,Valles Centrales,San Bartolo Coyotepec,772.74,772.74,2997.87,3906.2827396439598
2019,temporal,Valles Centrales,Valles Centrales,San Bartolomé Quialana,439.88,439.88,2050.9,2672.36246759726
2019,temporal,Valles Centrales,Valles Centrales,San Bernardo Mixtepec,1005.34,1005.34,4553.46,5933.246673024242
2019,temporal,Valles Centrales,Valles Centrales,San Cristóbal Amatlán,1385.66,1385.66,4923.47,6415.376877634737
2019,temporal,Valles Centrales,Valles Centrales,San Dionisio Ocotepec,3427.7,3427.7,17482.27,22779.736796724144
2019,temporal,Valles Centrales,Valles Centrales,San Dionisio Ocotlán,537.01,537.01,1832.16,2387.3400061597326
2019,temporal,Valles Centrales,Valles Centrales,San Felipe Tejalápam,1019.45,1019.45,3195.62,4163.954824078773
2019,temporal,Valles Centrales,Valles Centrales,San Francisco Cahuacuá,1547,1547,6205.19,8085.482890589419
2019,temporal,Valles Centrales,Valles Centrales,San Francisco Lachigoló,370.64,370.64,1859.57,2423.05576764827
2019,temporal,Valles Centrales,Valles Centrales,San Francisco Logueche,337.79,337.79,1224.83,1595.9772398396565
2019,temporal,Valles Centrales,Valles Centrales,San Francisco Ozolotepec,454.65,454.65,1583.95,2063.917563289619
2019,temporal,Valles Centrales,Valles Centrales,San Francisco Sola,393.5,393.5,1836.94,2393.568438845439
2019,temporal,Valles Centrales,Valles Centrales,San Francisco Telixtlahuaca,752.63,752.63,2600.38,3388.345562187607
2019,temporal,Valles Centrales,Valles Centrales,San Ildefonso Amatlán,664,664,2952.08,3846.617481761431
2019,temporal,Valles Centrales,Valles Centrales,San Ildefonso Sola,282.5,282.5,1115.34,1453.3096467940552
2019,temporal,Valles Centrales,Valles Centrales,San Jacinto Amilpas,25.17,25.17,84.71,110.378772553593
2019,temporal,Valles Centrales,Valles Centrales,San Jacinto Tlacotepec,947.5,947.5,4053.44,5281.710917478881
2019,temporal,Valles Centrales,Valles Centrales,San Jerónimo Coatlán,1755.2,1755.2,6493.78,8461.521256440457
2019,temporal,Valles Centrales,Valles Centrales,San Jerónimo Sosola,1535.18,1535.18,5856.93,7631.69335771828
2019,temporal,Valles Centrales,Valles Centrales,San Jerónimo Taviche,509.17,509.17,1522.48,1983.8209613669492
2019,temporal,Valles Centrales,Valles Centrales,San Jerónimo Tlacochahuaya,525.23,525.23,2548.92,3321.292184361991
2019,temporal,Valles Centrales,Valles Centrales,San José Lachiguiri,287.83,287.83,977.97,1274.3138731464685
2019,temporal,Valles Centrales,Valles Centrales,San José del Peñasco,829.84,829.84,3150.01,4104.524109686501
2019,temporal,Valles Centrales,Valles Centrales,San José del Progreso,2259.13,2259.13,7638.07,9952.553314584135
2019,temporal,Valles Centrales,Valles Centrales,San Juan Bautista Atatlahuca,495,495,2097.45,2733.018020216428
2019,temporal,Valles Centrales,Valles Centrales,San Juan Bautista Guelache,365.71,365.71,1270.05,1654.899776669706
2019,temporal,Valles Centrales,Valles Centrales,San Juan Bautista Jayacatlán,420.75,420.75,1492.17,1944.3264436464983
2019,temporal,Valles Centrales,Valles Centrales,San Juan Chilateca,388.7,388.7,1470.86,1916.5591004388832
2019,temporal,Valles Centrales,Valles Centrales,San Juan Guelavía,421.67,421.67,1939.71,2527.4797415881226
2019,temporal,Valles Centrales,Valles Centrales,San Juan Lachigalla,586.08,586.08,2192,2856.218503570722
2019,temporal,Valles Centrales,Valles Centrales,San Juan Mixtepec,336.5,336.5,1197.73,1560.6654143621172
2019,temporal,Valles Centrales,Valles Centrales,San Juan Ozolotepec,499.58,499.58,1943.08,2531.8709169334848
2019,temporal,Valles Centrales,Valles Centrales,San Juan Teitipac,370.98,370.98,1720.46,2241.792740261535
2019,temporal,Valles Centrales,Valles Centrales,San Juan del Estado,445.58,445.58,1574.33,2051.3825167547875
2019,temporal,Valles Centrales,Valles Centrales,San Juan del Río,472.9,472.9,2131.96,2777.9852193762026
2019,temporal,Valles Centrales,Valles Centrales,San Lorenzo Albarradas,1112.75,1112.75,5976.45,7787.430235248741
2019,temporal,Valles Centrales,Valles Centrales,San Lorenzo Cacaotepec,487.58,487.58,1720.32,2241.6103175468907
2019,temporal,Valles Centrales,Valles Centrales,San Lorenzo Texmelúcan,1433.58,1433.58,6198.16,8076.322664275504
2019,temporal,Valles Centrales,Valles Centrales,San Lucas Quiaviní,442.67,442.67,2093.82,2728.2880598295847
2019,temporal,Valles Centrales,Valles Centrales,San Luis Amatlán,3549.2,3549.2,13986.32,18224.446159152034
2019,temporal,Valles Centrales,Valles Centrales,San Marcial Ozolotepec,409.5,409.5,1453.9,1894.4598915791391
2019,temporal,Valles Centrales,Valles Centrales,San Martín Lachilá,704.42,704.42,2707.39,3527.7816671452265
2019,temporal,Valles Centrales,Valles Centrales,San Martín Tilcajete,764.5,764.5,2854.84,3719.91187624719
2019,temporal,Valles Centrales,Valles Centrales,San Mateo Río Hondo,575.08,575.08,2139.62,2787.9663479060164
2019,temporal,Valles Centrales,Valles Centrales,San Mateo Yucutindoo,2028.5,2028.5,9339.82,12169.966562052874
2019,temporal,Valles Centrales,Valles Centrales,San Miguel Coatlán,1228.33,1228.33,4349.46,5667.4307173999605
2019,temporal,Valles Centrales,Valles Centrales,San Miguel Ejutla,406.78,406.78,1468.92,1914.031242821672
2019,temporal,Valles Centrales,Valles Centrales,San Miguel Mixtepec,611.67,611.67,2598.04,3385.296496814269
2019,temporal,Valles Centrales,Valles Centrales,San Miguel Peras,976.84,976.84,3920.41,5108.370247985262
2019,temporal,Valles Centrales,Valles Centrales,San Miguel Suchixtepec,325.33,325.33,1152.97,1502.3422664516129
2019,temporal,Valles Centrales,Valles Centrales,San Miguel Tilquiápam,430.84,430.84,1350.53,1759.766777202266
2019,temporal,Valles Centrales,Valles Centrales,San Nicolás,552.84,552.84,2082.03,2712.9254612177697
2019,temporal,Valles Centrales,Valles Centrales,San Pablo Coatlán,1505.67,1505.67,6386.03,8321.120917134003
2019,temporal,Valles Centrales,Valles Centrales,San Pablo Cuatro Venados,659.33,659.33,2276.99,2966.962121553603
2019,temporal,Valles Centrales,Valles Centrales,San Pablo Etla,483.92,483.92,1689.81,2201.8551959483766
2019,temporal,Valles Centrales,Valles Centrales,San Pablo Huitzo,505.46,505.46,1832.22,2387.4181873231514
2019,temporal,Valles Centrales,Valles Centrales,San Pablo Huixtepec,1346.08,1346.08,5210.55,6789.447684206399
2019,temporal,Valles Centrales,Valles Centrales,San Pablo Villa de Mitla,1478.67,1478.67,6858.4,8936.628186537153
2019,temporal,Valles Centrales,Valles Centrales,San Pedro Apóstol,712.7,712.7,2342.93,3052.8832201509813
2019,temporal,Valles Centrales,Valles Centrales,San Pedro Ixtlahuaca,785.09,785.09,2835.59,3694.828752983624
2019,temporal,Valles Centrales,Valles Centrales,San Pedro Mixtepec,287,287,995.69,1297.4033767428523
2019,temporal,Valles Centrales,Valles Centrales,San Pedro Mártir,536.6,536.6,1895.93,2470.4335526801274
2019,temporal,Valles Centrales,Valles Centrales,San Pedro Quiatoni,1955.73,1955.73,9973.83,12996.093885706558
2019,temporal,Valles Centrales,Valles Centrales,San Pedro Taviche,507.75,507.75,1625.83,2118.4880153560157
2019,temporal,Valles Centrales,Valles Centrales,San Pedro Totolápam,770.57,770.57,3795.35,4945.4146430324545
2019,temporal,Valles Centrales,Valles Centrales,San Raymundo Jalpan,212.25,212.25,1347.69,1756.0662021337712
2019,temporal,Valles Centrales,Valles Centrales,San Sebastián Abasolo,309.88,309.88,1257.58,1638.6511248724764
2019,temporal,Valles Centrales,Valles Centrales,San Sebastián Coatlán,1036.67,1036.67,3731.46,4862.164734185222
2019,temporal,Valles Centrales,Valles Centrales,San Sebastián Río Hondo,861.17,861.17,2975.04,3876.534806963066
2019,temporal,Valles Centrales,Valles Centrales,San Sebastián Teitipac,520.83,520.83,2388.24,3111.923028726159
2019,temporal,Valles Centrales,Valles Centrales,San Sebastián Tutla,73.5,73.5,268.56,349.93888746302605
2019,temporal,Valles Centrales,Valles Centrales,San Simón Almolongas,551.85,551.85,2059.81,2683.9723703649674
2019,temporal,Valles Centrales,Valles Centrales,San Vicente Coatlán,1679.63,1679.63,7380.05,9616.34825149503
2019,temporal,Valles Centrales,Valles Centrales,San Vicente Lachixío,861.5,861.5,3165.8,4125.098785859576
2019,temporal,Valles Centrales,Valles Centrales,Santa Ana,733.49,733.49,2905.44,3785.8446573971346
2019,temporal,Valles Centrales,Valles Centrales,Santa Ana Tlapacoyan,1204.83,1204.83,4544.11,5921.063441724796
2019,temporal,Valles Centrales,Valles Centrales,Santa Ana Zegache,1674,1674,6215.53,8098.956111085277
2019,temporal,Valles Centrales,Valles Centrales,Santa Ana del Valle,453.67,453.67,1888.92,2461.2993867540185
2019,temporal,Valles Centrales,Valles Centrales,Santa Catarina Cuixtla,440.47,440.47,1758.53,2291.398688450831
2019,temporal,Valles Centrales,Valles Centrales,Santa Catarina Minas,391.57,391.57,1557.78,2029.8175458450726
2019,temporal,Valles Centrales,Valles Centrales,Santa Catarina Quiané,784.67,784.67,2945.49,3838.030583979254
2019,temporal,Valles Centrales,Valles Centrales,Santa Cruz Amilpas,21,21,73.97,96.3843443016087
2019,temporal,Valles Centrales,Valles Centrales,Santa Cruz Mixtepec,923,923,3361.03,4379.487261430796
2019,temporal,Valles Centrales,Valles Centrales,Santa Cruz Papalutla,488.33,488.33,2312.97,3013.8447592171406
2019,temporal,Valles Centrales,Valles Centrales,Santa Cruz Xitla,785.9,785.9,3101.18,4040.897672857414
2019,temporal,Valles Centrales,Valles Centrales,Santa Cruz Xoxocotlán,275,275,1077.67,1404.2249063608851
2019,temporal,Valles Centrales,Valles Centrales,Santa Cruz Zenzontepec,4945.17,4945.17,22759.6,29656.200115815784
2019,temporal,Valles Centrales,Valles Centrales,Santa Gertrudis,2328.92,2328.92,8464.93,11029.967927660087
2019,temporal,Valles Centrales,Valles Centrales,Santa Inés Yatzeche,354.08,354.08,1311.31,1708.6623567141073
2019,temporal,Valles Centrales,Valles Centrales,Santa Inés del Monte,584.66,584.66,2370.53,3088.846555323679
2019,temporal,Valles Centrales,Valles Centrales,Santa Lucía Miahuatlán,447.42,447.42,1721.72,2243.434544693332
2019,temporal,Valles Centrales,Valles Centrales,Santa Lucía Ocotlán,902.05,902.05,2721.93,3546.727569080408
2019,temporal,Valles Centrales,Valles Centrales,Santa Lucía del Camino,28.33,28.33,98.06,127.77408141429973
2019,temporal,Valles Centrales,Valles Centrales,Santa María Atzompa,419.17,419.17,1709.65,2227.7071006522287
2019,temporal,Valles Centrales,Valles Centrales,Santa María Coyotepec,159.25,159.25,600.79,782.8410195074151
2019,temporal,Valles Centrales,Valles Centrales,Santa María Guelacé,243,243,1116.74,1455.1338739404964
2019,temporal,Valles Centrales,Valles Centrales,Santa María Lachixío,498.1,498.1,1823.3,2375.7952543615406
2019,temporal,Valles Centrales,Valles Centrales,Santa María Ozolotepec,658.93,658.93,2242.12,2921.5258354133152
2019,temporal,Valles Centrales,Valles Centrales,Santa María Peñoles,2075.3,2075.3,9162,11938.263654067041
2019,temporal,Valles Centrales,Valles Centrales,Santa María Sola,823,823,3633.7,4734.781558588016
2019,temporal,Valles Centrales,Valles Centrales,Santa María Zaniza,507.5,507.5,2328.08,3033.533382204802
2019,temporal,Valles Centrales,Valles Centrales,Santa María Zoquitlán,864.83,864.83,4501.54,5865.593906279082
2019,temporal,Valles Centrales,Valles Centrales,Santa María del Tule,398.68,398.68,1491.81,1943.8573566659848
2019,temporal,Valles Centrales,Valles Centrales,Santiago Amoltepec,2152.4,2152.4,8082.87,10532.136339396297
2019,temporal,Valles Centrales,Valles Centrales,Santiago Apóstol,1534.78,1534.78,5534.4,7211.430513759947
2019,temporal,Valles Centrales,Valles Centrales,Santiago Matatlán,1291.67,1291.67,6430.42,8378.961947870092
2019,temporal,Valles Centrales,Valles Centrales,Santiago Minas,680.23,680.23,2707.48,3527.898938890355
2019,temporal,Valles Centrales,Valles Centrales,Santiago Suchilquitongo,687,687,2591.29,3376.5011159296423
2019,temporal,Valles Centrales,Valles Centrales,Santiago Tenango,557,557,2223.54,2897.3157351412606
2019,temporal,Valles Centrales,Valles Centrales,Santiago Textitlán,969.42,969.42,4198.03,5470.114491124543
2019,temporal,Valles Centrales,Valles Centrales,Santiago Tlazoyaltepec,943.58,943.58,3471.04,4522.83242455936
2019,temporal,Valles Centrales,Valles Centrales,Santiago Xanica,506.25,506.25,1920.25,2502.122984252591
2019,temporal,Valles Centrales,Valles Centrales,Santo Domingo Albarradas,397.5,397.5,1741.4,2269.0779662947334
2019,temporal,Valles Centrales,Valles Centrales,Santo Domingo Ozolotepec,300.16,300.16,1111,1447.6545426400876
2019,temporal,Valles Centrales,Valles Centrales,Santo Domingo Teojomulco,847.24,847.24,3559.37,4637.928127305894
2019,temporal,Valles Centrales,Valles Centrales,Santo Domingo Tomaltepec,174.83,174.83,752.01,979.8836117108661
2019,temporal,Valles Centrales,Valles Centrales,Santo Tomás Jalieza,1435.23,1435.23,5144.87,6703.865370650502
2019,temporal,Valles Centrales,Valles Centrales,Santo Tomás Mazaltepec,907.05,907.05,3187.05,4152.787947903773
2019,temporal,Valles Centrales,Valles Centrales,Santo Tomás Tamazulapan,698.94,698.94,3048.83,3972.684607774418
2019,temporal,Valles Centrales,Valles Centrales,Sitio de Xitlapehua,701.08,701.08,2864.08,3731.9517754137014
2019,temporal,Valles Centrales,Valles Centrales,Soledad Etla,384.71,384.71,1425.59,1857.5714126393182
2019,temporal,Valles Centrales,Valles Centrales,Taniche,527.67,527.67,2085.58,2717.5511800533877
2019,temporal,Valles Centrales,Valles Centrales,Teotitlán del Valle,610.33,610.33,2678.22,3489.7725915297347
2019,temporal,Valles Centrales,Valles Centrales,Tlacolula de Matamoros,2452.47,2452.47,12198.38,15894.725670432035
2019,temporal,Valles Centrales,Valles Centrales,Tlalixtac de Cabrera,623.48,623.48,2480.41,3232.0223259315026
2019,temporal,Valles Centrales,Valles Centrales,Trinidad Zaachila,851.83,851.83,3632.81,4733.621871330636
2019,temporal,Valles Centrales,Valles Centrales,Villa Díaz Ordaz,984.76,984.76,4717,6146.342464116376
2019,temporal,Valles Centrales,Valles Centrales,Villa Sola de Vega,4460.75,4460.75,19691.88,25658.901471758316
2019,temporal,Valles Centrales,Valles Centrales,Villa de Etla,109.75,109.75,489.74,638.1407162129221
2019,temporal,Valles Centrales,Valles Centrales,Villa de Zaachila,1928.16,1928.16,9142.39,11912.711443822962
2019,temporal,Valles Centrales,Valles Centrales,Yaxe,867.35,867.35,3371.54,4393.181995223007
2019,temporal,Valles Centrales,Valles Centrales,Yogana,486.67,486.67,1761.08,2294.7213878961343
2019,temporal,Valles Centrales,Valles Centrales,Zimatlán de Álvarez,5024.92,5024.92,20227.95,26357.411076324537
2019,temporal,Valles Centrales,Valles Centrales,Ánimas Trujano,119.96,119.96,417.66,544.2190785590091
2024,riego,Cañada,Cañada,Concepción Pápalo,80,80,972.01,972.01
2024,riego,Cañada,Cañada,Cuyamecalco Villa de Zaragoza,22.3,22.3,340.93,340.93
2024,riego,Cañada,Cañada,Eloxochitlán de Flores Magón,0.3,0.3,148.83,148.83
2024,riego,Cañada,Cañada,Huautla de Jiménez,0.4,0.4,232.5,232.5
2024,riego,Cañada,Cañada,Mazatlán Villa de Flores,115.5,115.5,4344.63,4344.63
2024,riego,Cañada,Cañada,San Antonio Nanahuatípam,57.15,57.15,2331.36,2331.36
2024,riego,Cañada,Cañada,San Juan Bautista Cuicatlán,207.08,207.08,10474.65,10474.65
2024,riego,Cañada,Cañada,San Juan Tepeuxila,78.5,78.5,3057.9,3057.9
2024,riego,Cañada,Cañada,San Juan de Los Cués,59.28,59.28,6062.18,6062.18
2024,riego,Cañada,Cañada,San Martín Toxpalan,116.35,116.35,9260.95,9260.95
2024,riego,Cañada,Cañada,San Pedro Sochiápam,0.28,0.28,412.23,412.23
2024,riego,Cañada,Cañada,Santa María Chilchotla,120.95,120.95,1766.86,1766.86
2024,riego,Cañada,Cañada,Santa María Tecomavaca,148.65,148.65,10816.9,10816.9
2024,riego,Cañada,Cañada,Santa María Texcatitlán,40.4,40.4,1800.59,1800.59
2024,riego,Cañada,Cañada,Santiago Nacaltepec,160.85,160.85,2158.2,2158.2
2024,riego,Cañada,Cañada,Santos Reyes Pápalo,22.9,22.9,644.28,644.28
2024,riego,Cañada,Cañada,Teotitlán de Flores Magón,124.25,124.25,9785.8,9785.8
2024,riego,Cañada,Cañada,Valerio Trujano,62.5,62.5,2098.38,2098.38
2024,riego,Costa,Costa,Candelaria Loxicha,16,16,185.07,185.07
2024,riego,Costa,Costa,Mártires de Tacubaya,48.5,48.5,695.67,695.67
2024,riego,Costa,Costa,Pinotepa de Don Luis,32.25,32.25,1154.08,1154.08
2024,riego,Costa,Costa,San Agustín Chayuco,264.75,264.75,3754.21,3754.21
2024,riego,Costa,Costa,San Andrés Huaxpaltepec,246,246,4002.07,4002.07
2024,riego,Costa,Costa,San Antonio Tepetlapa,193,193,2689.1,2689.1
2024,riego,Costa,Costa,San Gabriel Mixtepec,25.25,25.25,263.38,263.38
2024,riego,Costa,Costa,San Juan Bautista Lo de Soto,76,76,1294.74,1294.74
2024,riego,Costa,Costa,San Juan Cacahuatepec,250,250,3783.31,3783.31
2024,riego,Costa,Costa,San Juan Colorado,169.5,169.5,2701.8,2701.8
2024,riego,Costa,Costa,San Juan Lachao,16.5,16.5,147.82,147.82
2024,riego,Costa,Costa,San Lorenzo,163,163,2188.22,2188.22
2024,riego,Costa,Costa,San Miguel Panixtlahuaca,34.25,34.25,427.43,427.43
2024,riego,Costa,Costa,San Miguel Tlacamama,85.75,85.75,5026.84,5026.84
2024,riego,Costa,Costa,San Miguel del Puerto,39.75,39.75,461.03,461.03
2024,riego,Costa,Costa,San Pedro Atoyac,250.25,250.25,3534.2,3534.2
2024,riego,Costa,Costa,San Pedro Jicayán,95.25,95.25,1523.15,1523.15
2024,riego,Costa,Costa,San Pedro Juchatengo,77,77,965.51,965.51
2024,riego,Costa,Costa,San Pedro Mixtepec,267,267,9353.67,9353.67
2024,riego,Costa,Costa,San Pedro Pochutla,42.5,42.5,511.13,511.13
2024,riego,Costa,Costa,San Sebastián Ixcapa,116.75,116.75,5566.69,5566.69
2024,riego,Costa,Costa,Santa Catarina Juquila,112.5,112.5,1388.41,1388.41
2024,riego,Costa,Costa,Santa Catarina Mechoacán,72,72,1062.09,1062.09
2024,riego,Costa,Costa,Santa María Colotepec,304.75,304.75,13658.73,13658.73
2024,riego,Costa,Costa,Santa María Cortijo,70,70,1095.33,1095.33
2024,riego,Costa,Costa,Santa María Huatulco,68.25,68.25,3901.94,3901.94
2024,riego,Costa,Costa,Santa María Huazolotitlán,466.5,466.5,17897.43,17897.43
2024,riego,Costa,Costa,Santa María Temaxcaltepec,23,23,291.17,291.17
2024,riego,Costa,Costa,Santa María Tonameca,215,215,14191.06,14191.06
2024,riego,Costa,Costa,Santiago Ixtayutla,196.25,196.25,2714.75,2714.75
2024,riego,Costa,Costa,Santiago Jamiltepec,1341.75,1341.75,35998.2,35998.2
2024,riego,Costa,Costa,Santiago Llano Grande,215,215,3928.78,3928.78
2024,riego,Costa,Costa,Santiago Pinotepa Nacional,703.25,703.25,20439.18,20439.18
2024,riego,Costa,Costa,Santiago Tapextla,84.5,84.5,1544.58,1544.58
2024,riego,Costa,Costa,Santiago Tetepec,40,40,732.38,732.38
2024,riego,Costa,Costa,Santo Domingo Armenta,197.5,197.5,26821.23,26821.23
2024,riego,Costa,Costa,Santo Domingo de Morelos,73,73,3107.2,3107.2
2024,riego,Costa,Costa,Santos Reyes Nopala,232,232,2868.79,2868.79
2024,riego,Costa,Costa,Tataltepec de Valdés,77.5,77.5,2658.32,2658.32
2024,riego,Costa,Costa,Villa de Tututepec,307.25,307.25,12406.25,12406.25
2024,riego,Istmo,Istmo,Asunción Ixtaltepec,675.75,675.75,11270.42,11270.42
2024,riego,Istmo,Istmo,Asunción Tlacolulita,118.25,118.25,2373.03,2373.03
2024,riego,Istmo,Istmo,Ciudad Ixtepec,903.25,903.25,12854.77,12854.77
2024,riego,Istmo,Istmo,El Espinal,573,573,10589.81,10589.81
2024,riego,Istmo,Istmo,Heroica Ciudad de Juchitán de Zaragoza,1714.5,1714.5,25095.29,25095.29
2024,riego,Istmo,Istmo,Heroica Villa de San Blas Atempa,3110.75,3110.75,58167.47,58167.47
2024,riego,Istmo,Istmo,Magdalena Tequisistlán,226.5,226.5,6513.2,6513.2
2024,riego,Istmo,Istmo,Magdalena Tlacotepec,364,364,5274.72,5274.72
2024,riego,Istmo,Istmo,Nejapa de Madero,569,569,18214.79,18214.79
2024,riego,Istmo,Istmo,San Carlos Yautepec,50,50,675.66,675.66
2024,riego,Istmo,Istmo,San Pedro Comitancillo,341.75,341.75,5537.58,5537.58
2024,riego,Istmo,Istmo,San Pedro Huamelula,689,689,8871.87,8871.87
2024,riego,Istmo,Istmo,San Pedro Huilotepec,621,621,9075.52,9075.52
2024,riego,Istmo,Istmo,San Pedro Mártir Quiechapa,79.25,79.25,1308.22,1308.22
2024,riego,Istmo,Istmo,Santa Ana Tavela,54.5,54.5,768.44,768.44
2024,riego,Istmo,Istmo,Santa María Jalapa del Marqués,1070,1070,16795.31,16795.31
2024,riego,Istmo,Istmo,Santa María Mixtequilla,489.25,489.25,9044.96,9044.96
2024,riego,Istmo,Istmo,Santa María Xadani,129,129,1985.34,1985.34
2024,riego,Istmo,Istmo,Santiago Astata,82.5,82.5,1238.78,1238.78
2024,riego,Istmo,Istmo,Santiago Laollaga,688.5,688.5,9246.76,9246.76
2024,riego,Istmo,Istmo,Santo Domingo Chihuitán,589.5,589.5,9523.97,9523.97
2024,riego,Istmo,Istmo,Santo Domingo Ingenio,507.75,507.75,8590.21,8590.21
2024,riego,Istmo,Istmo,Santo Domingo Tehuantepec,2051,2051,38389.73,38389.73
2024,riego,Istmo,Istmo,Unión Hidalgo,192.75,192.75,3672.64,3672.64
2024,riego,Mixteca,Huajuapan de León,Asunción Cuyotepeji,53.26,53.26,1906.82,1906.82
2024,riego,Mixteca,Huajuapan de León,Asunción Nochixtlán,71.6,71.6,2702.75,2702.75
2024,riego,Mixteca,Huajuapan de León,Calihualá,38.82,38.82,539.96,539.96
2024,riego,Mixteca,Huajuapan de León,Chalcatongo de Hidalgo,160.5,160.5,4157.27,4157.27
2024,riego,Mixteca,Huajuapan de León,Coicoyán de Las Flores,83.36,83.36,2910.17,2910.17
2024,riego,Mixteca,Huajuapan de León,Concepción Buenavista,0.41,0.41,396.27,396.27
2024,riego,Mixteca,Huajuapan de León,Constancia del Rosario,105.35,105.35,1693.79,1693.79
2024,riego,Mixteca,Huajuapan de León,"H. V. Tezoatlán de Segura y Luna, C. de la I.de O.",1365.68,1365.68,38574.05,38574.05
2024,riego,Mixteca,Huajuapan de León,Heroica Ciudad de Huajuapan de León,175.35,175.35,9025.75,9025.75
2024,riego,Mixteca,Huajuapan de León,Heroica Ciudad de Tlaxiaco,110.45,110.45,2234.88,2234.88
2024,riego,Mixteca,Huajuapan de León,La Reforma,270.8,270.8,3541.94,3541.94
2024,riego,Mixteca,Huajuapan de León,La Trinidad Vista Hermosa,0.45,0.45,435.85,435.85
2024,riego,Mixteca,Huajuapan de León,Magdalena Jaltepec,19.65,19.65,766.38,766.38
2024,riego,Mixteca,Huajuapan de León,Magdalena Peñasco,2.3,2.3,1825.61,1825.61
2024,riego,Mixteca,Huajuapan de León,Magdalena Yodocono de Porfirio Díaz,65,65,1201.8,1201.8
2024,riego,Mixteca,Huajuapan de León,Magdalena Zahuatlán,43.65,43.65,751.08,751.08
2024,riego,Mixteca,Huajuapan de León,Mariscala de Juárez,147.7,147.7,4252.62,4252.62
2024,riego,Mixteca,Huajuapan de León,Mesones Hidalgo,250.3,250.3,7598.08,7598.08
2024,riego,Mixteca,Huajuapan de León,Putla Villa de Guerrero,534.13,534.13,5673.59,5673.59
2024,riego,Mixteca,Huajuapan de León,San Agustín Atenango,180.77,180.77,7332.53,7332.53
2024,riego,Mixteca,Huajuapan de León,San Andrés Cabecera Nueva,84.35,84.35,1047.53,1047.53
2024,riego,Mixteca,Huajuapan de León,San Andrés Dinicuiti,89.69,89.69,2251.89,2251.89
2024,riego,Mixteca,Huajuapan de León,San Andrés Lagunas,0.5,0.5,442.86,442.86
2024,riego,Mixteca,Huajuapan de León,San Andrés Nuxiño,24.77,24.77,414.79,414.79
2024,riego,Mixteca,Huajuapan de León,San Andrés Sinaxtla,267.74,267.74,6341.03,6341.03
2024,riego,Mixteca,Huajuapan de León,San Antonio Sinicahua,0.3,0.3,121.19,121.19
2024,riego,Mixteca,Huajuapan de León,San Cristóbal Amoltepec,1.75,1.75,1076.03,1076.03
2024,riego,Mixteca,Huajuapan de León,San Cristóbal Suchixtlahuaca,0.2,0.2,184.87,184.87
2024,riego,Mixteca,Huajuapan de León,San Esteban Atatlahuca,18.9,18.9,2131.22,2131.22
2024,riego,Mixteca,Huajuapan de León,San Francisco Chindúa,176.25,176.25,2871.36,2871.36
2024,riego,Mixteca,Huajuapan de León,San Francisco Jaltepetongo,73.1,73.1,1268.9,1268.9
2024,riego,Mixteca,Huajuapan de León,San Francisco Nuxaño,79.1,79.1,1492.33,1492.33
2024,riego,Mixteca,Huajuapan de León,San Francisco Tlapancingo,47.9,47.9,872.48,872.48
2024,riego,Mixteca,Huajuapan de León,San Jerónimo Silacayoapilla,0.12,0.12,96.87,96.87
2024,riego,Mixteca,Huajuapan de León,San Jorge Nuchita,191.47,191.47,3248.84,3248.84
2024,riego,Mixteca,Huajuapan de León,San José Ayuquila,4.75,4.75,489.98,489.98
2024,riego,Mixteca,Huajuapan de León,San Juan Achiutla,28.25,28.25,232.42,232.42
2024,riego,Mixteca,Huajuapan de León,San Juan Bautista Suchitepec,38.01,38.01,821.91,821.91
2024,riego,Mixteca,Huajuapan de León,San Juan Bautista Tlachichilco,61.64,61.64,1016.15,1016.15
2024,riego,Mixteca,Huajuapan de León,San Juan Cieneguilla,0.12,0.12,80.62,80.62
2024,riego,Mixteca,Huajuapan de León,San Juan Ihualtepec,0.06,0.06,38.29,38.29
2024,riego,Mixteca,Huajuapan de León,San Juan Mixtepec,81.9,81.9,4860.94,4860.94
2024,riego,Mixteca,Huajuapan de León,San Juan Sayultepec,176.55,176.55,5904.03,5904.03
2024,riego,Mixteca,Huajuapan de León,San Juan Teita,58.65,58.65,578.96,578.96
2024,riego,Mixteca,Huajuapan de León,San Juan Teposcolula,0.5,0.5,442.13,442.13
2024,riego,Mixteca,Huajuapan de León,San Juan Yucuita,55.7,55.7,2068.97,2068.97
2024,riego,Mixteca,Huajuapan de León,San Juan Ñumí,81.2,81.2,1332.44,1332.44
2024,riego,Mixteca,Huajuapan de León,San Lorenzo Victoria,84.77,84.77,1765.13,1765.13
2024,riego,Mixteca,Huajuapan de León,San Marcos Arteaga,171.66,171.66,4621.53,4621.53
2024,riego,Mixteca,Huajuapan de León,San Martín Huamelúlpam,28.2,28.2,883.53,883.53
2024,riego,Mixteca,Huajuapan de León,San Martín Itunyoso,0.1,0.1,41.71,41.71
2024,riego,Mixteca,Huajuapan de León,San Martín Peras,0.3,0.3,215.01,215.01
2024,riego,Mixteca,Huajuapan de León,San Martín Zacatepec,36.87,36.87,651.94,651.94
2024,riego,Mixteca,Huajuapan de León,San Mateo Etlatongo,72.3,72.3,2669.05,2669.05
2024,riego,Mixteca,Huajuapan de León,San Mateo Nejápam,11.76,11.76,207.28,207.28
2024,riego,Mixteca,Huajuapan de León,San Mateo Peñasco,50.33,50.33,1453.53,1453.53
2024,riego,Mixteca,Huajuapan de León,San Mateo Sindihui,68.85,68.85,1205.3,1205.3
2024,riego,Mixteca,Huajuapan de León,San Miguel Achiutla,21.7,21.7,410.64,410.64
2024,riego,Mixteca,Huajuapan de León,San Miguel Ahuehuetitlán,8.22,8.22,192.15,192.15
2024,riego,Mixteca,Huajuapan de León,San Miguel Amatitlán,0.12,0.12,87.26,87.26
2024,riego,Mixteca,Huajuapan de León,San Miguel El Grande,23,23,1816.91,1816.91
2024,riego,Mixteca,Huajuapan de León,San Miguel Huautla,18.8,18.8,315.69,315.69
2024,riego,Mixteca,Huajuapan de León,San Miguel Tecomatlán,95.8,95.8,1644.32,1644.32
2024,riego,Mixteca,Huajuapan de León,San Miguel Tequixtepec,0.15,0.15,137.27,137.27
2024,riego,Mixteca,Huajuapan de León,San Miguel Tlacotepec,0.15,0.15,109.47,109.47
2024,riego,Mixteca,Huajuapan de León,San Miguel Tulancingo,2.11,2.11,1997.94,1997.94
2024,riego,Mixteca,Huajuapan de León,San Nicolás Hidalgo,92.8,92.8,2464.06,2464.06
2024,riego,Mixteca,Huajuapan de León,San Pablo Tijaltepec,16,16,399.2,399.2
2024,riego,Mixteca,Huajuapan de León,San Pedro Amuzgos,146.32,146.32,4144.76,4144.76
2024,riego,Mixteca,Huajuapan de León,San Pedro Coxcaltepec Cántaros,0.21,0.21,209.97,209.97
2024,riego,Mixteca,Huajuapan de León,San Pedro Molinos,26.33,26.33,521.32,521.32
2024,riego,Mixteca,Huajuapan de León,San Pedro Mártir Yucuxaco,0.35,0.35,199.96,199.96
2024,riego,Mixteca,Huajuapan de León,San Pedro Teozacoalco,27.97,27.97,517.59,517.59
2024,riego,Mixteca,Huajuapan de León,San Pedro Tidaá,6,6,124.45,124.45
2024,riego,Mixteca,Huajuapan de León,San Pedro Topiltepec,0.1,0.1,89.74,89.74
2024,riego,Mixteca,Huajuapan de León,San Pedro Y San Pablo Teposcolula,0.65,0.65,607.35,607.35
2024,riego,Mixteca,Huajuapan de León,San Pedro Y San Pablo Tequixtepec,58.95,58.95,1111.5,1111.5
2024,riego,Mixteca,Huajuapan de León,San Pedro Yucunama,0.45,0.45,432.12,432.12
2024,riego,Mixteca,Huajuapan de León,San Sebastián Nicananduta,0.3,0.3,288.66,288.66
2024,riego,Mixteca,Huajuapan de León,San Sebastián Tecomaxtlahuaca,95.27,95.27,2978.16,2978.16
2024,riego,Mixteca,Huajuapan de León,Santa Catarina Tayata,0.54,0.54,320.87,320.87
2024,riego,Mixteca,Huajuapan de León,Santa Catarina Ticuá,2.52,2.52,295.08,295.08
2024,riego,Mixteca,Huajuapan de León,Santa Catarina Yosonotú,0.25,0.25,144.23,144.23
2024,riego,Mixteca,Huajuapan de León,Santa Catarina Zapoquila,15.3,15.3,225.73,225.73
2024,riego,Mixteca,Huajuapan de León,Santa Cruz Itundujia,83.45,83.45,864.5,864.5
2024,riego,Mixteca,Huajuapan de León,Santa Cruz Nundaco,3.8,3.8,3103.92,3103.92
2024,riego,Mixteca,Huajuapan de León,Santa Cruz Tacache de Mina,211.1,211.1,6030.36,6030.36
2024,riego,Mixteca,Huajuapan de León,Santa Cruz Tacahua,0.1,0.1,40.14,40.14
2024,riego,Mixteca,Huajuapan de León,Santa Inés de Zaragoza,19.45,19.45,409.35,409.35
2024,riego,Mixteca,Huajuapan de León,Santa Lucía Monteverde,0.4,0.4,217.51,217.51
2024,riego,Mixteca,Huajuapan de León,Santa Magdalena Jicotlán,0.12,0.12,111.97,111.97
2024,riego,Mixteca,Huajuapan de León,Santa María Apazco,53.9,53.9,787.58,787.58
2024,riego,Mixteca,Huajuapan de León,Santa María Camotlán,108.59,108.59,8419.61,8419.61
2024,riego,Mixteca,Huajuapan de León,Santa María Chachoápam,98.2,98.2,1672.76,1672.76
2024,riego,Mixteca,Huajuapan de León,Santa María Ipalapa,328.5,328.5,7775.77,7775.77
2024,riego,Mixteca,Huajuapan de León,Santa María Nativitas,3,3,3257.98,3257.98
2024,riego,Mixteca,Huajuapan de León,Santa María Nduayaco,0.24,0.24,224.42,224.42
2024,riego,Mixteca,Huajuapan de León,Santa María Yolotepec,1.2,1.2,785.11,785.11
2024,riego,Mixteca,Huajuapan de León,Santa María Yosoyúa,18.1,18.1,279.72,279.72
2024,riego,Mixteca,Huajuapan de León,Santa María Yucuhiti,87.4,87.4,839.04,839.04
2024,riego,Mixteca,Huajuapan de León,Santa María Zacatepec,597.85,597.85,13071.18,13071.18
2024,riego,Mixteca,Huajuapan de León,Santa María del Rosario,0.1,0.1,54.48,54.48
2024,riego,Mixteca,Huajuapan de León,Santiago Apoala,71.2,71.2,1452.37,1452.37
2024,riego,Mixteca,Huajuapan de León,Santiago Ayuquililla,2.5,2.5,2100.75,2100.75
2024,riego,Mixteca,Huajuapan de León,Santiago Cacaloxtepec,0.12,0.12,88.83,88.83
2024,riego,Mixteca,Huajuapan de León,Santiago Huajolotitlán,176.21,176.21,17261.99,17261.99
2024,riego,Mixteca,Huajuapan de León,Santiago Huauclilla,35.06,35.06,690.47,690.47
2024,riego,Mixteca,Huajuapan de León,Santiago Juxtlahuaca,206.89,206.89,5636.73,5636.73
2024,riego,Mixteca,Huajuapan de León,Santiago Miltepec,31.68,31.68,911.45,911.45
2024,riego,Mixteca,Huajuapan de León,Santiago Nundiche,3.45,3.45,2958.78,2958.78
2024,riego,Mixteca,Huajuapan de León,Santiago Nuyoó,16.35,16.35,305.07,305.07
2024,riego,Mixteca,Huajuapan de León,Santiago Tamazola,42,42,953.12,953.12
2024,riego,Mixteca,Huajuapan de León,Santiago Tillo,121.4,121.4,2822.25,2822.25
2024,riego,Mixteca,Huajuapan de León,Santiago Yolomécatl,0.1,0.1,86.66,86.66
2024,riego,Mixteca,Huajuapan de León,Santiago Yosondúa,102.8,102.8,4649.7,4649.7
2024,riego,Mixteca,Huajuapan de León,Santiago Yucuyachi,0.12,0.12,87.66,87.66
2024,riego,Mixteca,Huajuapan de León,Santiago del Río,107.51,107.51,3651.82,3651.82
2024,riego,Mixteca,Huajuapan de León,Santo Domingo Ixcatlán,2.45,2.45,2319.17,2319.17
2024,riego,Mixteca,Huajuapan de León,Santo Domingo Tonaltepec,0.4,0.4,405.78,405.78
2024,riego,Mixteca,Huajuapan de León,Santo Domingo Tonalá,732.32,732.32,41764.2,41764.2
2024,riego,Mixteca,Huajuapan de León,Santo Domingo Yanhuitlán,10.21,10.21,1484.47,1484.47
2024,riego,Mixteca,Huajuapan de León,Santo Domingo Yodohino,81.21,81.21,1621.5,1621.5
2024,riego,Mixteca,Huajuapan de León,Santo Tomás Ocotepec,0.58,0.58,339.67,339.67
2024,riego,Mixteca,Huajuapan de León,Santos Reyes Tepejillo,10.5,10.5,309.3,309.3
2024,riego,Mixteca,Huajuapan de León,Silacayoápam,135.52,135.52,3506.9,3506.9
2024,riego,Mixteca,Huajuapan de León,Teotongo,11.05,11.05,840.29,840.29
2024,riego,Mixteca,Huajuapan de León,Tlacotepec Plumas,0.25,0.25,221.29,221.29
2024,riego,Mixteca,Huajuapan de León,Villa Tejúpam de La Unión,1.1,1.1,1112.27,1112.27
2024,riego,Mixteca,Huajuapan de León,Villa de Chilapa de Díaz,7.14,7.14,124.45,124.45
2024,riego,Mixteca,Huajuapan de León,Villa de Santiago Chazumba,56.15,56.15,1579.87,1579.87
2024,riego,Mixteca,Huajuapan de León,Villa de Tamazulápam del Progreso,10.9,10.9,600.69,600.69
2024,riego,Mixteca,Huajuapan de León,Yutanduchi de Guerrero,7.67,7.67,106.34,106.34
2024,riego,Mixteca,Huajuapan de León,Zapotitlán Lagunas,22.65,22.65,621.88,621.88
2024,riego,Mixteca,Huajuapan de León,Zapotitlán Palmas,0.12,0.12,92.27,92.27
2024,riego,Sierra Juárez,Sierra Juárez,Capulálpam de Méndez,10.6,10.6,87.52,87.52
2024,riego,Sierra Juárez,Sierra Juárez,Guelatao de Juárez,3,3,28.35,28.35
2024,riego,Sierra Juárez,Sierra Juárez,Ixtlán de Juárez,85.75,85.75,1657.58,1657.58
2024,riego,Sierra Juárez,Sierra Juárez,Nuevo Zoquiápam,75.4,75.4,23812.71,23812.71
2024,riego,Sierra Juárez,Sierra Juárez,San Andrés Solaga,31.5,31.5,3506.35,3506.35
2024,riego,Sierra Juárez,Sierra Juárez,San Baltazar Yatzachi El Bajo,0.45,0.45,383.62,383.62
2024,riego,Sierra Juárez,Sierra Juárez,San Cristóbal Lachirioag,15.5,15.5,143.6,143.6
2024,riego,Sierra Juárez,Sierra Juárez,San Francisco Cajonos,0.2,0.2,111.7,111.7
2024,riego,Sierra Juárez,Sierra Juárez,San Ildefonso Villa Alta,14.1,14.1,118.99,118.99
2024,riego,Sierra Juárez,Sierra Juárez,San Juan Atepec,31.9,31.9,327.76,327.76
2024,riego,Sierra Juárez,Sierra Juárez,San Juan Chicomezúchil,44.8,44.8,469.03,469.03
2024,riego,Sierra Juárez,Sierra Juárez,San Juan Evangelista Analco,1.45,1.45,6.49,6.49
2024,riego,Sierra Juárez,Sierra Juárez,San Juan Juquila Mixes,9.7,9.7,265.57,265.57
2024,riego,Sierra Juárez,Sierra Juárez,San Juan Juquila Vijanos,5.7,5.7,44.83,44.83
2024,riego,Sierra Juárez,Sierra Juárez,San Juan Tabaá,38.3,38.3,889.3,889.3
2024,riego,Sierra Juárez,Sierra Juárez,San Juan Yatzona,20,20,189.06,189.06
2024,riego,Sierra Juárez,Sierra Juárez,San Mateo Cajonos,0.65,0.65,528.54,528.54
2024,riego,Sierra Juárez,Sierra Juárez,San Melchor Betaza,10,10,86.91,86.91
2024,riego,Sierra Juárez,Sierra Juárez,San Miguel Aloápam,7,7,7101.12,7101.12
2024,riego,Sierra Juárez,Sierra Juárez,San Miguel Quetzaltepec,8.5,8.5,238.27,238.27
2024,riego,Sierra Juárez,Sierra Juárez,San Pablo Yaganiza,9.65,9.65,287.23,287.23
2024,riego,Sierra Juárez,Sierra Juárez,San Pedro Cajonos,0.25,0.25,1.4,1.4
2024,riego,Sierra Juárez,Sierra Juárez,San Pedro Y San Pablo Ayutla,0.9,0.9,829.49,829.49
2024,riego,Sierra Juárez,Sierra Juárez,Santa Catarina Ixtepeji,86.7,86.7,2825.66,2825.66
2024,riego,Sierra Juárez,Sierra Juárez,Santa Catarina Lachatao,24.2,24.2,245.78,245.78
2024,riego,Sierra Juárez,Sierra Juárez,Santa María Alotepec,10,10,315.24,315.24
2024,riego,Sierra Juárez,Sierra Juárez,Santa María Temaxcalapa,9.7,9.7,83.47,83.47
2024,riego,Sierra Juárez,Sierra Juárez,Santa María Tepantlali,1.7,1.7,1526.54,1526.54
2024,riego,Sierra Juárez,Sierra Juárez,Santa María Tlahuitoltepec,2.2,2.2,1947.32,1947.32
2024,riego,Sierra Juárez,Sierra Juárez,Santiago Atitlán,13.5,13.5,398.96,398.96
2024,riego,Sierra Juárez,Sierra Juárez,Santiago Camotlán,18.5,18.5,172.23,172.23
2024,riego,Sierra Juárez,Sierra Juárez,Santiago Xiacuí,18,18,185.43,185.43
2024,riego,Sierra Juárez,Sierra Juárez,Santiago Zoochila,9.25,9.25,547.59,547.59
2024,riego,Sierra Juárez,Sierra Juárez,Santo Domingo Tepuxtepec,0.9,0.9,756.4,756.4
2024,riego,Sierra Juárez,Sierra Juárez,Santo Domingo Xagacía,12.25,12.25,104.94,104.94
2024,riego,Sierra Juárez,Sierra Juárez,Tamazulápam del Espíritu Santo,0.7,0.7,655.25,655.25
2024,riego,Sierra Juárez,Sierra Juárez,Teococuilco de Marcos Pérez,3.4,3.4,3360.2,3360.2
2024,riego,Sierra Juárez,Sierra Juárez,Totontepec Villa de Morelos,0.4,0.4,350.68,350.68
2024,riego,Sierra Juárez,Sierra Juárez,Villa Hidalgo Yalálag,0.4,0.4,285.81,285.81
2024,riego,Sierra Juárez,Sierra Juárez,Villa Talea de Castro,11.2,11.2,95.21,95.21
2024,riego,Valles Centrales,Valles Centrales,Asunción Ocotlán,27.45,27.45,6769.57,6769.57
2024,riego,Valles Centrales,Valles Centrales,Ayoquezco de Aldama,180.3,180.3,22477.48,22477.48
2024,riego,Valles Centrales,Valles Centrales,Ciénega de Zimatlán,237,237,29231.14,29231.14
2024,riego,Valles Centrales,Valles Centrales,Coatecas Altas,110.9,110.9,4229.24,4229.24
2024,riego,Valles Centrales,Valles Centrales,Cuilápam de Guerrero,94.1,94.1,9442.63,9442.63
2024,riego,Valles Centrales,Valles Centrales,Guadalupe Etla,58.6,58.6,1182.69,1182.69
2024,riego,Valles Centrales,Valles Centrales,Heroica Ciudad de Ejutla de Crespo,407.65,407.65,89757.7,89757.7
2024,riego,Valles Centrales,Valles Centrales,Heroico San Martín de los Cansecos,3.9,3.9,50.17,50.17
2024,riego,Valles Centrales,Valles Centrales,La Compañía,74.9,74.9,6293.45,6293.45
2024,riego,Valles Centrales,Valles Centrales,La Pe,18.1,18.1,2499.07,2499.07
2024,riego,Valles Centrales,Valles Centrales,Magdalena Apasco,44.25,44.25,2342.89,2342.89
2024,riego,Valles Centrales,Valles Centrales,Magdalena Mixtepec,6.85,6.85,1518.37,1518.37
2024,riego,Valles Centrales,Valles Centrales,Magdalena Ocotlán,2.55,2.55,39.02,39.02
2024,riego,Valles Centrales,Valles Centrales,Magdalena Teitipac,8,8,2101.44,2101.44
2024,riego,Valles Centrales,Valles Centrales,Miahuatlán de Porfirio Díaz,468.05,468.05,19892.43,19892.43
2024,riego,Valles Centrales,Valles Centrales,Monjas,70.9,70.9,3183.07,3183.07
2024,riego,Valles Centrales,Valles Centrales,Nazareno Etla,44.95,44.95,2486.05,2486.05
2024,riego,Valles Centrales,Valles Centrales,Oaxaca de Juárez,5,5,2346.29,2346.29
2024,riego,Valles Centrales,Valles Centrales,Ocotlán de Morelos,230.45,230.45,63980.08,63980.08
2024,riego,Valles Centrales,Valles Centrales,Reyes Etla,134.5,134.5,4796.13,4796.13
2024,riego,Valles Centrales,Valles Centrales,Rojas de Cuauhtémoc,54.55,54.55,3336.15,3336.15
2024,riego,Valles Centrales,Valles Centrales,San Agustín Amatengo,121.75,121.75,1643.05,1643.05
2024,riego,Valles Centrales,Valles Centrales,San Agustín Etla,3.15,3.15,2734.95,2734.95
2024,riego,Valles Centrales,Valles Centrales,San Agustín Yatareni,4.8,4.8,689.41,689.41
2024,riego,Valles Centrales,Valles Centrales,San Agustín de Las Juntas,0.4,0.4,5.44,5.44
2024,riego,Valles Centrales,Valles Centrales,San Andrés Huayápam,5.95,5.95,868.57,868.57
2024,riego,Valles Centrales,Valles Centrales,San Andrés Ixtlahuaca,37.1,37.1,23322.42,23322.42
2024,riego,Valles Centrales,Valles Centrales,San Andrés Paxtlán,0.5,0.5,685.74,685.74
2024,riego,Valles Centrales,Valles Centrales,San Andrés Zabache,63.7,63.7,3360.19,3360.19
2024,riego,Valles Centrales,Valles Centrales,San Andrés Zautla,25.5,25.5,415.67,415.67
2024,riego,Valles Centrales,Valles Centrales,San Antonino Castillo Velasco,130.5,130.5,44844.9,44844.9
2024,riego,Valles Centrales,Valles Centrales,San Antonino El Alto,6.25,6.25,1183.47,1183.47
2024,riego,Valles Centrales,Valles Centrales,San Antonio Huitepec,35.45,35.45,436.75,436.75
2024,riego,Valles Centrales,Valles Centrales,San Antonio de La Cal,16.1,16.1,465.54,465.54
2024,riego,Valles Centrales,Valles Centrales,San Baltazar Chichicápam,155.3,155.3,36223.62,36223.62
2024,riego,Valles Centrales,Valles Centrales,San Bartolo Coyotepec,55.5,55.5,7386.79,7386.79
2024,riego,Valles Centrales,Valles Centrales,San Bartolomé Quialana,8.25,8.25,108.36,108.36
2024,riego,Valles Centrales,Valles Centrales,San Bernardo Mixtepec,150,150,6391.41,6391.41
2024,riego,Valles Centrales,Valles Centrales,San Cristóbal Amatlán,57.9,57.9,841.68,841.68
2024,riego,Valles Centrales,Valles Centrales,San Dionisio Ocotepec,28,28,29254.49,29254.49
2024,riego,Valles Centrales,Valles Centrales,San Dionisio Ocotlán,39.95,39.95,16918.78,16918.78
2024,riego,Valles Centrales,Valles Centrales,San Felipe Tejalápam,23.85,23.85,1614.27,1614.27
2024,riego,Valles Centrales,Valles Centrales,San Francisco Cahuacuá,83.25,83.25,1101.83,1101.83
2024,riego,Valles Centrales,Valles Centrales,San Francisco Lachigoló,30.2,30.2,3351.07,3351.07
2024,riego,Valles Centrales,Valles Centrales,San Francisco Sola,45.25,45.25,1291.7,1291.7
2024,riego,Valles Centrales,Valles Centrales,San Francisco Telixtlahuaca,24.6,24.6,6334.54,6334.54
2024,riego,Valles Centrales,Valles Centrales,San Ildefonso Amatlán,86.65,86.65,4699.1,4699.1
2024,riego,Valles Centrales,Valles Centrales,San Ildefonso Sola,32,32,327.81,327.81
2024,riego,Valles Centrales,Valles Centrales,San Jacinto Amilpas,0.5,0.5,966.1,966.1
2024,riego,Valles Centrales,Valles Centrales,San Jacinto Tlacotepec,22,22,4506.46,4506.46
2024,riego,Valles Centrales,Valles Centrales,San Jerónimo Coatlán,15.8,15.8,231.42,231.42
2024,riego,Valles Centrales,Valles Centrales,San Jerónimo Sosola,1,1,2395.93,2395.93
2024,riego,Valles Centrales,Valles Centrales,San Jerónimo Taviche,2.25,2.25,5109.75,5109.75
2024,riego,Valles Centrales,Valles Centrales,San Jerónimo Tlacochahuaya,128.2,128.2,16775.62,16775.62
2024,riego,Valles Centrales,Valles Centrales,San José Lachiguiri,0.25,0.25,339.07,339.07
2024,riego,Valles Centrales,Valles Centrales,San José del Peñasco,131.35,131.35,6551.09,6551.09
2024,riego,Valles Centrales,Valles Centrales,San José del Progreso,92.15,92.15,12558.02,12558.02
2024,riego,Valles Centrales,Valles Centrales,San Juan Bautista Atatlahuca,87.5,87.5,1072.81,1072.81
2024,riego,Valles Centrales,Valles Centrales,San Juan Bautista Guelache,19.1,19.1,847.18,847.18
2024,riego,Valles Centrales,Valles Centrales,San Juan Bautista Jayacatlán,41.9,41.9,523.14,523.14
2024,riego,Valles Centrales,Valles Centrales,San Juan Chilateca,3.25,3.25,668.02,668.02
2024,riego,Valles Centrales,Valles Centrales,San Juan Guelavía,41,41,2641.5,2641.5
2024,riego,Valles Centrales,Valles Centrales,San Juan Lachigalla,0.3,0.3,525.72,525.72
2024,riego,Valles Centrales,Valles Centrales,San Juan Teitipac,20.8,20.8,1337,1337
2024,riego,Valles Centrales,Valles Centrales,San Juan del Estado,21.5,21.5,315.28,315.28
2024,riego,Valles Centrales,Valles Centrales,San Juan del Río,18.5,18.5,223.84,223.84
2024,riego,Valles Centrales,Valles Centrales,San Lorenzo Albarradas,51.25,51.25,7949.02,7949.02
2024,riego,Valles Centrales,Valles Centrales,San Lorenzo Cacaotepec,93.05,93.05,29320.02,29320.02
2024,riego,Valles Centrales,Valles Centrales,San Lorenzo Texmelúcan,65.2,65.2,3190.54,3190.54
2024,riego,Valles Centrales,Valles Centrales,San Lucas Quiaviní,15.5,15.5,189.73,189.73
2024,riego,Valles Centrales,Valles Centrales,San Luis Amatlán,128.7,128.7,5316.13,5316.13
2024,riego,Valles Centrales,Valles Centrales,San Martín Lachilá,19.42,19.42,2690.91,2690.91
2024,riego,Valles Centrales,Valles Centrales,San Mateo Río Hondo,0.5,0.5,861.85,861.85
2024,riego,Valles Centrales,Valles Centrales,San Mateo Yucutindoo,260.6,260.6,15317.86,15317.86
2024,riego,Valles Centrales,Valles Centrales,San Miguel Coatlán,41.2,41.2,1457.92,1457.92
2024,riego,Valles Centrales,Valles Centrales,San Miguel Ejutla,90.25,90.25,12696.3,12696.3
2024,riego,Valles Centrales,Valles Centrales,San Miguel Mixtepec,159.2,159.2,4782.76,4782.76
2024,riego,Valles Centrales,Valles Centrales,San Miguel Peras,33.85,33.85,2505.02,2505.02
2024,riego,Valles Centrales,Valles Centrales,San Miguel Suchixtepec,0.65,0.65,1199.68,1199.68
2024,riego,Valles Centrales,Valles Centrales,San Miguel Tilquiápam,13,13,169.78,169.78
2024,riego,Valles Centrales,Valles Centrales,San Nicolás,56.55,56.55,798.53,798.53
2024,riego,Valles Centrales,Valles Centrales,San Pablo Coatlán,174.2,174.2,3406.98,3406.98
2024,riego,Valles Centrales,Valles Centrales,San Pablo Cuatro Venados,1.9,1.9,4508.84,4508.84
2024,riego,Valles Centrales,Valles Centrales,San Pablo Etla,9.8,9.8,3211.85,3211.85
2024,riego,Valles Centrales,Valles Centrales,San Pablo Huitzo,139.3,139.3,15581.74,15581.74
2024,riego,Valles Centrales,Valles Centrales,San Pablo Huixtepec,556.75,556.75,104972.13,104972.13
2024,riego,Valles Centrales,Valles Centrales,San Pablo Villa de Mitla,9.75,9.75,6489.04,6489.04
2024,riego,Valles Centrales,Valles Centrales,San Pedro Apóstol,47.95,47.95,35863.64,35863.64
2024,riego,Valles Centrales,Valles Centrales,San Pedro Ixtlahuaca,31.25,31.25,21084.74,21084.74
2024,riego,Valles Centrales,Valles Centrales,San Pedro Mártir,16.1,16.1,4480.58,4480.58
2024,riego,Valles Centrales,Valles Centrales,San Pedro Quiatoni,29.05,29.05,14590.7,14590.7
2024,riego,Valles Centrales,Valles Centrales,San Pedro Taviche,4.3,4.3,50.91,50.91
2024,riego,Valles Centrales,Valles Centrales,San Pedro Totolápam,127.3,127.3,2437.27,2437.27
2024,riego,Valles Centrales,Valles Centrales,San Raymundo Jalpan,5.2,5.2,68.94,68.94
2024,riego,Valles Centrales,Valles Centrales,San Sebastián Abasolo,137.5,137.5,17195.68,17195.68
2024,riego,Valles Centrales,Valles Centrales,San Sebastián Coatlán,0.42,0.42,923.74,923.74
2024,riego,Valles Centrales,Valles Centrales,San Sebastián Río Hondo,1.15,1.15,1710.3,1710.3
2024,riego,Valles Centrales,Valles Centrales,San Sebastián Teitipac,13.55,13.55,1513.09,1513.09
2024,riego,Valles Centrales,Valles Centrales,San Sebastián Tutla,0.3,0.3,694.83,694.83
2024,riego,Valles Centrales,Valles Centrales,San Simón Almolongas,11.3,11.3,2655.47,2655.47
2024,riego,Valles Centrales,Valles Centrales,San Vicente Coatlán,26.25,26.25,1052.36,1052.36
2024,riego,Valles Centrales,Valles Centrales,San Vicente Lachixío,0.5,0.5,1072.36,1072.36
2024,riego,Valles Centrales,Valles Centrales,Santa Ana,75,75,6082.44,6082.44
2024,riego,Valles Centrales,Valles Centrales,Santa Ana Tlapacoyan,120,120,1798.62,1798.62
2024,riego,Valles Centrales,Valles Centrales,Santa Ana Zegache,41,41,1635.18,1635.18
2024,riego,Valles Centrales,Valles Centrales,Santa Ana del Valle,3.2,3.2,2166.62,2166.62
2024,riego,Valles Centrales,Valles Centrales,Santa Catarina Cuixtla,0.5,0.5,1037.88,1037.88
2024,riego,Valles Centrales,Valles Centrales,Santa Catarina Minas,37.5,37.5,32048.15,32048.15
2024,riego,Valles Centrales,Valles Centrales,Santa Catarina Quiané,48.7,48.7,1357.36,1357.36
2024,riego,Valles Centrales,Valles Centrales,Santa Cruz Mixtepec,284.3,284.3,11226.45,11226.45
2024,riego,Valles Centrales,Valles Centrales,Santa Cruz Papalutla,33,33,6538.45,6538.45
2024,riego,Valles Centrales,Valles Centrales,Santa Cruz Xitla,30.1,30.1,3532.79,3532.79
2024,riego,Valles Centrales,Valles Centrales,Santa Cruz Xoxocotlán,29.45,29.45,9830.08,9830.08
2024,riego,Valles Centrales,Valles Centrales,Santa Cruz Zenzontepec,97.6,97.6,6230.53,6230.53
2024,riego,Valles Centrales,Valles Centrales,Santa Gertrudis,118.75,118.75,23782.78,23782.78
2024,riego,Valles Centrales,Valles Centrales,Santa Inés Yatzeche,9.5,9.5,147.8,147.8
2024,riego,Valles Centrales,Valles Centrales,Santa Inés del Monte,10.95,10.95,4214.88,4214.88
2024,riego,Valles Centrales,Valles Centrales,Santa Lucía Miahuatlán,0.5,0.5,725.89,725.89
2024,riego,Valles Centrales,Valles Centrales,Santa Lucía Ocotlán,18.75,18.75,5281.26,5281.26
2024,riego,Valles Centrales,Valles Centrales,Santa María Atzompa,51.25,51.25,41811.51,41811.51
2024,riego,Valles Centrales,Valles Centrales,Santa María Coyotepec,7.3,7.3,611.42,611.42
2024,riego,Valles Centrales,Valles Centrales,Santa María Guelacé,18.7,18.7,1650.05,1650.05
2024,riego,Valles Centrales,Valles Centrales,Santa María Lachixío,1.8,1.8,3929.5,3929.5
2024,riego,Valles Centrales,Valles Centrales,Santa María Ozolotepec,0.5,0.5,728.22,728.22
2024,riego,Valles Centrales,Valles Centrales,Santa María Peñoles,11.5,11.5,3216.17,3216.17
2024,riego,Valles Centrales,Valles Centrales,Santa María Sola,133.55,133.55,12323.8,12323.8
2024,riego,Valles Centrales,Valles Centrales,Santa María Zaniza,52.5,52.5,679.46,679.46
2024,riego,Valles Centrales,Valles Centrales,Santa María Zoquitlán,508.45,508.45,12197.5,12197.5
2024,riego,Valles Centrales,Valles Centrales,Santa María del Tule,58.25,58.25,1534.09,1534.09
2024,riego,Valles Centrales,Valles Centrales,Santiago Amoltepec,0.7,0.7,1491.23,1491.23
2024,riego,Valles Centrales,Valles Centrales,Santiago Apóstol,40.5,40.5,4568.52,4568.52
2024,riego,Valles Centrales,Valles Centrales,Santiago Matatlán,68,68,163326.76,163326.76
2024,riego,Valles Centrales,Valles Centrales,Santiago Minas,91.95,91.95,2331.73,2331.73
2024,riego,Valles Centrales,Valles Centrales,Santiago Suchilquitongo,99.55,99.55,6508.1,6508.1
2024,riego,Valles Centrales,Valles Centrales,Santiago Tenango,5.2,5.2,523.56,523.56
2024,riego,Valles Centrales,Valles Centrales,Santiago Textitlán,109.2,109.2,16290.24,16290.24
2024,riego,Valles Centrales,Valles Centrales,Santiago Tlazoyaltepec,19,19,1423.39,1423.39
2024,riego,Valles Centrales,Valles Centrales,Santiago Xanica,10.89,10.89,498.29,498.29
2024,riego,Valles Centrales,Valles Centrales,Santo Domingo Albarradas,6.5,6.5,80.8,80.8
2024,riego,Valles Centrales,Valles Centrales,Santo Domingo Ozolotepec,0.2,0.2,276.17,276.17
2024,riego,Valles Centrales,Valles Centrales,Santo Domingo Teojomulco,53.55,53.55,1467.26,1467.26
2024,riego,Valles Centrales,Valles Centrales,Santo Domingo Tomaltepec,76.95,76.95,2015.57,2015.57
2024,riego,Valles Centrales,Valles Centrales,Santo Tomás Jalieza,11.05,11.05,1931.06,1931.06
2024,riego,Valles Centrales,Valles Centrales,Santo Tomás Mazaltepec,52.2,52.2,767.5,767.5
2024,riego,Valles Centrales,Valles Centrales,Santo Tomás Tamazulapan,55.3,55.3,1358.47,1358.47
2024,riego,Valles Centrales,Valles Centrales,Sitio de Xitlapehua,0.2,0.2,275.49,275.49
2024,riego,Valles Centrales,Valles Centrales,Soledad Etla,33.85,33.85,2450.11,2450.11
2024,riego,Valles Centrales,Valles Centrales,Taniche,137.75,137.75,2716.25,2716.25
2024,riego,Valles Centrales,Valles Centrales,Teotitlán del Valle,34.2,34.2,2895.93,2895.93
2024,riego,Valles Centrales,Valles Centrales,Tlacolula de Matamoros,402.3,402.3,27765.94,27765.94
2024,riego,Valles Centrales,Valles Centrales,Tlalixtac de Cabrera,95.85,95.85,2712.93,2712.93
2024,riego,Valles Centrales,Valles Centrales,Trinidad Zaachila,156.75,156.75,13278.44,13278.44
2024,riego,Valles Centrales,Valles Centrales,Villa Díaz Ordaz,15.25,15.25,4090.54,4090.54
2024,riego,Valles Centrales,Valles Centrales,Villa Sola de Vega,528.1,528.1,29088.84,29088.84
2024,riego,Valles Centrales,Valles Centrales,Villa de Etla,80.4,80.4,9500.97,9500.97
2024,riego,Valles Centrales,Valles Centrales,Villa de Zaachila,238.95,238.95,17303.77,17303.77
2024,riego,Valles Centrales,Valles Centrales,Yaxe,119.2,119.2,7782.11,7782.11
2024,riego,Valles Centrales,Valles Centrales,Yogana,55,55,4709.81,4709.81
2024,riego,Valles Centrales,Valles Centrales,Zimatlán de Álvarez,507.6,507.6,52252.91,52252.91
2024,riego,Valles Centrales,Valles Centrales,Ánimas Trujano,11.6,11.6,1695.07,1695.07
2024,temporal,Cañada,Cañada,Chiquihuitlán de Benito Juárez,227.3,227.3,1548.85,1548.85
2024,temporal,Cañada,Cañada,Concepción Pápalo,1118.8,1118.8,7701.67,7701.67
2024,temporal,Cañada,Cañada,Cuyamecalco Villa de Zaragoza,207.3,207.3,1386.39,1386.39
2024,temporal,Cañada,Cañada,Eloxochitlán de Flores Magón,426.2,426.2,2774,2774
2024,temporal,Cañada,Cañada,Huautepec,867.2,867.2,5691.02,5691.02
2024,temporal,Cañada,Cañada,Huautla de Jiménez,1811,1811,12202.86,12202.86
2024,temporal,Cañada,Cañada,Mazatlán Villa de Flores,1870.25,1870.25,12454.5,12454.5
2024,temporal,Cañada,Cañada,San Andrés Teotilálpam,1409.5,1409.5,10020.06,10020.06
2024,temporal,Cañada,Cañada,San Bartolomé Ayautla,852.8,852.8,5901.97,5901.97
2024,temporal,Cañada,Cañada,San Francisco Chapulapa,595.8,595.8,4198.07,4198.07
2024,temporal,Cañada,Cañada,San Francisco Huehuetlán,440.5,440.5,2830.24,2830.24
2024,temporal,Cañada,Cañada,San Jerónimo Tecóatl,234.6,234.6,1603.71,1603.71
2024,temporal,Cañada,Cañada,San José Tenango,2214,2214,15534.74,15534.74
2024,temporal,Cañada,Cañada,San Juan Bautista Cuicatlán,896,896,6111.41,6111.41
2024,temporal,Cañada,Cañada,San Juan Bautista Tlacoatzintepec,859.5,859.5,5831.88,5831.88
2024,temporal,Cañada,Cañada,San Juan Coatzóspam,404.2,404.2,2914.88,2914.88
2024,temporal,Cañada,Cañada,San Juan Tepeuxila,625.1,625.1,5790.45,5790.45
2024,temporal,Cañada,Cañada,San Juan de Los Cués,242.4,242.4,1529.03,1529.03
2024,temporal,Cañada,Cañada,San Lorenzo Cuaunecuiltitla,120.6,120.6,794.39,794.39
2024,temporal,Cañada,Cañada,San Lucas Zoquiápam,700.55,700.55,4761.49,4761.49
2024,temporal,Cañada,Cañada,San Martín Toxpalan,357.6,357.6,2173.56,2173.56
2024,temporal,Cañada,Cañada,San Mateo Yoloxochitlán,48.25,48.25,327.2,327.2
2024,temporal,Cañada,Cañada,San Miguel Santa Flor,194.8,194.8,1396.39,1396.39
2024,temporal,Cañada,Cañada,San Pedro Jaltepetongo,200.55,200.55,1420.39,1420.39
2024,temporal,Cañada,Cañada,San Pedro Jocotipac,265.95,265.95,1340.25,1340.25
2024,temporal,Cañada,Cañada,San Pedro Ocopetatillo,251.25,251.25,1743.38,1743.38
2024,temporal,Cañada,Cañada,San Pedro Sochiápam,1578.1,1578.1,11678.74,11678.74
2024,temporal,Cañada,Cañada,San Pedro Teutila,799.65,799.65,5874.92,5874.92
2024,temporal,Cañada,Cañada,Santa Ana Ateixtlahuaca,118.7,118.7,967.45,967.45
2024,temporal,Cañada,Cañada,Santa Ana Cuauhtémoc,116.5,116.5,794.78,794.78
2024,temporal,Cañada,Cañada,Santa Cruz Acatepec,114.4,114.4,768.32,768.32
2024,temporal,Cañada,Cañada,Santa María Chilchotla,4699.8,4699.8,30147.99,30147.99
2024,temporal,Cañada,Cañada,Santa María Ixcatlán,121.25,121.25,677.81,677.81
2024,temporal,Cañada,Cañada,Santa María La Asunción,103.5,103.5,697.49,697.49
2024,temporal,Cañada,Cañada,Santa María Pápalo,710.7,710.7,4721.37,4721.37
2024,temporal,Cañada,Cañada,Santa María Tecomavaca,52,52,278.33,278.33
2024,temporal,Cañada,Cañada,Santa María Teopoxco,794.75,794.75,5333.43,5333.43
2024,temporal,Cañada,Cañada,Santa María Texcatitlán,119.1,119.1,952.34,952.34
2024,temporal,Cañada,Cañada,Santa María Tlalixtac,196.55,196.55,1290.28,1290.28
2024,temporal,Cañada,Cañada,Santiago Nacaltepec,999.15,999.15,6518.05,6518.05
2024,temporal,Cañada,Cañada,Santiago Texcalcingo,623.5,623.5,4548.07,4548.07
2024,temporal,Cañada,Cañada,Santos Reyes Pápalo,250.75,250.75,1626.05,1626.05
2024,temporal,Cañada,Cañada,Teotitlán de Flores Magón,94.25,94.25,563.73,563.73
2024,temporal,Costa,Costa,Candelaria Loxicha,378,378,4691.65,4691.65
2024,temporal,Costa,Costa,Mártires de Tacubaya,654.07,654.07,5734.69,5734.69
2024,temporal,Costa,Costa,Pinotepa de Don Luis,1039,1039,7025.29,7025.29
2024,temporal,Costa,Costa,Pluma Hidalgo,193.5,193.5,1432.24,1432.24
2024,temporal,Costa,Costa,San Agustín Chayuco,1373,1373,8668.52,8668.52
2024,temporal,Costa,Costa,San Agustín Loxicha,1211.5,1211.5,8252.35,8252.35
2024,temporal,Costa,Costa,San Andrés Huaxpaltepec,1066.25,991.25,11149.87,11149.87
2024,temporal,Costa,Costa,San Antonio Tepetlapa,870.45,870.45,6100.93,6100.93
2024,temporal,Costa,Costa,San Baltazar Loxicha,410.25,410.25,3194.73,3194.73
2024,temporal,Costa,Costa,San Bartolomé Loxicha,303.25,303.25,2382.32,2382.32
2024,temporal,Costa,Costa,San Gabriel Mixtepec,993,993,7269.74,7269.74
2024,temporal,Costa,Costa,San José Estancia Grande,269,269,1519.33,1519.33
2024,temporal,Costa,Costa,San Juan Bautista Lo de Soto,375.5,375.5,5432,5432
2024,temporal,Costa,Costa,San Juan Cacahuatepec,1313.75,1313.75,8993.47,8993.47
2024,temporal,Costa,Costa,San Juan Colorado,1361.5,1361.5,8973.04,8973.04
2024,temporal,Costa,Costa,San Juan Lachao,720.5,720.5,4512.97,4512.97
2024,temporal,Costa,Costa,San Juan Quiahije,577,577,3331.47,3331.47
2024,temporal,Costa,Costa,San Lorenzo,1510.25,1510.25,11812.24,11812.24
2024,temporal,Costa,Costa,San Mateo Piñas,267.5,267.5,2083.72,2083.72
2024,temporal,Costa,Costa,San Miguel Panixtlahuaca,685,685,4038.67,4038.67
2024,temporal,Costa,Costa,San Miguel Tlacamama,550.5,550.5,3746.23,3746.23
2024,temporal,Costa,Costa,San Miguel del Puerto,538,538,3331.54,3331.54
2024,temporal,Costa,Costa,San Pedro Atoyac,913.5,913.5,5716.13,5716.13
2024,temporal,Costa,Costa,San Pedro El Alto,381,381,2025.71,2025.71
2024,temporal,Costa,Costa,San Pedro Jicayán,1296.25,1296.25,8235.73,8235.73
2024,temporal,Costa,Costa,San Pedro Juchatengo,331.5,331.5,1883.33,1883.33
2024,temporal,Costa,Costa,San Pedro Mixtepec,1698,1698,21120.36,21120.36
2024,temporal,Costa,Costa,San Pedro Pochutla,832.75,832.75,7642.53,7642.53
2024,temporal,Costa,Costa,San Sebastián Ixcapa,617,617,4771.79,4771.79
2024,temporal,Costa,Costa,Santa Catarina Juquila,2169.5,2169.5,13484.59,13484.59
2024,temporal,Costa,Costa,Santa Catarina Loxicha,207.5,207.5,1124.24,1124.24
2024,temporal,Costa,Costa,Santa Catarina Mechoacán,960.4,960.4,7110.73,7110.73
2024,temporal,Costa,Costa,Santa María Colotepec,2540.5,2540.5,45936.52,45936.52
2024,temporal,Costa,Costa,Santa María Cortijo,379,379,6255.81,6255.81
2024,temporal,Costa,Costa,Santa María Huatulco,1439.75,1439.75,12814.3,12814.3
2024,temporal,Costa,Costa,Santa María Huazolotitlán,2454.75,2402.75,19910.83,19910.83
2024,temporal,Costa,Costa,Santa María Temaxcaltepec,516.5,516.5,3114.98,3114.98
2024,temporal,Costa,Costa,Santa María Tonameca,3354.75,3354.75,41898.58,41898.58
2024,temporal,Costa,Costa,Santiago Ixtayutla,3029.5,3029.5,20084.55,20084.55
2024,temporal,Costa,Costa,Santiago Jamiltepec,5142.5,5087.5,45550.87,45550.87
2024,temporal,Costa,Costa,Santiago Llano Grande,822.5,822.5,8145.03,8145.03
2024,temporal,Costa,Costa,Santiago Pinotepa Nacional,5490.75,5410.75,43734.23,43734.23
2024,temporal,Costa,Costa,Santiago Tapextla,879,879,7555.39,7555.39
2024,temporal,Costa,Costa,Santiago Tetepec,1267.25,1267.25,9020.09,9020.09
2024,temporal,Costa,Costa,Santiago Yaitepec,365,365,2197.68,2197.68
2024,temporal,Costa,Costa,Santo Domingo Armenta,963,963,10198.19,10198.19
2024,temporal,Costa,Costa,Santo Domingo de Morelos,2896,2896,40659.58,40659.58
2024,temporal,Costa,Costa,Santos Reyes Nopala,2334,2334,14989.11,14989.11
2024,temporal,Costa,Costa,Tataltepec de Valdés,1859.75,1859.75,20083.3,20083.3
2024,temporal,Costa,Costa,Villa de Tututepec,3147.75,3067.75,41544.27,41544.27
2024,temporal,Istmo,Istmo,Asunción Ixtaltepec,2081.95,1975.7,21429.41,21429.41
2024,temporal,Istmo,Istmo,Asunción Tlacolulita,536.25,536.25,4969.65,4969.65
2024,temporal,Istmo,Istmo,Chahuites,986.75,900.75,19016.45,19016.45
2024,temporal,Istmo,Istmo,Ciudad Ixtepec,1070.5,1070.5,13246.5,13246.5
2024,temporal,Istmo,Istmo,El Barrio de la Soledad,1013.75,919.25,6971.78,6971.78
2024,temporal,Istmo,Istmo,El Espinal,513.5,513.5,8118.89,8118.89
2024,temporal,Istmo,Istmo,Guevea de Humboldt,1297.75,1047.5,11443.52,11443.52
2024,temporal,Istmo,Istmo,Heroica Ciudad de Juchitán de Zaragoza,5076.25,5047.5,54293.2,54293.2
2024,temporal,Istmo,Istmo,Heroica Villa de San Blas Atempa,2259,2259,28235.62,28235.62
2024,temporal,Istmo,Istmo,Magdalena Tequisistlán,1377,1377,10501.26,10501.26
2024,temporal,Istmo,Istmo,Magdalena Tlacotepec,170.5,170.5,3502.34,3502.34
2024,temporal,Istmo,Istmo,Matías Romero Avendaño,1950.5,1431,17876.02,17876.02
2024,temporal,Istmo,Istmo,Nejapa de Madero,2361.5,2361.5,19868.62,19868.62
2024,temporal,Istmo,Istmo,Reforma de Pineda,2266.25,1875,53812.63,53812.63
2024,temporal,Istmo,Istmo,Salina Cruz,523.75,515,6629.1,6629.1
2024,temporal,Istmo,Istmo,San Bartolo Yautepec,277,277,1661.5,1661.5
2024,temporal,Istmo,Istmo,San Carlos Yautepec,4130.5,4130.5,30983.74,30983.74
2024,temporal,Istmo,Istmo,San Dionisio del Mar,932.5,932.5,9985.97,9985.97
2024,temporal,Istmo,Istmo,San Francisco Ixhuatán,3074.5,2674.5,54679.92,54679.92
2024,temporal,Istmo,Istmo,San Francisco del Mar,2842.75,2251.25,40531.94,40531.94
2024,temporal,Istmo,Istmo,San Juan Guichicovi,6608.25,5457.75,70295.54,70295.54
2024,temporal,Istmo,Istmo,San Juan Lajarcia,385,385,2105.38,2105.38
2024,temporal,Istmo,Istmo,San Juan Mazatlán,2743.75,2374.5,33826.58,33826.58
2024,temporal,Istmo,Istmo,San Mateo del Mar,689.75,677.5,8722.39,8722.39
2024,temporal,Istmo,Istmo,San Miguel Chimalapa,2414,1886.5,16797.28,16797.28
2024,temporal,Istmo,Istmo,San Miguel Tenango,375.25,375.25,2761.7,2761.7
2024,temporal,Istmo,Istmo,San Pedro Comitancillo,975.25,964.5,17064.1,17064.1
2024,temporal,Istmo,Istmo,San Pedro Huamelula,1931,1919.5,21173.39,21173.39
2024,temporal,Istmo,Istmo,San Pedro Huilotepec,362.25,362.25,5628.85,5628.85
2024,temporal,Istmo,Istmo,San Pedro Mártir Quiechapa,390,390,2197.91,2197.91
2024,temporal,Istmo,Istmo,San Pedro Tapanatepec,4382.5,4078.5,63383.25,63383.25
2024,temporal,Istmo,Istmo,Santa Ana Tavela,344,344,1817.46,1817.46
2024,temporal,Istmo,Istmo,Santa Catalina Quierí,300,300,1624.38,1624.38
2024,temporal,Istmo,Istmo,Santa Catarina Quioquitani,286,286,1554.23,1554.23
2024,temporal,Istmo,Istmo,Santa María Chimalapa,1003.5,712.5,7256.01,7256.01
2024,temporal,Istmo,Istmo,Santa María Ecatepec,1256.5,1256.5,9198.68,9198.68
2024,temporal,Istmo,Istmo,Santa María Guienagati,1083,987.5,7915.91,7915.91
2024,temporal,Istmo,Istmo,Santa María Jalapa del Marqués,1317.25,1317.25,22814.16,22814.16
2024,temporal,Istmo,Istmo,Santa María Mixtequilla,302,302,5338.32,5338.32
2024,temporal,Istmo,Istmo,Santa María Petapa,1321.5,1094.5,9805.98,9805.98
2024,temporal,Istmo,Istmo,Santa María Quiegolani,738,738,4103.92,4103.92
2024,temporal,Istmo,Istmo,Santa María Totolapilla,220,220,2778.68,2778.68
2024,temporal,Istmo,Istmo,Santa María Xadani,1353.25,1219.25,13054.57,13054.57
2024,temporal,Istmo,Istmo,Santiago Astata,246,246,4020.65,4020.65
2024,temporal,Istmo,Istmo,Santiago Ixcuintepec,417.5,341,2637.44,2637.44
2024,temporal,Istmo,Istmo,Santiago Lachiguiri,1569.25,1162.75,11539.15,11539.15
2024,temporal,Istmo,Istmo,Santiago Laollaga,582,582,7786.93,7786.93
2024,temporal,Istmo,Istmo,Santiago Niltepec,5669.5,5530.5,92333.54,92333.54
2024,temporal,Istmo,Istmo,Santo Domingo Chihuitán,564.25,564.25,7670.96,7670.96
2024,temporal,Istmo,Istmo,Santo Domingo Ingenio,4549.5,4357.75,78953.25,78953.25
2024,temporal,Istmo,Istmo,Santo Domingo Petapa,1096.7,957.7,8239.19,8239.19
2024,temporal,Istmo,Istmo,Santo Domingo Tehuantepec,4536.75,4427.75,51305.45,51305.45
2024,temporal,Istmo,Istmo,Santo Domingo Zanatepec,5495.75,5162.75,84198.09,84198.09
2024,temporal,Istmo,Istmo,Unión Hidalgo,1566,1566,24121.03,24121.03
2024,temporal,Mixteca,Huajuapan de León,Asunción Cuyotepeji,74.65,74.65,355.69,355.69
2024,temporal,Mixteca,Huajuapan de León,Asunción Nochixtlán,3164.8,3164.8,26883.11,26883.11
2024,temporal,Mixteca,Huajuapan de León,Calihualá,212.5,212.5,1183.24,1183.24
2024,temporal,Mixteca,Huajuapan de León,Chalcatongo de Hidalgo,2920.5,2920.5,17000.9,17000.9
2024,temporal,Mixteca,Huajuapan de León,Coicoyán de Las Flores,2236.75,2236.75,13569.73,13569.73
2024,temporal,Mixteca,Huajuapan de León,Concepción Buenavista,440.2,440.2,2708.46,2708.46
2024,temporal,Mixteca,Huajuapan de León,Constancia del Rosario,705.8,705.8,3262.11,3262.11
2024,temporal,Mixteca,Huajuapan de León,Cosoltepec,202.75,202.75,763.72,763.72
2024,temporal,Mixteca,Huajuapan de León,Fresnillo de Trujano,181.15,181.15,797.36,797.36
2024,temporal,Mixteca,Huajuapan de León,Guadalupe de Ramírez,167.7,167.7,726.08,726.08
2024,temporal,Mixteca,Huajuapan de León,"H. V. Tezoatlán de Segura y Luna, C. de la I.de O.",4079.5,4079.5,17412.45,17412.45
2024,temporal,Mixteca,Huajuapan de León,Heroica Ciudad de Huajuapan de León,1773.2,1773.2,10350.59,10350.59
2024,temporal,Mixteca,Huajuapan de León,Heroica Ciudad de Tlaxiaco,2413.3,2413.3,10220.17,10220.17
2024,temporal,Mixteca,Huajuapan de León,Ixpantepec Nieves,349.05,349.05,2193.06,2193.06
2024,temporal,Mixteca,Huajuapan de León,La Reforma,366.4,366.4,1785.93,1785.93
2024,temporal,Mixteca,Huajuapan de León,La Trinidad Vista Hermosa,163.8,163.8,611.92,611.92
2024,temporal,Mixteca,Huajuapan de León,Magdalena Jaltepec,2631,2631,27899.64,27899.64
2024,temporal,Mixteca,Huajuapan de León,Magdalena Peñasco,590.55,590.55,2481.15,2481.15
2024,temporal,Mixteca,Huajuapan de León,Magdalena Yodocono de Porfirio Díaz,283.05,283.05,2618.93,2618.93
2024,temporal,Mixteca,Huajuapan de León,Magdalena Zahuatlán,445.5,445.5,3964.21,3964.21
2024,temporal,Mixteca,Huajuapan de León,Mariscala de Juárez,532.75,532.75,3479.44,3479.44
2024,temporal,Mixteca,Huajuapan de León,Mesones Hidalgo,1185.8,1185.8,6834.71,6834.71
2024,temporal,Mixteca,Huajuapan de León,Putla Villa de Guerrero,5043.2,5043.2,30616.69,30616.69
2024,temporal,Mixteca,Huajuapan de León,San Agustín Atenango,186.5,186.5,1167.5,1167.5
2024,temporal,Mixteca,Huajuapan de León,San Agustín Tlacotepec,301.45,301.45,1300.88,1300.88
2024,temporal,Mixteca,Huajuapan de León,San Andrés Cabecera Nueva,572.7,572.7,2355.21,2355.21
2024,temporal,Mixteca,Huajuapan de León,San Andrés Dinicuiti,298.85,298.85,1528.1,1528.1
2024,temporal,Mixteca,Huajuapan de León,San Andrés Lagunas,530.1,530.1,2367.08,2367.08
2024,temporal,Mixteca,Huajuapan de León,San Andrés Nuxiño,589.75,589.75,5297.8,5297.8
2024,temporal,Mixteca,Huajuapan de León,San Andrés Sinaxtla,880.8,880.8,8010.99,8010.99
2024,temporal,Mixteca,Huajuapan de León,San Andrés Tepetlapa,56,56,241.17,241.17
2024,temporal,Mixteca,Huajuapan de León,San Antonino Monte Verde,1498.7,1498.7,8672.38,8672.38
2024,temporal,Mixteca,Huajuapan de León,San Antonio Acutla,161.1,161.1,1232.19,1232.19
2024,temporal,Mixteca,Huajuapan de León,San Antonio Sinicahua,336.9,336.9,1545.75,1545.75
2024,temporal,Mixteca,Huajuapan de León,San Bartolo Soyaltepec,541.9,541.9,1785.82,1785.82
2024,temporal,Mixteca,Huajuapan de León,San Bartolomé Yucuañe,287,287,1125.42,1125.42
2024,temporal,Mixteca,Huajuapan de León,San Cristóbal Amoltepec,319.45,319.45,1355.75,1355.75
2024,temporal,Mixteca,Huajuapan de León,San Cristóbal Suchixtlahuaca,460.9,460.9,1378.3,1378.3
2024,temporal,Mixteca,Huajuapan de León,San Esteban Atatlahuca,1022,1022,4817.79,4817.79
2024,temporal,Mixteca,Huajuapan de León,San Francisco Chindúa,444.1,444.1,4684.68,4684.68
2024,temporal,Mixteca,Huajuapan de León,San Francisco Jaltepetongo,367.85,367.85,3521.68,3521.68
2024,temporal,Mixteca,Huajuapan de León,San Francisco Nuxaño,263.75,263.75,2074.13,2074.13
2024,temporal,Mixteca,Huajuapan de León,San Francisco Teopan,303.2,303.2,1805.68,1805.68
2024,temporal,Mixteca,Huajuapan de León,San Francisco Tlapancingo,155,155,633,633
2024,temporal,Mixteca,Huajuapan de León,San Jerónimo Silacayoapilla,121.25,121.25,560.09,560.09
2024,temporal,Mixteca,Huajuapan de León,San Jorge Nuchita,265.6,265.6,1295.1,1295.1
2024,temporal,Mixteca,Huajuapan de León,San José Ayuquila,358.05,358.05,1538.15,1538.15
2024,temporal,Mixteca,Huajuapan de León,San Juan Achiutla,228.7,228.7,1198.25,1198.25
2024,temporal,Mixteca,Huajuapan de León,San Juan Bautista Coixtlahuaca,1345.3,1345.3,8311.08,8311.08
2024,temporal,Mixteca,Huajuapan de León,San Juan Bautista Suchitepec,62.75,62.75,207.41,207.41
2024,temporal,Mixteca,Huajuapan de León,San Juan Bautista Tlachichilco,233,233,936.59,936.59
2024,temporal,Mixteca,Huajuapan de León,San Juan Cieneguilla,208.6,208.6,890.01,890.01
2024,temporal,Mixteca,Huajuapan de León,San Juan Diuxi,251.65,251.65,2309.03,2309.03
2024,temporal,Mixteca,Huajuapan de León,San Juan Ihualtepec,137.8,137.8,647.63,647.63
2024,temporal,Mixteca,Huajuapan de León,San Juan Mixtepec,4940.2,4940.2,21636.12,21636.12
2024,temporal,Mixteca,Huajuapan de León,San Juan Sayultepec,812,812,8584.42,8584.42
2024,temporal,Mixteca,Huajuapan de León,San Juan Tamazola,2065.6,2065.6,19429.09,19429.09
2024,temporal,Mixteca,Huajuapan de León,San Juan Teita,241.05,241.05,933.53,933.53
2024,temporal,Mixteca,Huajuapan de León,San Juan Teposcolula,613.87,613.87,4397.06,4397.06
2024,temporal,Mixteca,Huajuapan de León,San Juan Yucuita,766.1,766.1,8478.82,8478.82
2024,temporal,Mixteca,Huajuapan de León,San Juan Ñumí,2649.75,2649.75,11657.75,11657.75
2024,temporal,Mixteca,Huajuapan de León,San Lorenzo Victoria,184.15,184.15,737.16,737.16
2024,temporal,Mixteca,Huajuapan de León,San Marcos Arteaga,227.5,227.5,986.28,986.28
2024,temporal,Mixteca,Huajuapan de León,San Martín Huamelúlpam,547.55,547.55,2492.92,2492.92
2024,temporal,Mixteca,Huajuapan de León,San Martín Itunyoso,663.1,663.1,2438.69,2438.69
2024,temporal,Mixteca,Huajuapan de León,San Martín Peras,1494.1,1494.1,8800.24,8800.24
2024,temporal,Mixteca,Huajuapan de León,San Martín Zacatepec,219.75,219.75,750.99,750.99
2024,temporal,Mixteca,Huajuapan de León,San Mateo Etlatongo,293.5,293.5,3854.52,3854.52
2024,temporal,Mixteca,Huajuapan de León,San Mateo Nejápam,196.9,196.9,774.46,774.46
2024,temporal,Mixteca,Huajuapan de León,San Mateo Peñasco,551,551,2288.08,2288.08
2024,temporal,Mixteca,Huajuapan de León,San Mateo Sindihui,803.5,803.5,6722.97,6722.97
2024,temporal,Mixteca,Huajuapan de León,San Mateo Tlapiltepec,160.4,160.4,1081.64,1081.64
2024,temporal,Mixteca,Huajuapan de León,San Miguel Achiutla,496.6,496.6,2236.53,2236.53
2024,temporal,Mixteca,Huajuapan de León,San Miguel Ahuehuetitlán,415.7,415.7,1714.74,1714.74
2024,temporal,Mixteca,Huajuapan de León,San Miguel Amatitlán,1005.85,1005.85,5076.83,5076.83
2024,temporal,Mixteca,Huajuapan de León,San Miguel Chicahua,540,540,3365.33,3365.33
2024,temporal,Mixteca,Huajuapan de León,San Miguel El Grande,1488.85,1488.85,9977.84,9977.84
2024,temporal,Mixteca,Huajuapan de León,San Miguel Huautla,503,503,4168.93,4168.93
2024,temporal,Mixteca,Huajuapan de León,San Miguel Piedras,706.65,706.65,5785.35,5785.35
2024,temporal,Mixteca,Huajuapan de León,San Miguel Tecomatlán,152.55,152.55,1365.66,1365.66
2024,temporal,Mixteca,Huajuapan de León,San Miguel Tequixtepec,727.2,727.2,5059.67,5059.67
2024,temporal,Mixteca,Huajuapan de León,San Miguel Tlacotepec,455.25,455.25,2135.84,2135.84
2024,temporal,Mixteca,Huajuapan de León,San Miguel Tulancingo,157.59,157.59,646.42,646.42
2024,temporal,Mixteca,Huajuapan de León,San Nicolás Hidalgo,153.15,153.15,716.86,716.86
2024,temporal,Mixteca,Huajuapan de León,San Pablo Tijaltepec,1106.55,1106.55,6005.47,6005.47
2024,temporal,Mixteca,Huajuapan de León,San Pedro Amuzgos,847.4,847.4,12234.66,12234.66
2024,temporal,Mixteca,Huajuapan de León,San Pedro Coxcaltepec Cántaros,432.25,432.25,3821.67,3821.67
2024,temporal,Mixteca,Huajuapan de León,San Pedro Molinos,340.3,340.3,1319.08,1319.08
2024,temporal,Mixteca,Huajuapan de León,San Pedro Mártir Yucuxaco,511.25,511.25,2455.03,2455.03
2024,temporal,Mixteca,Huajuapan de León,San Pedro Nopala,225.9,225.9,1170.34,1170.34
2024,temporal,Mixteca,Huajuapan de León,San Pedro Teozacoalco,836.85,836.85,6662.44,6662.44
2024,temporal,Mixteca,Huajuapan de León,San Pedro Tidaá,181.5,181.5,1512.43,1512.43
2024,temporal,Mixteca,Huajuapan de León,San Pedro Topiltepec,309.36,309.36,2172.66,2172.66
2024,temporal,Mixteca,Huajuapan de León,San Pedro Y San Pablo Teposcolula,996,996,4810.87,4810.87
2024,temporal,Mixteca,Huajuapan de León,San Pedro Y San Pablo Tequixtepec,387.7,387.7,1676.95,1676.95
2024,temporal,Mixteca,Huajuapan de León,San Pedro Yucunama,98.5,98.5,688.88,688.88
2024,temporal,Mixteca,Huajuapan de León,San Sebastián Nicananduta,396.5,396.5,2048.87,2048.87
2024,temporal,Mixteca,Huajuapan de León,San Sebastián Tecomaxtlahuaca,2359.4,2359.4,12776.83,12776.83
2024,temporal,Mixteca,Huajuapan de León,San Simón Zahuatlán,138.65,138.65,542.07,542.07
2024,temporal,Mixteca,Huajuapan de León,San Vicente Nuñú,181.08,181.08,807.37,807.37
2024,temporal,Mixteca,Huajuapan de León,Santa Catarina Tayata,354,354,2264.88,2264.88
2024,temporal,Mixteca,Huajuapan de León,Santa Catarina Ticuá,292.5,292.5,1769.11,1769.11
2024,temporal,Mixteca,Huajuapan de León,Santa Catarina Yosonotú,941,941,3486.8,3486.8
2024,temporal,Mixteca,Huajuapan de León,Santa Catarina Zapoquila,116.6,116.6,343.01,343.01
2024,temporal,Mixteca,Huajuapan de León,Santa Cruz Itundujia,968,968,3484.14,3484.14
2024,temporal,Mixteca,Huajuapan de León,Santa Cruz Nundaco,655.4,655.4,3016.2,3016.2
2024,temporal,Mixteca,Huajuapan de León,Santa Cruz Tacache de Mina,345,345,1454.58,1454.58
2024,temporal,Mixteca,Huajuapan de León,Santa Cruz Tacahua,709,709,4052.9,4052.9
2024,temporal,Mixteca,Huajuapan de León,Santa Cruz Tayata,511.4,511.4,3537.01,3537.01
2024,temporal,Mixteca,Huajuapan de León,Santa Cruz de Bravo,38,38,218.29,218.29
2024,temporal,Mixteca,Huajuapan de León,Santa Inés de Zaragoza,899.9,899.9,3007.59,3007.59
2024,temporal,Mixteca,Huajuapan de León,Santa Lucía Monteverde,3330,3330,15821.19,15821.19
2024,temporal,Mixteca,Huajuapan de León,Santa Magdalena Jicotlán,132.45,132.45,1069.41,1069.41
2024,temporal,Mixteca,Huajuapan de León,Santa María Apazco,582.5,582.5,4648.93,4648.93
2024,temporal,Mixteca,Huajuapan de León,Santa María Camotlán,143.7,143.7,630.01,630.01
2024,temporal,Mixteca,Huajuapan de León,Santa María Chachoápam,931.4,931.4,10960.51,10960.51
2024,temporal,Mixteca,Huajuapan de León,Santa María Ipalapa,1931.05,1931.05,26708.87,26708.87
2024,temporal,Mixteca,Huajuapan de León,Santa María Nativitas,342.8,342.8,2342.74,2342.74
2024,temporal,Mixteca,Huajuapan de León,Santa María Nduayaco,317.7,317.7,1858.44,1858.44
2024,temporal,Mixteca,Huajuapan de León,Santa María Tataltepec,229,229,846.52,846.52
2024,temporal,Mixteca,Huajuapan de León,Santa María Yolotepec,203.3,203.3,1114.47,1114.47
2024,temporal,Mixteca,Huajuapan de León,Santa María Yosoyúa,810.25,810.25,2973.71,2973.71
2024,temporal,Mixteca,Huajuapan de León,Santa María Yucuhiti,955.3,955.3,4460.19,4460.19
2024,temporal,Mixteca,Huajuapan de León,Santa María Zacatepec,3123.1,3123.1,54493.66,54493.66
2024,temporal,Mixteca,Huajuapan de León,Santa María del Rosario,195.8,195.8,1227.4,1227.4
2024,temporal,Mixteca,Huajuapan de León,Santiago Apoala,505.7,505.7,4353.96,4353.96
2024,temporal,Mixteca,Huajuapan de León,Santiago Ayuquililla,341.9,341.9,1531.34,1531.34
2024,temporal,Mixteca,Huajuapan de León,Santiago Cacaloxtepec,132.5,132.5,548.02,548.02
2024,temporal,Mixteca,Huajuapan de León,Santiago Huajolotitlán,401.3,401.3,2466.69,2466.69
2024,temporal,Mixteca,Huajuapan de León,Santiago Huauclilla,553.5,553.5,4213.36,4213.36
2024,temporal,Mixteca,Huajuapan de León,Santiago Ihuitlán Plumas,449.56,449.56,3238.93,3238.93
2024,temporal,Mixteca,Huajuapan de León,Santiago Juxtlahuaca,2752,2752,15921.72,15921.72
2024,temporal,Mixteca,Huajuapan de León,Santiago Miltepec,41.3,41.3,200.16,200.16
2024,temporal,Mixteca,Huajuapan de León,Santiago Nejapilla,93.7,93.7,634.55,634.55
2024,temporal,Mixteca,Huajuapan de León,Santiago Nundiche,771.3,771.3,2715.11,2715.11
2024,temporal,Mixteca,Huajuapan de León,Santiago Nuyoó,1081.6,1044.6,3438.6,3438.6
2024,temporal,Mixteca,Huajuapan de León,Santiago Tamazola,615.57,615.57,3114.07,3114.07
2024,temporal,Mixteca,Huajuapan de León,Santiago Tepetlapa,108.3,108.3,197.68,197.68
2024,temporal,Mixteca,Huajuapan de León,Santiago Tilantongo,1135.2,1135.2,11019.91,11019.91
2024,temporal,Mixteca,Huajuapan de León,Santiago Tillo,838.8,838.8,8805.57,8805.57
2024,temporal,Mixteca,Huajuapan de León,Santiago Yolomécatl,263.9,263.9,1119.63,1119.63
2024,temporal,Mixteca,Huajuapan de León,Santiago Yosondúa,2132.15,2132.15,10849.66,10849.66
2024,temporal,Mixteca,Huajuapan de León,Santiago Yucuyachi,138.5,138.5,534.86,534.86
2024,temporal,Mixteca,Huajuapan de León,Santiago del Río,242.5,242.5,1424.09,1424.09
2024,temporal,Mixteca,Huajuapan de León,Santo Domingo Ixcatlán,189,189,912.16,912.16
2024,temporal,Mixteca,Huajuapan de León,Santo Domingo Nuxaá,1388,1388,14129.33,14129.33
2024,temporal,Mixteca,Huajuapan de León,Santo Domingo Tlatayápam,69.15,69.15,275.3,275.3
2024,temporal,Mixteca,Huajuapan de León,Santo Domingo Tonaltepec,100.4,100.4,687.1,687.1
2024,temporal,Mixteca,Huajuapan de León,Santo Domingo Tonalá,877.4,877.4,7956.93,7956.93
2024,temporal,Mixteca,Huajuapan de León,Santo Domingo Yanhuitlán,1301.15,1301.15,13387.45,13387.45
2024,temporal,Mixteca,Huajuapan de León,Santo Domingo Yodohino,56.55,56.55,235.48,235.48
2024,temporal,Mixteca,Huajuapan de León,Santo Tomás Ocotepec,1356,1356,5369.02,5369.02
2024,temporal,Mixteca,Huajuapan de León,Santos Reyes Tepejillo,276.2,276.2,1294.34,1294.34
2024,temporal,Mixteca,Huajuapan de León,Santos Reyes Yucuná,85.65,85.65,429.44,429.44
2024,temporal,Mixteca,Huajuapan de León,Silacayoápam,1337.75,1337.75,8088.76,8088.76
2024,temporal,Mixteca,Huajuapan de León,Teotongo,511.6,511.6,2329.54,2329.54
2024,temporal,Mixteca,Huajuapan de León,Tepelmeme Villa de Morelos,1214.02,1214.02,9101.48,9101.48
2024,temporal,Mixteca,Huajuapan de León,Tlacotepec Plumas,422.35,422.35,2584.66,2584.66
2024,temporal,Mixteca,Huajuapan de León,Villa Tejúpam de La Unión,1426.7,1426.7,10039.89,10039.89
2024,temporal,Mixteca,Huajuapan de León,Villa de Chilapa de Díaz,191.07,191.07,1305.43,1305.43
2024,temporal,Mixteca,Huajuapan de León,Villa de Santiago Chazumba,784.2,784.2,4539.57,4539.57
2024,temporal,Mixteca,Huajuapan de León,Villa de Tamazulápam del Progreso,945.71,945.71,6862.73,6862.73
2024,temporal,Mixteca,Huajuapan de León,Yutanduchi de Guerrero,847.1,847.1,7570.93,7570.93
2024,temporal,Mixteca,Huajuapan de León,Zapotitlán Lagunas,1813.6,1813.6,12141.64,12141.64
2024,temporal,Mixteca,Huajuapan de León,Zapotitlán Palmas,425.15,425.15,2056.49,2056.49
2024,temporal,Papaloapan,Tuxtepec,Acatlán de Pérez Figueroa,1441,1441,11581.79,11581.79
2024,temporal,Papaloapan,Tuxtepec,Ayotzintepec,3182.31,3182.31,85297.21,85297.21
2024,temporal,Papaloapan,Tuxtepec,Cosolapa,756,756,4443.19,4443.19
2024,temporal,Papaloapan,Tuxtepec,Loma Bonita,1546.65,1546.65,33235.75,33235.75
2024,temporal,Papaloapan,Tuxtepec,San Felipe Jalapa de Díaz,5286.6,5286.6,39941.02,39941.02
2024,temporal,Papaloapan,Tuxtepec,San Felipe Usila,4915.8,4915.8,36573.75,36573.75
2024,temporal,Papaloapan,Tuxtepec,San José Chiltepec,1632.7,1632.7,25983.31,25983.31
2024,temporal,Papaloapan,Tuxtepec,San José Independencia,678.5,678.5,2698.31,2698.31
2024,temporal,Papaloapan,Tuxtepec,San Juan Bautista Tuxtepec,3810,3810,74508.43,74508.43
2024,temporal,Papaloapan,Tuxtepec,San Juan Bautista Valle Nacional,5997.5,5997.5,123473.74,123473.74
2024,temporal,Papaloapan,Tuxtepec,San Juan Comaltepec,1063,1063,12494.12,12494.12
2024,temporal,Papaloapan,Tuxtepec,San Juan Cotzocón,4172.4,4172.4,88500.09,88500.09
2024,temporal,Papaloapan,Tuxtepec,San Juan Lalana,4820.4,4820.4,82019.7,82019.7
2024,temporal,Papaloapan,Tuxtepec,San Juan Petlapa,1218.2,1218.2,15255.71,15255.71
2024,temporal,Papaloapan,Tuxtepec,San Lucas Ojitlán,6766.45,6766.45,52821.02,52821.02
2024,temporal,Papaloapan,Tuxtepec,San Miguel Soyaltepec,3459,3459,20208.46,20208.46
2024,temporal,Papaloapan,Tuxtepec,San Pedro Ixcatlán,1528.35,1528.35,10587.94,10587.94
2024,temporal,Papaloapan,Tuxtepec,Santa María Jacatepec,4546.8,4546.8,95153.76,95153.76
2024,temporal,Papaloapan,Tuxtepec,Santiago Choápam,1499,1499,15842.96,15842.96
2024,temporal,Papaloapan,Tuxtepec,Santiago Jocotepec,3592.75,3592.75,39939.07,39939.07
2024,temporal,Papaloapan,Tuxtepec,Santiago Yaveo,3224.9,3224.9,73703.99,73703.99
2024,temporal,Sierra Juárez,Sierra Juárez,Abejones,103.5,103.5,627.37,627.37
2024,temporal,Sierra Juárez,Sierra Juárez,Asunción Cacalotepec,667.8,667.8,3802.52,3802.52
2024,temporal,Sierra Juárez,Sierra Juárez,Capulálpam de Méndez,69.7,69.7,432.69,432.69
2024,temporal,Sierra Juárez,Sierra Juárez,Guelatao de Juárez,12.15,12.15,85.41,85.41
2024,temporal,Sierra Juárez,Sierra Juárez,Ixtlán de Juárez,1511.4,1511.4,9500.18,9500.18
2024,temporal,Sierra Juárez,Sierra Juárez,Mixistlán de La Reforma,610.65,610.65,3486.28,3486.28
2024,temporal,Sierra Juárez,Sierra Juárez,Natividad,4.5,4.5,30.64,30.64
2024,temporal,Sierra Juárez,Sierra Juárez,Nuevo Zoquiápam,186.75,186.75,1039.08,1039.08
2024,temporal,Sierra Juárez,Sierra Juárez,San Andrés Solaga,176.85,176.85,1245.94,1245.94
2024,temporal,Sierra Juárez,Sierra Juárez,San Andrés Yaá,122,122,784.96,784.96
2024,temporal,Sierra Juárez,Sierra Juárez,San Baltazar Yatzachi El Bajo,107.2,107.2,668.35,668.35
2024,temporal,Sierra Juárez,Sierra Juárez,San Bartolomé Zoogocho,20.2,20.2,119.26,119.26
2024,temporal,Sierra Juárez,Sierra Juárez,San Cristóbal Lachirioag,197.15,197.15,1238.42,1238.42
2024,temporal,Sierra Juárez,Sierra Juárez,San Francisco Cajonos,125.3,125.3,897.06,897.06
2024,temporal,Sierra Juárez,Sierra Juárez,San Ildefonso Villa Alta,984.2,984.2,5850.41,5850.41
2024,temporal,Sierra Juárez,Sierra Juárez,San Juan Atepec,108.9,108.9,635.65,635.65
2024,temporal,Sierra Juárez,Sierra Juárez,San Juan Chicomezúchil,107.7,107.7,627.48,627.48
2024,temporal,Sierra Juárez,Sierra Juárez,San Juan Evangelista Analco,67.95,67.95,410.48,410.48
2024,temporal,Sierra Juárez,Sierra Juárez,San Juan Juquila Mixes,898.2,898.2,5385.72,5385.72
2024,temporal,Sierra Juárez,Sierra Juárez,San Juan Juquila Vijanos,362.6,362.6,2262.22,2262.22
2024,temporal,Sierra Juárez,Sierra Juárez,San Juan Quiotepec,283.95,283.95,1636.63,1636.63
2024,temporal,Sierra Juárez,Sierra Juárez,San Juan Tabaá,142,142,1003.74,1003.74
2024,temporal,Sierra Juárez,Sierra Juárez,San Juan Yaeé,238.2,238.2,1369.66,1369.66
2024,temporal,Sierra Juárez,Sierra Juárez,San Juan Yatzona,233.35,233.35,1442.21,1442.21
2024,temporal,Sierra Juárez,Sierra Juárez,San Lucas Camotlán,296,296,1633.7,1633.7
2024,temporal,Sierra Juárez,Sierra Juárez,San Mateo Cajonos,130.1,130.1,850.76,850.76
2024,temporal,Sierra Juárez,Sierra Juárez,San Melchor Betaza,240.2,240.2,1712.69,1712.69
2024,temporal,Sierra Juárez,Sierra Juárez,San Miguel Aloápam,321,321,2039.21,2039.21
2024,temporal,Sierra Juárez,Sierra Juárez,San Miguel Amatlán,147.25,147.25,2049.86,2049.86
2024,temporal,Sierra Juárez,Sierra Juárez,San Miguel Quetzaltepec,1267.35,1267.35,7697.43,7697.43
2024,temporal,Sierra Juárez,Sierra Juárez,San Miguel Yotao,84.8,84.8,496.9,496.9
2024,temporal,Sierra Juárez,Sierra Juárez,San Miguel del Río,9.75,9.75,62.55,62.55
2024,temporal,Sierra Juárez,Sierra Juárez,San Pablo Macuiltianguis,125.65,125.65,769.89,769.89
2024,temporal,Sierra Juárez,Sierra Juárez,San Pablo Yaganiza,127,127,781.4,781.4
2024,temporal,Sierra Juárez,Sierra Juárez,San Pedro Cajonos,53.95,53.95,341.16,341.16
2024,temporal,Sierra Juárez,Sierra Juárez,San Pedro Ocotepec,610.8,610.8,3806.87,3806.87
2024,temporal,Sierra Juárez,Sierra Juárez,San Pedro Y San Pablo Ayutla,854.4,854.4,5212.89,5212.89
2024,temporal,Sierra Juárez,Sierra Juárez,San Pedro Yaneri,224.35,224.35,1411.17,1411.17
2024,temporal,Sierra Juárez,Sierra Juárez,San Pedro Yólox,235.3,235.3,1445.82,1445.82
2024,temporal,Sierra Juárez,Sierra Juárez,Santa Ana Yareni,68.65,68.65,450.85,450.85
2024,temporal,Sierra Juárez,Sierra Juárez,Santa Catarina Ixtepeji,347.25,347.25,2122.69,2122.69
2024,temporal,Sierra Juárez,Sierra Juárez,Santa Catarina Lachatao,377.15,377.15,2330.73,2330.73
2024,temporal,Sierra Juárez,Sierra Juárez,Santa María Alotepec,991.65,991.65,6633.29,6633.29
2024,temporal,Sierra Juárez,Sierra Juárez,Santa María Jaltianguis,76.55,76.55,459.52,459.52
2024,temporal,Sierra Juárez,Sierra Juárez,Santa María Temaxcalapa,248.95,248.95,1620.64,1620.64
2024,temporal,Sierra Juárez,Sierra Juárez,Santa María Tepantlali,427.25,427.25,2712.38,2712.38
2024,temporal,Sierra Juárez,Sierra Juárez,Santa María Tlahuitoltepec,1351.3,1351.3,8888.23,8888.23
2024,temporal,Sierra Juárez,Sierra Juárez,Santa María Yalina,34.4,34.4,241.85,241.85
2024,temporal,Sierra Juárez,Sierra Juárez,Santa María Yavesía,83.9,83.9,554.94,554.94
2024,temporal,Sierra Juárez,Sierra Juárez,Santiago Atitlán,721.1,721.1,4594.88,4594.88
2024,temporal,Sierra Juárez,Sierra Juárez,Santiago Camotlán,1407.7,1407.7,9146.5,9146.5
2024,temporal,Sierra Juárez,Sierra Juárez,Santiago Comaltepec,238.95,238.95,1472.02,1472.02
2024,temporal,Sierra Juárez,Sierra Juárez,Santiago Lalopa,79.8,79.8,469.9,469.9
2024,temporal,Sierra Juárez,Sierra Juárez,Santiago Laxopa,216.3,216.3,1315.84,1315.84
2024,temporal,Sierra Juárez,Sierra Juárez,Santiago Xiacuí,220.75,220.75,1302.43,1302.43
2024,temporal,Sierra Juárez,Sierra Juárez,Santiago Zacatepec,1019.25,1019.25,5860.86,5860.86
2024,temporal,Sierra Juárez,Sierra Juárez,Santiago Zoochila,61.7,61.7,426.39,426.39
2024,temporal,Sierra Juárez,Sierra Juárez,Santo Domingo Roayaga,212.5,212.5,1310.47,1310.47
2024,temporal,Sierra Juárez,Sierra Juárez,Santo Domingo Tepuxtepec,858.75,858.75,5578.47,5578.47
2024,temporal,Sierra Juárez,Sierra Juárez,Santo Domingo Xagacía,174.05,174.05,1137.55,1137.55
2024,temporal,Sierra Juárez,Sierra Juárez,Tamazulápam del Espíritu Santo,1246.2,1246.2,8303.15,8303.15
2024,temporal,Sierra Juárez,Sierra Juárez,Tanetze de Zaragoza,114.1,114.1,694.11,694.11
2024,temporal,Sierra Juárez,Sierra Juárez,Teococuilco de Marcos Pérez,180.95,180.95,1183.12,1183.12
2024,temporal,Sierra Juárez,Sierra Juárez,Totontepec Villa de Morelos,1376.75,1376.75,9130.14,9130.14
2024,temporal,Sierra Juárez,Sierra Juárez,Villa Hidalgo Yalálag,219.2,219.2,1476.99,1476.99
2024,temporal,Sierra Juárez,Sierra Juárez,Villa Talea de Castro,439,439,2653.69,2653.69
2024,temporal,Valles Centrales,Valles Centrales,Asunción Ocotlán,204.6,204.6,877.21,877.21
2024,temporal,Valles Centrales,Valles Centrales,Ayoquezco de Aldama,1562,1562,8838.51,8838.51
2024,temporal,Valles Centrales,Valles Centrales,Ciénega de Zimatlán,560,560,2896.22,2896.22
2024,temporal,Valles Centrales,Valles Centrales,Coatecas Altas,1151,1151,7423.83,7423.83
2024,temporal,Valles Centrales,Valles Centrales,Cuilápam de Guerrero,1650,1650,10949.27,10949.27
2024,temporal,Valles Centrales,Valles Centrales,Guadalupe Etla,150.5,150.5,601.02,601.02
2024,temporal,Valles Centrales,Valles Centrales,Heroica Ciudad de Ejutla de Crespo,4974.5,4974.5,31974.93,31974.93
2024,temporal,Valles Centrales,Valles Centrales,Heroico San Martín de los Cansecos,399.7,399.7,2480.71,2480.71
2024,temporal,Valles Centrales,Valles Centrales,La Compañía,2147,2147,13388.72,13388.72
2024,temporal,Valles Centrales,Valles Centrales,La Pe,1573.65,1573.65,8973.93,8973.93
2024,temporal,Valles Centrales,Valles Centrales,Magdalena Apasco,773,773,3224.04,3224.04
2024,temporal,Valles Centrales,Valles Centrales,Magdalena Mixtepec,238,238,1093.2,1093.2
2024,temporal,Valles Centrales,Valles Centrales,Magdalena Ocotlán,504.5,504.5,2585.48,2585.48
2024,temporal,Valles Centrales,Valles Centrales,Magdalena Teitipac,731,731,2918.11,2918.11
2024,temporal,Valles Centrales,Valles Centrales,Miahuatlán de Porfirio Díaz,7332,7332,45891.54,45891.54
2024,temporal,Valles Centrales,Valles Centrales,Monjas,737.5,737.5,4194.47,4194.47
2024,temporal,Valles Centrales,Valles Centrales,Nazareno Etla,145.5,145.5,823.82,823.82
2024,temporal,Valles Centrales,Valles Centrales,Oaxaca de Juárez,165.5,165.5,748.96,748.96
2024,temporal,Valles Centrales,Valles Centrales,Ocotlán de Morelos,2933.5,2933.5,11486.54,11486.54
2024,temporal,Valles Centrales,Valles Centrales,Reyes Etla,494,494,2084.64,2084.64
2024,temporal,Valles Centrales,Valles Centrales,Rojas de Cuauhtémoc,110,110,526.46,526.46
2024,temporal,Valles Centrales,Valles Centrales,San Agustín Amatengo,550.2,550.2,3406.51,3406.51
2024,temporal,Valles Centrales,Valles Centrales,San Agustín Etla,122,122,598.46,598.46
2024,temporal,Valles Centrales,Valles Centrales,San Agustín Yatareni,100,100,441.77,441.77
2024,temporal,Valles Centrales,Valles Centrales,San Agustín de Las Juntas,50,50,220.58,220.58
2024,temporal,Valles Centrales,Valles Centrales,San Andrés Huayápam,255.5,255.5,1057.24,1057.24
2024,temporal,Valles Centrales,Valles Centrales,San Andrés Ixtlahuaca,410,410,1877.89,1877.89
2024,temporal,Valles Centrales,Valles Centrales,San Andrés Paxtlán,375,375,2113.13,2113.13
2024,temporal,Valles Centrales,Valles Centrales,San Andrés Zabache,274.65,274.65,1749.81,1749.81
2024,temporal,Valles Centrales,Valles Centrales,San Andrés Zautla,681.5,681.5,2775.06,2775.06
2024,temporal,Valles Centrales,Valles Centrales,San Antonino Castillo Velasco,776.2,776.2,3585.92,3585.92
2024,temporal,Valles Centrales,Valles Centrales,San Antonino El Alto,413,413,1720.19,1720.19
2024,temporal,Valles Centrales,Valles Centrales,San Antonio Huitepec,1770.6,1770.6,7441.19,7441.19
2024,temporal,Valles Centrales,Valles Centrales,San Antonio de La Cal,36,36,167.16,167.16
2024,temporal,Valles Centrales,Valles Centrales,San Baltazar Chichicápam,1383,1383,7074.7,7074.7
2024,temporal,Valles Centrales,Valles Centrales,San Bartolo Coyotepec,691.5,691.5,3133.81,3133.81
2024,temporal,Valles Centrales,Valles Centrales,San Bartolomé Quialana,389,389,1909.86,1909.86
2024,temporal,Valles Centrales,Valles Centrales,San Bernardo Mixtepec,860,860,4519.58,4519.58
2024,temporal,Valles Centrales,Valles Centrales,San Cristóbal Amatlán,1387,1387,8675,8675
2024,temporal,Valles Centrales,Valles Centrales,San Dionisio Ocotepec,3415.5,3415.5,19771.05,19771.05
2024,temporal,Valles Centrales,Valles Centrales,San Dionisio Ocotlán,494.7,494.7,1934.11,1934.11
2024,temporal,Valles Centrales,Valles Centrales,San Felipe Tejalápam,977.8,977.8,4369.27,4369.27
2024,temporal,Valles Centrales,Valles Centrales,San Francisco Cahuacuá,1420,1420,7369.6,7369.6
2024,temporal,Valles Centrales,Valles Centrales,San Francisco Lachigoló,310.75,310.75,1540.83,1540.83
2024,temporal,Valles Centrales,Valles Centrales,San Francisco Logueche,331.3,331.3,2127.44,2127.44
2024,temporal,Valles Centrales,Valles Centrales,San Francisco Ozolotepec,455.7,455.7,2764.78,2764.78
2024,temporal,Valles Centrales,Valles Centrales,San Francisco Sola,390,390,2171.72,2171.72
2024,temporal,Valles Centrales,Valles Centrales,San Francisco Telixtlahuaca,693.8,693.8,2930.14,2930.14
2024,temporal,Valles Centrales,Valles Centrales,San Ildefonso Amatlán,668,668,4628.53,4628.53
2024,temporal,Valles Centrales,Valles Centrales,San Ildefonso Sola,298,298,1511.31,1511.31
2024,temporal,Valles Centrales,Valles Centrales,San Jacinto Amilpas,20,20,82.87,82.87
2024,temporal,Valles Centrales,Valles Centrales,San Jacinto Tlacotepec,885,885,4298.91,4298.91
2024,temporal,Valles Centrales,Valles Centrales,San Jerónimo Coatlán,1756.4,1756.4,10761.87,10761.87
2024,temporal,Valles Centrales,Valles Centrales,San Jerónimo Sosola,1358,1358,5589.78,5589.78
2024,temporal,Valles Centrales,Valles Centrales,San Jerónimo Taviche,486,486,2279.61,2279.61
2024,temporal,Valles Centrales,Valles Centrales,San Jerónimo Tlacochahuaya,495,495,2497.75,2497.75
2024,temporal,Valles Centrales,Valles Centrales,San José Lachiguiri,290,290,1732.6,1732.6
2024,temporal,Valles Centrales,Valles Centrales,San José del Peñasco,831.4,831.4,5287.43,5287.43
2024,temporal,Valles Centrales,Valles Centrales,San José del Progreso,2443,2443,10575.59,10575.59
2024,temporal,Valles Centrales,Valles Centrales,San Juan Bautista Atatlahuca,625,625,2714.56,2714.56
2024,temporal,Valles Centrales,Valles Centrales,San Juan Bautista Guelache,324.5,324.5,1241.94,1241.94
2024,temporal,Valles Centrales,Valles Centrales,San Juan Bautista Jayacatlán,513,513,2004.9,2004.9
2024,temporal,Valles Centrales,Valles Centrales,San Juan Chilateca,311.5,311.5,1401.73,1401.73
2024,temporal,Valles Centrales,Valles Centrales,San Juan Guelavía,417.5,417.5,1941.65,1941.65
2024,temporal,Valles Centrales,Valles Centrales,San Juan Lachigalla,589.5,589.5,3744.85,3744.85
2024,temporal,Valles Centrales,Valles Centrales,San Juan Mixtepec,340,340,2107.84,2107.84
2024,temporal,Valles Centrales,Valles Centrales,San Juan Ozolotepec,502,502,3016.4,3016.4
2024,temporal,Valles Centrales,Valles Centrales,San Juan Teitipac,335.5,335.5,1652.54,1652.54
2024,temporal,Valles Centrales,Valles Centrales,San Juan del Estado,422.5,422.5,1739.41,1739.41
2024,temporal,Valles Centrales,Valles Centrales,San Juan del Río,409,409,2069.78,2069.78
2024,temporal,Valles Centrales,Valles Centrales,San Lorenzo Albarradas,935,935,4042.88,4042.88
2024,temporal,Valles Centrales,Valles Centrales,San Lorenzo Cacaotepec,489,489,2226.32,2226.32
2024,temporal,Valles Centrales,Valles Centrales,San Lorenzo Texmelúcan,1300,1280,6313.13,6313.13
2024,temporal,Valles Centrales,Valles Centrales,San Lucas Quiaviní,425,425,2318.57,2318.57
2024,temporal,Valles Centrales,Valles Centrales,San Luis Amatlán,3550.5,3550.5,21490.41,21490.41
2024,temporal,Valles Centrales,Valles Centrales,San Marcial Ozolotepec,412,412,2530.1,2530.1
2024,temporal,Valles Centrales,Valles Centrales,San Martín Lachilá,706.3,706.3,4196.09,4196.09
2024,temporal,Valles Centrales,Valles Centrales,San Martín Tilcajete,763,763,3784.28,3784.28
2024,temporal,Valles Centrales,Valles Centrales,San Mateo Río Hondo,575.65,575.65,3634.11,3634.11
2024,temporal,Valles Centrales,Valles Centrales,San Mateo Yucutindoo,1995,1995,9741.22,9741.22
2024,temporal,Valles Centrales,Valles Centrales,San Miguel Coatlán,1233,1233,7086.39,7086.39
2024,temporal,Valles Centrales,Valles Centrales,San Miguel Ejutla,405.2,405.2,2648.97,2648.97
2024,temporal,Valles Centrales,Valles Centrales,San Miguel Mixtepec,590,590,3171.68,3171.68
2024,temporal,Valles Centrales,Valles Centrales,San Miguel Peras,858.2,858.2,3992.64,3992.64
2024,temporal,Valles Centrales,Valles Centrales,San Miguel Suchixtepec,333,333,2052.54,2052.54
2024,temporal,Valles Centrales,Valles Centrales,San Miguel Tilquiápam,382.5,382.5,1636.2,1636.2
2024,temporal,Valles Centrales,Valles Centrales,San Nicolás,555.5,555.5,3322.36,3322.36
2024,temporal,Valles Centrales,Valles Centrales,San Pablo Coatlán,1508,1508,9384.2,9384.2
2024,temporal,Valles Centrales,Valles Centrales,San Pablo Cuatro Venados,513.8,513.8,2046.97,2046.97
2024,temporal,Valles Centrales,Valles Centrales,San Pablo Etla,402,402,1645.54,1645.54
2024,temporal,Valles Centrales,Valles Centrales,San Pablo Huitzo,516.2,516.2,2406.29,2406.29
2024,temporal,Valles Centrales,Valles Centrales,San Pablo Huixtepec,1379,1379,7684.92,7684.92
2024,temporal,Valles Centrales,Valles Centrales,San Pablo Villa de Mitla,1426,1426,6378.42,6378.42
2024,temporal,Valles Centrales,Valles Centrales,San Pedro Apóstol,550.6,550.6,2274.73,2274.73
2024,temporal,Valles Centrales,Valles Centrales,San Pedro Ixtlahuaca,616.2,616.2,2685.64,2685.64
2024,temporal,Valles Centrales,Valles Centrales,San Pedro Mixtepec,290,290,1767.17,1767.17
2024,temporal,Valles Centrales,Valles Centrales,San Pedro Mártir,455.6,455.6,2030.01,2030.01
2024,temporal,Valles Centrales,Valles Centrales,San Pedro Quiatoni,2038,2038,9187.1,9187.1
2024,temporal,Valles Centrales,Valles Centrales,San Pedro Taviche,388.5,388.5,1626.12,1626.12
2024,temporal,Valles Centrales,Valles Centrales,San Pedro Totolápam,730,730,3702.15,3702.15
2024,temporal,Valles Centrales,Valles Centrales,San Raymundo Jalpan,142.5,142.5,1088.85,1088.85
2024,temporal,Valles Centrales,Valles Centrales,San Sebastián Abasolo,282.6,282.6,1483.77,1483.77
2024,temporal,Valles Centrales,Valles Centrales,San Sebastián Coatlán,1040,1040,6286.01,6286.01
2024,temporal,Valles Centrales,Valles Centrales,San Sebastián Río Hondo,868,868,5453.73,5453.73
2024,temporal,Valles Centrales,Valles Centrales,San Sebastián Teitipac,445,445,2598.75,2598.75
2024,temporal,Valles Centrales,Valles Centrales,San Sebastián Tutla,66,66,301.24,301.24
2024,temporal,Valles Centrales,Valles Centrales,San Simón Almolongas,554.5,554.5,3548.53,3548.53
2024,temporal,Valles Centrales,Valles Centrales,San Vicente Coatlán,1681,1681,10925.51,10925.51
2024,temporal,Valles Centrales,Valles Centrales,San Vicente Lachixío,1129,1129,5003.62,5003.62
2024,temporal,Valles Centrales,Valles Centrales,Santa Ana,739.5,739.5,4395.63,4395.63
2024,temporal,Valles Centrales,Valles Centrales,Santa Ana Tlapacoyan,1167,1167,5412.86,5412.86
2024,temporal,Valles Centrales,Valles Centrales,Santa Ana Zegache,1698,1698,8107.14,8107.14
2024,temporal,Valles Centrales,Valles Centrales,Santa Ana del Valle,429,429,2090.02,2090.02
2024,temporal,Valles Centrales,Valles Centrales,Santa Catarina Cuixtla,444.3,444.3,2752.17,2752.17
2024,temporal,Valles Centrales,Valles Centrales,Santa Catarina Minas,451,451,2284.88,2284.88
2024,temporal,Valles Centrales,Valles Centrales,Santa Catarina Quiané,702,702,3209.82,3209.82
2024,temporal,Valles Centrales,Valles Centrales,Santa Cruz Amilpas,17,17,72.65,72.65
2024,temporal,Valles Centrales,Valles Centrales,Santa Cruz Mixtepec,882,882,3821.13,3821.13
2024,temporal,Valles Centrales,Valles Centrales,Santa Cruz Papalutla,472,472,2324.21,2324.21
2024,temporal,Valles Centrales,Valles Centrales,Santa Cruz Xitla,790.5,790.5,4867.16,4867.16
2024,temporal,Valles Centrales,Valles Centrales,Santa Cruz Xoxocotlán,232,232,840.89,840.89
2024,temporal,Valles Centrales,Valles Centrales,Santa Cruz Zenzontepec,5484.2,5484.2,28141.18,28141.18
2024,temporal,Valles Centrales,Valles Centrales,Santa Gertrudis,2317,2317,9704.09,9704.09
2024,temporal,Valles Centrales,Valles Centrales,Santa Inés Yatzeche,242,242,963.77,963.77
2024,temporal,Valles Centrales,Valles Centrales,Santa Inés del Monte,522.5,522.5,2261.11,2261.11
2024,temporal,Valles Centrales,Valles Centrales,Santa Lucía Miahuatlán,452.3,452.3,2835.95,2835.95
2024,temporal,Valles Centrales,Valles Centrales,Santa Lucía Ocotlán,857,857,3292.37,3292.37
2024,temporal,Valles Centrales,Valles Centrales,Santa Lucía del Camino,15,15,61.75,61.75
2024,temporal,Valles Centrales,Valles Centrales,Santa María Atzompa,370,370,1563.65,1563.65
2024,temporal,Valles Centrales,Valles Centrales,Santa María Coyotepec,146.5,146.5,636.49,636.49
2024,temporal,Valles Centrales,Valles Centrales,Santa María Guelacé,226,226,1085.3,1085.3
2024,temporal,Valles Centrales,Valles Centrales,Santa María Lachixío,425,425,2056.98,2056.98
2024,temporal,Valles Centrales,Valles Centrales,Santa María Ozolotepec,660.5,660.5,3930.05,3930.05
2024,temporal,Valles Centrales,Valles Centrales,Santa María Peñoles,2726.9,2726.9,12832.05,12832.05
2024,temporal,Valles Centrales,Valles Centrales,Santa María Sola,764,764,4684.5,4684.5
2024,temporal,Valles Centrales,Valles Centrales,Santa María Zaniza,465,465,2468.62,2468.62
2024,temporal,Valles Centrales,Valles Centrales,Santa María Zoquitlán,805,805,4060.21,4060.21
2024,temporal,Valles Centrales,Valles Centrales,Santa María del Tule,343,343,1530.45,1530.45
2024,temporal,Valles Centrales,Valles Centrales,Santiago Amoltepec,3215,3215,14131.13,14131.13
2024,temporal,Valles Centrales,Valles Centrales,Santiago Apóstol,1516.25,1516.25,6350.11,6350.11
2024,temporal,Valles Centrales,Valles Centrales,Santiago Matatlán,1188,1188,5251.19,5251.19
2024,temporal,Valles Centrales,Valles Centrales,Santiago Minas,801,801,3862.77,3862.77
2024,temporal,Valles Centrales,Valles Centrales,Santiago Suchilquitongo,697,697,2848.91,2848.91
2024,temporal,Valles Centrales,Valles Centrales,Santiago Tenango,645,645,2809.58,2809.58
2024,temporal,Valles Centrales,Valles Centrales,Santiago Textitlán,1590,1558,8225.87,8225.87
2024,temporal,Valles Centrales,Valles Centrales,Santiago Tlazoyaltepec,1623.25,1623.25,6231.5,6231.5
2024,temporal,Valles Centrales,Valles Centrales,Santiago Xanica,510.5,510.5,3128.24,3128.24
2024,temporal,Valles Centrales,Valles Centrales,Santo Domingo Albarradas,657,657,2703.61,2703.61
2024,temporal,Valles Centrales,Valles Centrales,Santo Domingo Ozolotepec,303,303,1861.11,1861.11
2024,temporal,Valles Centrales,Valles Centrales,Santo Domingo Teojomulco,771,761,3950.55,3950.55
2024,temporal,Valles Centrales,Valles Centrales,Santo Domingo Tomaltepec,218.2,218.2,948.33,948.33
2024,temporal,Valles Centrales,Valles Centrales,Santo Tomás Jalieza,1283.6,1283.6,5152.46,5152.46
2024,temporal,Valles Centrales,Valles Centrales,Santo Tomás Mazaltepec,782,782,3576.19,3576.19
2024,temporal,Valles Centrales,Valles Centrales,Santo Tomás Tamazulapan,702.65,702.65,4543.13,4543.13
2024,temporal,Valles Centrales,Valles Centrales,Sitio de Xitlapehua,705,705,4439.41,4439.41
2024,temporal,Valles Centrales,Valles Centrales,Soledad Etla,322,322,1424.06,1424.06
2024,temporal,Valles Centrales,Valles Centrales,Taniche,529.8,529.8,3302.7,3302.7
2024,temporal,Valles Centrales,Valles Centrales,Teotitlán del Valle,691,691,2916.25,2916.25
2024,temporal,Valles Centrales,Valles Centrales,Tlacolula de Matamoros,2537.5,2537.5,13673.6,13673.6
2024,temporal,Valles Centrales,Valles Centrales,Tlalixtac de Cabrera,540.5,540.5,2295.45,2295.45
2024,temporal,Valles Centrales,Valles Centrales,Trinidad Zaachila,965,965,5818.49,5818.49
2024,temporal,Valles Centrales,Valles Centrales,Villa Díaz Ordaz,938.75,938.75,5110.3,5110.3
2024,temporal,Valles Centrales,Valles Centrales,Villa Sola de Vega,4694,4587,29599.43,29599.43
2024,temporal,Valles Centrales,Valles Centrales,Villa de Etla,147.6,147.6,794.59,794.59
2024,temporal,Valles Centrales,Valles Centrales,Villa de Zaachila,2240,2240,13030.35,13030.35
2024,temporal,Valles Centrales,Valles Centrales,Yaxe,740,740,4028.94,4028.94
2024,temporal,Valles Centrales,Valles Centrales,Yogana,487.5,487.5,2979.94,2979.94
2024,temporal,Valles Centrales,Valles Centrales,Zimatlán de Álvarez,4753.5,4753.5,27243.72,27243.72
2024,temporal,Valles Centrales,Valles Centrales,Ánimas Trujano,140,140,588.2,588.2
